rating,date,review,emoji_count,review_len,review_clean,tokens,year,month,year_month,quarter,weekday,weekday_name,is_weekend,clean_len,word_count,rating_group,mentions_wait,tfidf_가격,tfidf_가고,tfidf_가면,tfidf_가성비,tfidf_갔는데,tfidf_그래,tfidf_금방,tfidf_내부,tfidf_다들,tfidf_다른,tfidf_대기,tfidf_대기줄,tfidf_대전,tfidf_딸기,tfidf_딸기시루,tfidf_많고,tfidf_많아,tfidf_많아서,tfidf_많은,tfidf_많음,tfidf_많지,tfidf_말이,tfidf_맛도,tfidf_맛은,tfidf_맛있,tfidf_맛있고,tfidf_맛있네요,tfidf_맛있다,tfidf_맛있어요,tfidf_맛있었다,tfidf_맛있음,tfidf_망고시루,tfidf_매장,tfidf_먹어봤는데,tfidf_먹을,tfidf_명란,tfidf_명란바게트,tfidf_무조건,tfidf_밖에,tfidf_방문,tfidf_별로,tfidf_본점,tfidf_부추빵,tfidf_빨리,tfidf_빵도,tfidf_빵들,tfidf_빵은,tfidf_빵을,tfidf_빵이,tfidf_빵집,tfidf_사람,tfidf_사람들,tfidf_사서,tfidf_샀는데,tfidf_샌드위치,tfidf_생각,tfidf_성심당,tfidf_소금빵,tfidf_솔직히,tfidf_싸고,tfidf_없고,tfidf_없어서,tfidf_오전,tfidf_웨이팅,tfidf_유명한,tfidf_이렇게,tfidf_이유,tfidf_이정,tfidf_인기,tfidf_임산부,tfidf_입장,tfidf_있습니다,tfidf_있어서,tfidf_있음,tfidf_작은메아리,tfidf_저렴,tfidf_정신,tfidf_종류,tfidf_좋고,tfidf_좋아요,tfidf_좋은,tfidf_주말,tfidf_주차,tfidf_줄은,tfidf_줄이,tfidf_직원분들,tfidf_처음,tfidf_최고,tfidf_최애,tfidf_케익,tfidf_토요일,tfidf_튀김소보로,tfidf_튀소,tfidf_튀소구마,tfidf_특히,tfidf_평일,tfidf_하나,tfidf_하지,tfidf_했는데,tfidf_했지
5.0,2022-11-21,맛있고 저렴하다! 평일에도 사람 많음,0,20,맛있고 저렴하다 평일에도 사람 많음,맛있고 저렴하다 평일 사람 많음,2022,11,2022-11,4,0,월,0,19,5,긍정,0,0.0,0.0,0.0,0.0,0.0,0.0,0.0,0.0,0.0,0.0,0.0,0.0,0.0,0.0,0.0,0.0,0.0,0.0,0.0,0.6294179310477394,0.0,0.0,0.0,0.0,0.0,0.4915998290726612,0.0,0.0,0.0,0.0,0.0,0.0,0.0,0.0,0.0,0.0,0.0,0.0,0.0,0.0,0.0,0.0,0.0,0.0,0.0,0.0,0.0,0.0,0.0,0.0,0.3651201764566897,0.0,0.0,0.0,0.0,0.0,0.0,0.0,0.0,0.0,0.0,0.0,0.0,0.0,0.0,0.0,0.0,0.0,0.0,0.0,0.0,0.0,0.0,0.0,0.0,0.0,0.0,0.0,0.0,0.0,0.0,0.0,0.0,0.0,0.0,0.0,0.0,0.0,0.0,0.0,0.0,0.0,0.0,0.0,0.0,0.4783826218369029,0.0,0.0,0.0,0.0
5.0,2022-12-22,"대전의 심장이라는 말이 과언이 아닌게, 대전 시내 가면 모두가 똑같은 종이 가방을 들고 다니는 모습을 볼 수 있습니다 ㅋㅋㅋㅋ",0,70,대전의 심장이라는 말이 과언이 아닌게 대전 시내 가면 모두가 똑같은 종이 가방을 들고 다니는 모습을 볼 수 있습니다,대전 심장이라 말이 과언 아닌게 대전 시내 가면 모두 똑같 종이 가방 들고 다니 모습 있습니다,2022,12,2022-12,4,3,목,0,64,16,긍정,0,0.0,0.0,0.45327502677157333,0.0,0.0,0.0,0.0,0.0,0.0,0.0,0.0,0.0,0.5453367831608731,0.0,0.0,0.0,0.0,0.0,0.0,0.0,0.0,0.4921331258986842,0.0,0.0,0.0,0.0,0.0,0.0,0.0,0.0,0.0,0.0,0.0,0.0,0.0,0.0,0.0,0.0,0.0,0.0,0.0,0.0,0.0,0.0,0.0,0.0,0.0,0.0,0.0,0.0,0.0,0.0,0.0,0.0,0.0,0.0,0.0,0.0,0.0,0.0,0.0,0.0,0.0,0.0,0.0,0.0,0.0,0.0,0.0,0.0,0.0,0.5049302223378694,0.0,0.0,0.0,0.0,0.0,0.0,0.0,0.0,0.0,0.0,0.0,0.0,0.0,0.0,0.0,0.0,0.0,0.0,0.0,0.0,0.0,0.0,0.0,0.0,0.0,0.0,0.0,0.0
5.0,2022-12-27,소굼빵이 1200원이라길래 몇개 집어 봤어요,0,24,소굼빵이 1200원이라길래 몇개 집어 봤어요,소굼빵 1200원이라길래 몇개 집어 봤어요,2022,12,2022-12,4,1,화,0,24,5,긍정,0,0.0,0.0,0.0,0.0,0.0,0.0,0.0,0.0,0.0,0.0,0.0,0.0,0.0,0.0,0.0,0.0,0.0,0.0,0.0,0.0,0.0,0.0,0.0,0.0,0.0,0.0,0.0,0.0,0.0,0.0,0.0,0.0,0.0,0.0,0.0,0.0,0.0,0.0,0.0,0.0,0.0,0.0,0.0,0.0,0.0,0.0,0.0,0.0,0.0,0.0,0.0,0.0,0.0,0.0,0.0,0.0,0.0,0.0,0.0,0.0,0.0,0.0,0.0,0.0,0.0,0.0,0.0,0.0,0.0,0.0,0.0,0.0,0.0,0.0,0.0,0.0,0.0,0.0,0.0,0.0,0.0,0.0,0.0,0.0,0.0,0.0,0.0,0.0,0.0,0.0,0.0,0.0,0.0,0.0,0.0,0.0,0.0,0.0,0.0,0.0
5.0,2022-12-31,맛없는 빵이 하나도 없음 진짜ㅠ 특히 샌드위치는 꼭 하나씩 집으시길,0,37,맛없는 빵이 하나도 없음 진짜 특히 샌드위치는 꼭 하나씩 집으시길,맛없 빵이 하나 없음 특히 샌드위치 하나씩 집으시길,2022,12,2022-12,4,5,토,1,36,8,긍정,0,0.0,0.0,0.0,0.0,0.0,0.0,0.0,0.0,0.0,0.0,0.0,0.0,0.0,0.0,0.0,0.0,0.0,0.0,0.0,0.0,0.0,0.0,0.0,0.0,0.0,0.0,0.0,0.0,0.0,0.0,0.0,0.0,0.0,0.0,0.0,0.0,0.0,0.0,0.0,0.0,0.0,0.0,0.0,0.0,0.0,0.0,0.0,0.0,0.43151932340850396,0.0,0.0,0.0,0.0,0.0,0.5071178393768099,0.0,0.0,0.0,0.0,0.0,0.0,0.0,0.0,0.0,0.0,0.0,0.0,0.0,0.0,0.0,0.0,0.0,0.0,0.0,0.0,0.0,0.0,0.0,0.0,0.0,0.0,0.0,0.0,0.0,0.0,0.0,0.0,0.0,0.0,0.0,0.0,0.0,0.0,0.0,0.5071178393768099,0.0,0.5472239646585838,0.0,0.0,0.0
5.0,2023-01-13,맛있는데 최고의 맛까지 아닙니다만 가격대비생각하면 최고맞아영,0,33,맛있는데 최고의 맛까지 아닙니다만 가격대비생각하면 최고맞아영,맛있는데 최고 아닙니다 가격대비생각하면 최고맞아영,2023,1,2023-01,1,4,금,0,33,5,긍정,0,0.0,0.0,0.0,0.0,0.0,0.0,0.0,0.0,0.0,0.0,0.0,0.0,0.0,0.0,0.0,0.0,0.0,0.0,0.0,0.0,0.0,0.0,0.0,0.0,0.0,0.0,0.0,0.0,0.0,0.0,0.0,0.0,0.0,0.0,0.0,0.0,0.0,0.0,0.0,0.0,0.0,0.0,0.0,0.0,0.0,0.0,0.0,0.0,0.0,0.0,0.0,0.0,0.0,0.0,0.0,0.0,0.0,0.0,0.0,0.0,0.0,0.0,0.0,0.0,0.0,0.0,0.0,0.0,0.0,0.0,0.0,0.0,0.0,0.0,0.0,0.0,0.0,0.0,0.0,0.0,0.0,0.0,0.0,0.0,0.0,0.0,0.0,1.0,0.0,0.0,0.0,0.0,0.0,0.0,0.0,0.0,0.0,0.0,0.0,0.0
5.0,2023-01-14,성심당 너무 맛있어요ㅠㅠㅠㅠ,0,15,성심당 너무 맛있어요,성심당 맛있어요,2023,1,2023-01,1,5,토,1,11,2,긍정,0,0.0,0.0,0.0,0.0,0.0,0.0,0.0,0.0,0.0,0.0,0.0,0.0,0.0,0.0,0.0,0.0,0.0,0.0,0.0,0.0,0.0,0.0,0.0,0.0,0.0,0.0,0.0,0.0,0.8077994062291927,0.0,0.0,0.0,0.0,0.0,0.0,0.0,0.0,0.0,0.0,0.0,0.0,0.0,0.0,0.0,0.0,0.0,0.0,0.0,0.0,0.0,0.0,0.0,0.0,0.0,0.0,0.0,0.5894574787851653,0.0,0.0,0.0,0.0,0.0,0.0,0.0,0.0,0.0,0.0,0.0,0.0,0.0,0.0,0.0,0.0,0.0,0.0,0.0,0.0,0.0,0.0,0.0,0.0,0.0,0.0,0.0,0.0,0.0,0.0,0.0,0.0,0.0,0.0,0.0,0.0,0.0,0.0,0.0,0.0,0.0,0.0,0.0
5.0,2023-01-19,"참치고로케랑 감자인줄 등등 다 맛있었음
작은메아리가 최애. 소금빵도 좋고 튀소 튀구 딸기롤 호두타르트 다 맛있었음",0,63,참치고로케랑 감자인줄 등등 다 맛있었음 작은메아리가 최애 소금빵도 좋고 튀소 튀구 딸기롤 호두타르트 다 맛있었음,참치고로케 감자인줄 등등 맛있었음 작은메아리 최애 소금빵 좋고 튀소 튀구 딸기롤 호두타르트 맛있었음,2023,1,2023-01,1,3,목,0,62,13,긍정,0,0.0,0.0,0.0,0.0,0.0,0.0,0.0,0.0,0.0,0.0,0.0,0.0,0.0,0.0,0.0,0.0,0.0,0.0,0.0,0.0,0.0,0.0,0.0,0.0,0.0,0.0,0.0,0.0,0.0,0.0,0.0,0.0,0.0,0.0,0.0,0.0,0.0,0.0,0.0,0.0,0.0,0.0,0.0,0.0,0.0,0.0,0.0,0.0,0.0,0.0,0.0,0.0,0.0,0.0,0.0,0.0,0.0,0.4650025043784668,0.0,0.0,0.0,0.0,0.0,0.0,0.0,0.0,0.0,0.0,0.0,0.0,0.0,0.0,0.0,0.0,0.47591843422982133,0.0,0.0,0.0,0.41167874166721546,0.0,0.0,0.0,0.0,0.0,0.0,0.0,0.0,0.0,0.4882938948105401,0.0,0.0,0.0,0.386476391040954,0.0,0.0,0.0,0.0,0.0,0.0,0.0
5.0,2023-02-12,사람이 많아서 정신 없고 줄 서서 들어가야 하지만 가성비도 좋고 맛있었다!! 특히 앙버터샌드같은거 추천!!,0,59,사람이 많아서 정신 없고 줄 서서 들어가야 하지만 가성비도 좋고 맛있었다 특히 앙버터샌드같은거 추천,사람 많아서 정신 없고 서서 들어가야 하지 가성비 좋고 맛있었다 특히 앙버터샌드같은거 추천,2023,2,2023-02,1,6,일,1,55,13,긍정,1,0.0,0.0,0.0,0.26404163285553245,0.0,0.0,0.0,0.0,0.0,0.0,0.0,0.0,0.0,0.0,0.0,0.0,0.0,0.30661187363705733,0.0,0.0,0.0,0.0,0.0,0.0,0.0,0.0,0.0,0.0,0.0,0.3818304775348715,0.0,0.0,0.0,0.0,0.0,0.0,0.0,0.0,0.0,0.0,0.0,0.0,0.0,0.0,0.0,0.0,0.0,0.0,0.0,0.0,0.21641635442360116,0.0,0.0,0.0,0.0,0.0,0.0,0.0,0.0,0.0,0.3818304775348715,0.0,0.0,0.0,0.0,0.0,0.0,0.0,0.0,0.0,0.0,0.0,0.0,0.0,0.0,0.0,0.3917593386240555,0.0,0.33029082131716714,0.0,0.0,0.0,0.0,0.0,0.0,0.0,0.0,0.0,0.0,0.0,0.0,0.0,0.0,0.0,0.34573005526065387,0.0,0.0,0.34021968240635103,0.0,0.0
3.0,2023-02-16,가격은 진짜 저렴한데 맛은 기대보다 별로였어요,0,25,가격은 진짜 저렴한데 맛은 기대보다 별로였어요,가격 저렴한데 맛은 기대 별로였어요,2023,2,2023-02,1,3,목,0,25,5,중립,0,0.5486400897490925,0.0,0.0,0.0,0.0,0.0,0.0,0.0,0.0,0.0,0.0,0.0,0.0,0.0,0.0,0.0,0.0,0.0,0.0,0.0,0.0,0.0,0.0,0.836058641436178,0.0,0.0,0.0,0.0,0.0,0.0,0.0,0.0,0.0,0.0,0.0,0.0,0.0,0.0,0.0,0.0,0.0,0.0,0.0,0.0,0.0,0.0,0.0,0.0,0.0,0.0,0.0,0.0,0.0,0.0,0.0,0.0,0.0,0.0,0.0,0.0,0.0,0.0,0.0,0.0,0.0,0.0,0.0,0.0,0.0,0.0,0.0,0.0,0.0,0.0,0.0,0.0,0.0,0.0,0.0,0.0,0.0,0.0,0.0,0.0,0.0,0.0,0.0,0.0,0.0,0.0,0.0,0.0,0.0,0.0,0.0,0.0,0.0,0.0,0.0,0.0
5.0,2023-02-27,"튀소구마 진짜맛있음 부추빵은 무난무난
근데 가격이 ...",0,31,튀소구마 진짜맛있음 부추빵은 무난무난 근데 가격이,튀소구마 진짜맛있음 부추빵 무난무난 가격,2023,2,2023-02,1,0,월,0,27,5,긍정,0,0.4223493882571528,0.0,0.0,0.0,0.0,0.0,0.0,0.0,0.0,0.0,0.0,0.0,0.0,0.0,0.0,0.0,0.0,0.0,0.0,0.0,0.0,0.0,0.0,0.0,0.0,0.0,0.0,0.0,0.0,0.0,0.0,0.0,0.0,0.0,0.0,0.0,0.0,0.0,0.0,0.0,0.0,0.0,0.596210646452915,0.0,0.0,0.0,0.0,0.0,0.0,0.0,0.0,0.0,0.0,0.0,0.0,0.0,0.0,0.0,0.0,0.0,0.0,0.0,0.0,0.0,0.0,0.0,0.0,0.0,0.0,0.0,0.0,0.0,0.0,0.0,0.0,0.0,0.0,0.0,0.0,0.0,0.0,0.0,0.0,0.0,0.0,0.0,0.0,0.0,0.0,0.0,0.0,0.0,0.0,0.6827546113319235,0.0,0.0,0.0,0.0,0.0,0.0
5.0,2023-03-11,빵도 다른 빵집에 비해 저렴하고 맛나요 다만 요즘 인기가 늘어서 웨이팅이 굉장히 길어졌다는 점.. 케이크부띠크 줄이 비교적 짧습니당,0,73,빵도 다른 빵집에 비해 저렴하고 맛나요 다만 요즘 인기가 늘어서 웨이팅이 굉장히 길어졌다는 점 케이크부띠크 줄이 비교적 짧습니당,빵도 다른 빵집 비해 저렴 맛나요 다만 요즘 인기 늘어서 웨이팅 굉장히 길어졌다 케이크부띠크 줄이 비교적 짧습니당,2023,3,2023-03,1,5,토,1,71,17,긍정,1,0.0,0.0,0.0,0.0,0.0,0.0,0.0,0.0,0.0,0.3890544765991861,0.0,0.0,0.0,0.0,0.0,0.0,0.0,0.0,0.0,0.0,0.0,0.0,0.0,0.0,0.0,0.0,0.0,0.0,0.0,0.0,0.0,0.0,0.0,0.0,0.0,0.0,0.0,0.0,0.0,0.0,0.0,0.0,0.0,0.0,0.36317152541176756,0.0,0.0,0.0,0.0,0.3401450261462118,0.0,0.0,0.0,0.0,0.0,0.0,0.0,0.0,0.0,0.0,0.0,0.0,0.0,0.326691554616493,0.0,0.0,0.0,0.0,0.47402832815580676,0.0,0.0,0.0,0.0,0.0,0.0,0.38419001202879666,0.0,0.0,0.0,0.0,0.0,0.0,0.0,0.0,0.3493024841904205,0.0,0.0,0.0,0.0,0.0,0.0,0.0,0.0,0.0,0.0,0.0,0.0,0.0,0.0,0.0
5.0,2023-03-11,"이번 딸기철은 성심당덕에 풍요로웠다.......
대전시민의 자부심 ㅜ 타르트 진짜 맛있어요

근데...",0,57,이번 딸기철은 성심당덕에 풍요로웠다 대전시민의 자부심 타르트 진짜 맛있어요 근데,이번 딸기철 성심당덕 풍요로웠다 대전시민 자부심 타르트 맛있어요,2023,3,2023-03,1,5,토,1,44,8,긍정,0,0.0,0.0,0.0,0.0,0.0,0.0,0.0,0.0,0.0,0.0,0.0,0.0,0.0,0.0,0.0,0.0,0.0,0.0,0.0,0.0,0.0,0.0,0.0,0.0,0.0,0.0,0.0,0.0,1.0,0.0,0.0,0.0,0.0,0.0,0.0,0.0,0.0,0.0,0.0,0.0,0.0,0.0,0.0,0.0,0.0,0.0,0.0,0.0,0.0,0.0,0.0,0.0,0.0,0.0,0.0,0.0,0.0,0.0,0.0,0.0,0.0,0.0,0.0,0.0,0.0,0.0,0.0,0.0,0.0,0.0,0.0,0.0,0.0,0.0,0.0,0.0,0.0,0.0,0.0,0.0,0.0,0.0,0.0,0.0,0.0,0.0,0.0,0.0,0.0,0.0,0.0,0.0,0.0,0.0,0.0,0.0,0.0,0.0,0.0,0.0
5.0,2023-03-12,두말하면 입아픈,0,8,두말하면 입아픈,두말하면 입아픈,2023,3,2023-03,1,6,일,1,8,2,긍정,0,0.0,0.0,0.0,0.0,0.0,0.0,0.0,0.0,0.0,0.0,0.0,0.0,0.0,0.0,0.0,0.0,0.0,0.0,0.0,0.0,0.0,0.0,0.0,0.0,0.0,0.0,0.0,0.0,0.0,0.0,0.0,0.0,0.0,0.0,0.0,0.0,0.0,0.0,0.0,0.0,0.0,0.0,0.0,0.0,0.0,0.0,0.0,0.0,0.0,0.0,0.0,0.0,0.0,0.0,0.0,0.0,0.0,0.0,0.0,0.0,0.0,0.0,0.0,0.0,0.0,0.0,0.0,0.0,0.0,0.0,0.0,0.0,0.0,0.0,0.0,0.0,0.0,0.0,0.0,0.0,0.0,0.0,0.0,0.0,0.0,0.0,0.0,0.0,0.0,0.0,0.0,0.0,0.0,0.0,0.0,0.0,0.0,0.0,0.0,0.0
5.0,2023-03-13,"사람 반 ,, 빵 반 ,,
대전의 유잼 스팟답게 사람이 너무 많았지만 은근 회전도 빠르고 빵도 맛있고 가격도 저렴함
초코튀소를 못 사서 미련 뚝뚝 ..은 핑계고 다음에 또 갈 거임",0,100,사람 반 빵 반 대전의 유잼 스팟답게 사람이 너무 많았지만 은근 회전도 빠르고 빵도 맛있고 가격도 저렴함 초코튀소를 못 사서 미련 뚝뚝 은 핑계고 다음에 또 갈 거임,사람 대전 유잼 스팟답게 사람 많았지 은근 회전 빠르고 빵도 맛있고 가격 저렴함 초코튀소 사서 미련 뚝뚝 핑계고 다음 거임,2023,3,2023-03,1,0,월,0,92,20,긍정,0,0.2945630836820144,0.0,0.0,0.0,0.0,0.0,0.0,0.0,0.0,0.0,0.0,0.0,0.2700228538803525,0.0,0.0,0.0,0.0,0.0,0.0,0.0,0.0,0.0,0.0,0.0,0.0,0.3719150066805659,0.0,0.0,0.0,0.0,0.0,0.0,0.0,0.0,0.0,0.0,0.0,0.0,0.0,0.0,0.0,0.0,0.0,0.0,0.3830933265913134,0.0,0.0,0.0,0.0,0.0,0.55245614353551,0.0,0.5000311875382579,0.0,0.0,0.0,0.0,0.0,0.0,0.0,0.0,0.0,0.0,0.0,0.0,0.0,0.0,0.0,0.0,0.0,0.0,0.0,0.0,0.0,0.0,0.0,0.0,0.0,0.0,0.0,0.0,0.0,0.0,0.0,0.0,0.0,0.0,0.0,0.0,0.0,0.0,0.0,0.0,0.0,0.0,0.0,0.0,0.0,0.0,0.0
5.0,2023-03-27,왜 성심당인지 알 것 같음. 살면서 먹어본 빵들 중에 손에 꼽을 정도로 맛있고 빵 15개 6만원어치 샀는데 실패한 빵이 없음 특히 샌드위치 상대적으로 비싼 것 같지만 프랜차이즈 빵집 비교하면 이정도 퀄에 그 가...,0,120,왜 성심당인지 알 것 같음 살면서 먹어본 빵들 중에 손에 꼽을 정도로 맛있고 빵 15개 6만원어치 샀는데 실패한 빵이 없음 특히 샌드위치 상대적으로 비싼 것 같지만 프랜차이즈 빵집 비교하면 이정도 퀄에 그 가,성심당인지 같음 살면서 먹어본 빵들 중에 손에 꼽을 맛있고 15개 6만원어치 샀는데 실패한 빵이 없음 특히 샌드위치 상대적 비싼 같지 프랜차이즈 빵집 비교하면 이정 퀄에,2023,3,2023-03,1,0,월,0,116,25,긍정,0,0.0,0.0,0.0,0.0,0.0,0.0,0.0,0.0,0.0,0.0,0.0,0.0,0.0,0.0,0.0,0.0,0.0,0.0,0.0,0.0,0.0,0.0,0.0,0.0,0.0,0.3084875637308919,0.0,0.0,0.0,0.0,0.0,0.0,0.0,0.0,0.0,0.0,0.0,0.0,0.0,0.0,0.0,0.0,0.0,0.0,0.0,0.34040597283409335,0.0,0.0,0.3114585005739313,0.2976123023749871,0.0,0.0,0.0,0.4042427910404963,0.3660233813378293,0.0,0.0,0.0,0.0,0.0,0.0,0.0,0.0,0.0,0.0,0.0,0.0,0.414754446748175,0.0,0.0,0.0,0.0,0.0,0.0,0.0,0.0,0.0,0.0,0.0,0.0,0.0,0.0,0.0,0.0,0.0,0.0,0.0,0.0,0.0,0.0,0.0,0.0,0.0,0.0,0.3660233813378293,0.0,0.0,0.0,0.0,0.0
4.0,2023-04-01,빵 맛있고 역 근처라 좋습니다. 그런데 평일인데 사람이 너무 많고 빵을 거의 지켜야(?)하는 수준입니다. ㅠㅠㅠㅠ 종류는 많구 시즌별로 빵 많습니다.,0,83,빵 맛있고 역 근처라 좋습니다 그런데 평일인데 사람이 너무 많고 빵을 거의 지켜야 하는 수준입니다 종류는 많구 시즌별로 빵 많습니다,맛있고 근처라 좋습니다 평일인데 사람 많고 빵을 거의 지켜야 수준입니다 종류 많구 시즌별 많습니다,2023,4,2023-04,2,5,토,1,73,14,긍정,0,0.0,0.0,0.0,0.0,0.0,0.0,0.0,0.0,0.0,0.0,0.0,0.0,0.0,0.0,0.0,0.4889203708258819,0.0,0.0,0.0,0.0,0.0,0.0,0.0,0.0,0.0,0.44307640315109825,0.0,0.0,0.0,0.0,0.0,0.0,0.0,0.0,0.0,0.0,0.0,0.0,0.0,0.0,0.0,0.0,0.0,0.0,0.0,0.0,0.0,0.45177801374966337,0.0,0.0,0.3290809413166272,0.0,0.0,0.0,0.0,0.0,0.0,0.0,0.0,0.0,0.0,0.0,0.0,0.0,0.0,0.0,0.0,0.0,0.0,0.0,0.0,0.0,0.0,0.0,0.0,0.0,0.0,0.5022375257950555,0.0,0.0,0.0,0.0,0.0,0.0,0.0,0.0,0.0,0.0,0.0,0.0,0.0,0.0,0.0,0.0,0.0,0.0,0.0,0.0,0.0,0.0
4.0,2023-04-09,주말에 웨이팅있고 사람넘많지만 소금빵 못잃어..,0,26,주말에 웨이팅있고 사람넘많지만 소금빵 못잃어,주말 웨이팅있고 사람넘많지 소금빵 못잃어,2023,4,2023-04,2,6,일,1,24,5,긍정,1,0.0,0.0,0.0,0.0,0.0,0.0,0.0,0.0,0.0,0.0,0.0,0.0,0.0,0.0,0.0,0.0,0.0,0.0,0.0,0.0,0.0,0.0,0.0,0.0,0.0,0.0,0.0,0.0,0.0,0.0,0.0,0.0,0.0,0.0,0.0,0.0,0.0,0.0,0.0,0.0,0.0,0.0,0.0,0.0,0.0,0.0,0.0,0.0,0.0,0.0,0.0,0.0,0.0,0.0,0.0,0.0,0.0,0.7615352331627531,0.0,0.0,0.0,0.0,0.0,0.0,0.0,0.0,0.0,0.0,0.0,0.0,0.0,0.0,0.0,0.0,0.0,0.0,0.0,0.0,0.0,0.0,0.0,0.6481235134229827,0.0,0.0,0.0,0.0,0.0,0.0,0.0,0.0,0.0,0.0,0.0,0.0,0.0,0.0,0.0,0.0,0.0,0.0
5.0,2023-04-17,멍멍멍멍멍멍멍멍멍멍멍멍멍멍멍멍멍멍멍멍멍멍멍멍멍멍멍멍멍멍멍멍멍멍멍멍멍멍멍멍멍멍멍멍멍멍멍멍멍멍멍멍멍멍멍멍멍멍멍멍멍멍멍멍멍멍멍멍멍멍멍멍멍멍멍멍멍멍멍멍멍멍멍멍멍멍멍멍멍멍,0,90,멍멍멍멍멍멍멍멍멍멍멍멍멍멍멍멍멍멍멍멍멍멍멍멍멍멍멍멍멍멍멍멍멍멍멍멍멍멍멍멍멍멍멍멍멍멍멍멍멍멍멍멍멍멍멍멍멍멍멍멍멍멍멍멍멍멍멍멍멍멍멍멍멍멍멍멍멍멍멍멍멍멍멍멍멍멍멍멍멍멍,멍멍멍멍멍멍멍멍멍멍멍멍멍멍멍멍멍멍멍멍멍멍멍멍멍멍멍멍멍멍멍멍멍멍멍멍멍멍멍멍멍멍멍멍멍멍멍멍멍멍멍멍멍멍멍멍멍멍멍멍멍멍멍멍멍멍멍멍멍멍멍멍멍멍멍멍멍멍멍멍멍멍멍멍멍멍멍멍멍멍,2023,4,2023-04,2,0,월,0,90,1,긍정,0,0.0,0.0,0.0,0.0,0.0,0.0,0.0,0.0,0.0,0.0,0.0,0.0,0.0,0.0,0.0,0.0,0.0,0.0,0.0,0.0,0.0,0.0,0.0,0.0,0.0,0.0,0.0,0.0,0.0,0.0,0.0,0.0,0.0,0.0,0.0,0.0,0.0,0.0,0.0,0.0,0.0,0.0,0.0,0.0,0.0,0.0,0.0,0.0,0.0,0.0,0.0,0.0,0.0,0.0,0.0,0.0,0.0,0.0,0.0,0.0,0.0,0.0,0.0,0.0,0.0,0.0,0.0,0.0,0.0,0.0,0.0,0.0,0.0,0.0,0.0,0.0,0.0,0.0,0.0,0.0,0.0,0.0,0.0,0.0,0.0,0.0,0.0,0.0,0.0,0.0,0.0,0.0,0.0,0.0,0.0,0.0,0.0,0.0,0.0,0.0
4.0,2023-04-18,"대전의 최고 아웃풋 성심당
굉장히 맛있고 가격도 착함
주말엔 사람이 많아서 ,, 안가는거 추천",0,52,대전의 최고 아웃풋 성심당 굉장히 맛있고 가격도 착함 주말엔 사람이 많아서 안가는거 추천,대전 최고 아웃풋 성심당 굉장히 맛있고 가격 착함 주말엔 사람 많아서 안가는거 추천,2023,4,2023-04,2,1,화,0,49,13,긍정,0,0.33829506312294705,0.0,0.0,0.0,0.0,0.0,0.0,0.0,0.0,0.0,0.0,0.0,0.3101114954944699,0.0,0.0,0.0,0.0,0.4494527542968228,0.0,0.0,0.0,0.0,0.0,0.0,0.0,0.4271309530327799,0.0,0.0,0.0,0.0,0.0,0.0,0.0,0.0,0.0,0.0,0.0,0.0,0.0,0.0,0.0,0.0,0.0,0.0,0.0,0.0,0.0,0.0,0.0,0.0,0.3172379641295436,0.0,0.0,0.0,0.0,0.0,0.2866206873104991,0.0,0.0,0.0,0.0,0.0,0.0,0.0,0.0,0.0,0.0,0.0,0.0,0.0,0.0,0.0,0.0,0.0,0.0,0.0,0.0,0.0,0.0,0.0,0.0,0.0,0.0,0.0,0.0,0.0,0.0,0.47132508628942427,0.0,0.0,0.0,0.0,0.0,0.0,0.0,0.0,0.0,0.0,0.0,0.0
5.0,2023-05-03,레전드 맛있음 주차가능한데 1시간밖에 안줬어여,0,25,레전드 맛있음 주차가능한데 1시간밖에 안줬어여,레전드 맛있음 주차가능한데 1시간밖 안줬어여,2023,5,2023-05,2,2,수,0,25,5,긍정,0,0.0,0.0,0.0,0.0,0.0,0.0,0.0,0.0,0.0,0.0,0.0,0.0,0.0,0.0,0.0,0.0,0.0,0.0,0.0,0.0,0.0,0.0,0.0,0.0,0.0,0.0,0.0,0.0,0.0,0.0,1.0,0.0,0.0,0.0,0.0,0.0,0.0,0.0,0.0,0.0,0.0,0.0,0.0,0.0,0.0,0.0,0.0,0.0,0.0,0.0,0.0,0.0,0.0,0.0,0.0,0.0,0.0,0.0,0.0,0.0,0.0,0.0,0.0,0.0,0.0,0.0,0.0,0.0,0.0,0.0,0.0,0.0,0.0,0.0,0.0,0.0,0.0,0.0,0.0,0.0,0.0,0.0,0.0,0.0,0.0,0.0,0.0,0.0,0.0,0.0,0.0,0.0,0.0,0.0,0.0,0.0,0.0,0.0,0.0,0.0
5.0,2023-05-03,3번이나 갔는데 저는 역시 본점 황금식빵이 너무 좋네요..! 이번에는 사람이 너무 많아서 못샀지만ㅠㅠ,0,56,3번이나 갔는데 저는 역시 본점 황금식빵이 너무 좋네요 이번에는 사람이 너무 많아서 못샀지만,3번 갔는데 본점 황금식빵 좋네요 이번 사람 많아서 못샀지,2023,5,2023-05,2,2,수,0,51,9,긍정,0,0.0,0.0,0.0,0.0,0.5626053778808939,0.0,0.0,0.0,0.0,0.0,0.0,0.0,0.0,0.0,0.0,0.0,0.0,0.5070297162417354,0.0,0.0,0.0,0.0,0.0,0.0,0.0,0.0,0.0,0.0,0.0,0.0,0.0,0.0,0.0,0.0,0.0,0.0,0.0,0.0,0.0,0.0,0.0,0.5461864846366888,0.0,0.0,0.0,0.0,0.0,0.0,0.0,0.0,0.35787760425533427,0.0,0.0,0.0,0.0,0.0,0.0,0.0,0.0,0.0,0.0,0.0,0.0,0.0,0.0,0.0,0.0,0.0,0.0,0.0,0.0,0.0,0.0,0.0,0.0,0.0,0.0,0.0,0.0,0.0,0.0,0.0,0.0,0.0,0.0,0.0,0.0,0.0,0.0,0.0,0.0,0.0,0.0,0.0,0.0,0.0,0.0,0.0,0.0,0.0
5.0,2023-05-03,싸고 넘 맛있어요!!,0,11,싸고 넘 맛있어요,싸고 맛있어요,2023,5,2023-05,2,2,수,0,9,2,긍정,0,0.0,0.0,0.0,0.0,0.0,0.0,0.0,0.0,0.0,0.0,0.0,0.0,0.0,0.0,0.0,0.0,0.0,0.0,0.0,0.0,0.0,0.0,0.0,0.0,0.0,0.0,0.0,0.0,0.5833633821952758,0.0,0.0,0.0,0.0,0.0,0.0,0.0,0.0,0.0,0.0,0.0,0.0,0.0,0.0,0.0,0.0,0.0,0.0,0.0,0.0,0.0,0.0,0.0,0.0,0.0,0.0,0.0,0.0,0.0,0.0,0.8122112805875628,0.0,0.0,0.0,0.0,0.0,0.0,0.0,0.0,0.0,0.0,0.0,0.0,0.0,0.0,0.0,0.0,0.0,0.0,0.0,0.0,0.0,0.0,0.0,0.0,0.0,0.0,0.0,0.0,0.0,0.0,0.0,0.0,0.0,0.0,0.0,0.0,0.0,0.0,0.0,0.0
5.0,2023-05-04,사람 댕많.. ㅎㅎ 사랑 많이받은 건강한 빵 같긴했어용,0,30,사람 댕많 사랑 많이받은 건강한 빵 같긴했어용,사람 댕많 사랑 많이받 건강한 같긴했어용,2023,5,2023-05,2,3,목,0,25,6,긍정,0,0.0,0.0,0.0,0.0,0.0,0.0,0.0,0.0,0.0,0.0,0.0,0.0,0.0,0.0,0.0,0.0,0.0,0.0,0.0,0.0,0.0,0.0,0.0,0.0,0.0,0.0,0.0,0.0,0.0,0.0,0.0,0.0,0.0,0.0,0.0,0.0,0.0,0.0,0.0,0.0,0.0,0.0,0.0,0.0,0.0,0.0,0.0,0.0,0.0,0.0,1.0,0.0,0.0,0.0,0.0,0.0,0.0,0.0,0.0,0.0,0.0,0.0,0.0,0.0,0.0,0.0,0.0,0.0,0.0,0.0,0.0,0.0,0.0,0.0,0.0,0.0,0.0,0.0,0.0,0.0,0.0,0.0,0.0,0.0,0.0,0.0,0.0,0.0,0.0,0.0,0.0,0.0,0.0,0.0,0.0,0.0,0.0,0.0,0.0,0.0
5.0,2023-05-05,사람 진짜 진짜 많은데 그래도 줄이 금방 빠지는편이에요 샌드위치류랑 명란바게트 사려면 또 따로 줄서야해요 그래도 이렇게 다해서 5만원도 안나오고 다 맛있어서 재방문의사 100%있습니다ㅎㅎ 대전분들 부러워요,0,114,사람 진짜 진짜 많은데 그래도 줄이 금방 빠지는편이에요 샌드위치류랑 명란바게트 사려면 또 따로 줄서야해요 그래도 이렇게 다해서 5만원도 안나오고 다 맛있어서 재방문의사 100 있습니다 대전분들 부러워요,사람 많은데 그래 줄이 금방 빠지는편이에요 샌드위치류 명란바게트 사려면 따로 줄서야해요 그래 이렇게 다해서 5만원 안나오고 맛있어서 재방문의사 100 있습니다 대전분들 부러워요,2023,5,2023-05,2,4,금,0,112,22,긍정,1,0.0,0.0,0.0,0.0,0.0,0.6697999937998139,0.3232849360770593,0.0,0.0,0.0,0.0,0.0,0.0,0.0,0.0,0.0,0.0,0.0,0.0,0.0,0.0,0.0,0.0,0.0,0.0,0.0,0.0,0.0,0.0,0.0,0.0,0.0,0.0,0.0,0.0,0.0,0.286706343463522,0.0,0.0,0.0,0.0,0.0,0.0,0.0,0.0,0.0,0.0,0.0,0.0,0.0,0.2023664018828694,0.0,0.0,0.0,0.0,0.0,0.0,0.0,0.0,0.0,0.0,0.0,0.0,0.0,0.0,0.3415267940697931,0.0,0.0,0.0,0.0,0.0,0.3663259552288115,0.0,0.0,0.0,0.0,0.0,0.0,0.0,0.0,0.0,0.0,0.0,0.0,0.2699386483560416,0.0,0.0,0.0,0.0,0.0,0.0,0.0,0.0,0.0,0.0,0.0,0.0,0.0,0.0,0.0
5.0,2023-05-06,딸기시루 넌 내거야,0,10,딸기시루 넌 내거야,딸기시루 내거야,2023,5,2023-05,2,5,토,1,10,2,긍정,0,0.0,0.0,0.0,0.0,0.0,0.0,0.0,0.0,0.0,0.0,0.0,0.0,0.0,0.0,1.0,0.0,0.0,0.0,0.0,0.0,0.0,0.0,0.0,0.0,0.0,0.0,0.0,0.0,0.0,0.0,0.0,0.0,0.0,0.0,0.0,0.0,0.0,0.0,0.0,0.0,0.0,0.0,0.0,0.0,0.0,0.0,0.0,0.0,0.0,0.0,0.0,0.0,0.0,0.0,0.0,0.0,0.0,0.0,0.0,0.0,0.0,0.0,0.0,0.0,0.0,0.0,0.0,0.0,0.0,0.0,0.0,0.0,0.0,0.0,0.0,0.0,0.0,0.0,0.0,0.0,0.0,0.0,0.0,0.0,0.0,0.0,0.0,0.0,0.0,0.0,0.0,0.0,0.0,0.0,0.0,0.0,0.0,0.0,0.0,0.0
3.0,2023-05-09,줄서서 빵먹어보긴 처음. 딸기시루 먹어봤는데 맛있지만 나는 투썸 스초생이 더 좋음...,0,48,줄서서 빵먹어보긴 처음 딸기시루 먹어봤는데 맛있지만 나는 투썸 스초생이 더 좋음,줄서서 빵먹어보긴 처음 딸기시루 먹어봤는데 맛있지 나는 투썸 스초생 좋음,2023,5,2023-05,2,1,화,0,44,10,중립,1,0.0,0.0,0.0,0.0,0.0,0.0,0.0,0.0,0.0,0.0,0.0,0.0,0.0,0.0,0.5723466680134871,0.0,0.0,0.0,0.0,0.0,0.0,0.0,0.0,0.0,0.0,0.0,0.0,0.0,0.0,0.0,0.0,0.0,0.0,0.5872295830658724,0.0,0.0,0.0,0.0,0.0,0.0,0.0,0.0,0.0,0.0,0.0,0.0,0.0,0.0,0.0,0.0,0.0,0.0,0.0,0.0,0.0,0.0,0.0,0.0,0.0,0.0,0.0,0.0,0.0,0.0,0.0,0.0,0.0,0.0,0.0,0.0,0.0,0.0,0.0,0.0,0.0,0.0,0.0,0.0,0.0,0.0,0.0,0.0,0.0,0.0,0.0,0.0,0.5723466680134871,0.0,0.0,0.0,0.0,0.0,0.0,0.0,0.0,0.0,0.0,0.0,0.0,0.0
5.0,2023-05-12,빵 이렇게 사고 2일 컷 했습니다. 식빵이 진짜 맛있었는데 더 살껄 후회했어요.,0,44,빵 이렇게 사고 2일 컷 했습니다 식빵이 진짜 맛있었는데 더 살껄 후회했어요,이렇게 사고 2일 했습니다 식빵 맛있었는데 살껄 후회했어요,2023,5,2023-05,2,4,금,0,42,8,긍정,0,0.0,0.0,0.0,0.0,0.0,0.0,0.0,0.0,0.0,0.0,0.0,0.0,0.0,0.0,0.0,0.0,0.0,0.0,0.0,0.0,0.0,0.0,0.0,0.0,0.0,0.0,0.0,0.0,0.0,0.0,0.0,0.0,0.0,0.0,0.0,0.0,0.0,0.0,0.0,0.0,0.0,0.0,0.0,0.0,0.0,0.0,0.0,0.0,0.0,0.0,0.0,0.0,0.0,0.0,0.0,0.0,0.0,0.0,0.0,0.0,0.0,0.0,0.0,0.0,0.0,1.0,0.0,0.0,0.0,0.0,0.0,0.0,0.0,0.0,0.0,0.0,0.0,0.0,0.0,0.0,0.0,0.0,0.0,0.0,0.0,0.0,0.0,0.0,0.0,0.0,0.0,0.0,0.0,0.0,0.0,0.0,0.0,0.0,0.0,0.0
5.0,2023-05-16,케익이랑 빵파는곳이 나눠져있으니 주의하세요 ㅋ,0,25,케익이랑 빵파는곳이 나눠져있으니 주의하세요,케익 빵파는곳 나눠져있으니 주의하세요,2023,5,2023-05,2,1,화,0,23,4,긍정,0,0.0,0.0,0.0,0.0,0.0,0.0,0.0,0.0,0.0,0.0,0.0,0.0,0.0,0.0,0.0,0.0,0.0,0.0,0.0,0.0,0.0,0.0,0.0,0.0,0.0,0.0,0.0,0.0,0.0,0.0,0.0,0.0,0.0,0.0,0.0,0.0,0.0,0.0,0.0,0.0,0.0,0.0,0.0,0.0,0.0,0.0,0.0,0.0,0.0,0.0,0.0,0.0,0.0,0.0,0.0,0.0,0.0,0.0,0.0,0.0,0.0,0.0,0.0,0.0,0.0,0.0,0.0,0.0,0.0,0.0,0.0,0.0,0.0,0.0,0.0,0.0,0.0,0.0,0.0,0.0,0.0,0.0,0.0,0.0,0.0,0.0,0.0,0.0,0.0,1.0,0.0,0.0,0.0,0.0,0.0,0.0,0.0,0.0,0.0,0.0
5.0,2023-05-18,와 정신없이 고르다 빵을 10만원어치삼 .....  하나하나 다 맛있음!!,0,41,와 정신없이 고르다 빵을 10만원어치삼 하나하나 다 맛있음,정신없 고르다 빵을 10만원어치삼 하나하나 맛있음,2023,5,2023-05,2,3,목,0,32,6,긍정,0,0.0,0.0,0.0,0.0,0.0,0.0,0.0,0.0,0.0,0.0,0.0,0.0,0.0,0.0,0.0,0.0,0.0,0.0,0.0,0.0,0.0,0.0,0.0,0.0,0.0,0.0,0.0,0.0,0.0,0.0,0.753218755824346,0.0,0.0,0.0,0.0,0.0,0.0,0.0,0.0,0.0,0.0,0.0,0.0,0.0,0.0,0.0,0.0,0.6577701010797191,0.0,0.0,0.0,0.0,0.0,0.0,0.0,0.0,0.0,0.0,0.0,0.0,0.0,0.0,0.0,0.0,0.0,0.0,0.0,0.0,0.0,0.0,0.0,0.0,0.0,0.0,0.0,0.0,0.0,0.0,0.0,0.0,0.0,0.0,0.0,0.0,0.0,0.0,0.0,0.0,0.0,0.0,0.0,0.0,0.0,0.0,0.0,0.0,0.0,0.0,0.0,0.0
5.0,2023-05-18,"줄을 너무 서있긴 하지만 
계산도 빠르시고 종류도 거의 다 있었습니다
빵도 가격도 ...",0,49,줄을 너무 서있긴 하지만 계산도 빠르시고 종류도 거의 다 있었습니다 빵도 가격도,줄을 서있긴 하지 계산 빠르시고 종류 거의 있었습니다 빵도 가격,2023,5,2023-05,2,3,목,0,44,10,긍정,0,0.3803352052315661,0.0,0.0,0.0,0.0,0.0,0.0,0.0,0.0,0.0,0.0,0.0,0.0,0.0,0.0,0.0,0.0,0.0,0.0,0.0,0.0,0.0,0.0,0.0,0.0,0.0,0.0,0.0,0.0,0.0,0.0,0.0,0.0,0.0,0.0,0.0,0.0,0.0,0.0,0.0,0.0,0.0,0.0,0.0,0.4946440578047461,0.0,0.0,0.0,0.0,0.0,0.0,0.0,0.0,0.0,0.0,0.0,0.0,0.0,0.0,0.0,0.0,0.0,0.0,0.0,0.0,0.0,0.0,0.0,0.0,0.0,0.0,0.0,0.0,0.0,0.0,0.0,0.0,0.5443302240379443,0.0,0.0,0.0,0.0,0.0,0.0,0.0,0.0,0.0,0.0,0.0,0.0,0.0,0.0,0.0,0.0,0.0,0.0,0.0,0.5606933162957435,0.0,0.0
5.0,2023-05-22,복잡하고 웨이팅이 어느정도 있었지만 맛있음,0,23,복잡하고 웨이팅이 어느정도 있었지만 맛있음,복잡 웨이팅 어느정 있었지 맛있음,2023,5,2023-05,2,0,월,0,23,5,긍정,1,0.0,0.0,0.0,0.0,0.0,0.0,0.0,0.0,0.0,0.0,0.0,0.0,0.0,0.0,0.0,0.0,0.0,0.0,0.0,0.0,0.0,0.0,0.0,0.0,0.0,0.0,0.0,0.0,0.0,0.0,0.7833139391528673,0.0,0.0,0.0,0.0,0.0,0.0,0.0,0.0,0.0,0.0,0.0,0.0,0.0,0.0,0.0,0.0,0.0,0.0,0.0,0.0,0.0,0.0,0.0,0.0,0.0,0.0,0.0,0.0,0.0,0.0,0.0,0.0,0.6216263127706372,0.0,0.0,0.0,0.0,0.0,0.0,0.0,0.0,0.0,0.0,0.0,0.0,0.0,0.0,0.0,0.0,0.0,0.0,0.0,0.0,0.0,0.0,0.0,0.0,0.0,0.0,0.0,0.0,0.0,0.0,0.0,0.0,0.0,0.0,0.0,0.0
5.0,2023-05-24,"대전 그자체
줄이 미친듯이 길긴 하지만 가성비 맛 미쳤다",0,31,대전 그자체 줄이 미친듯이 길긴 하지만 가성비 맛 미쳤다,대전 그자체 줄이 미친듯 길긴 하지 가성비 미쳤다,2023,5,2023-05,2,2,수,0,31,8,긍정,0,0.0,0.0,0.0,0.4715337503701353,0.0,0.0,0.0,0.0,0.0,0.0,0.0,0.0,0.37780105081788823,0.0,0.0,0.0,0.0,0.0,0.0,0.0,0.0,0.0,0.0,0.0,0.0,0.0,0.0,0.0,0.0,0.0,0.0,0.0,0.0,0.0,0.0,0.0,0.0,0.0,0.0,0.0,0.0,0.0,0.0,0.0,0.0,0.0,0.0,0.0,0.0,0.0,0.0,0.0,0.0,0.0,0.0,0.0,0.0,0.0,0.0,0.0,0.0,0.0,0.0,0.0,0.0,0.0,0.0,0.0,0.0,0.0,0.0,0.0,0.0,0.0,0.0,0.0,0.0,0.0,0.0,0.0,0.0,0.0,0.0,0.0,0.5155337585726845,0.0,0.0,0.0,0.0,0.0,0.0,0.0,0.0,0.0,0.0,0.0,0.0,0.6075748777185372,0.0,0.0
5.0,2023-05-29,줄보고 헉했지만 15분대기후 들어갔고 .. 가성비가 참 좋은 빵집 👍 다 쓸어담고 싶었다,1,49,줄보고 헉했지만 15분대기후 들어갔고 가성비가 참 좋은 빵집 다 쓸어담고 싶었다,줄보고 헉했지 15분대기후 들어갔고 가성비 좋은 빵집 쓸어담고 싶었다,2023,5,2023-05,2,0,월,0,44,9,긍정,1,0.0,0.0,0.0,0.5016736002610562,0.0,0.0,0.0,0.0,0.0,0.0,0.0,0.0,0.0,0.0,0.0,0.0,0.0,0.0,0.0,0.0,0.0,0.0,0.0,0.0,0.0,0.0,0.0,0.0,0.0,0.0,0.0,0.0,0.0,0.0,0.0,0.0,0.0,0.0,0.0,0.0,0.0,0.0,0.0,0.0,0.0,0.0,0.0,0.0,0.0,0.5341066980014036,0.0,0.0,0.0,0.0,0.0,0.0,0.0,0.0,0.0,0.0,0.0,0.0,0.0,0.0,0.0,0.0,0.0,0.0,0.0,0.0,0.0,0.0,0.0,0.0,0.0,0.0,0.0,0.0,0.0,0.0,0.6804804434744228,0.0,0.0,0.0,0.0,0.0,0.0,0.0,0.0,0.0,0.0,0.0,0.0,0.0,0.0,0.0,0.0,0.0,0.0,0.0
5.0,2023-06-02,난 잠봉뵈르,0,6,난 잠봉뵈르,잠봉뵈르,2023,6,2023-06,2,4,금,0,6,1,긍정,0,0.0,0.0,0.0,0.0,0.0,0.0,0.0,0.0,0.0,0.0,0.0,0.0,0.0,0.0,0.0,0.0,0.0,0.0,0.0,0.0,0.0,0.0,0.0,0.0,0.0,0.0,0.0,0.0,0.0,0.0,0.0,0.0,0.0,0.0,0.0,0.0,0.0,0.0,0.0,0.0,0.0,0.0,0.0,0.0,0.0,0.0,0.0,0.0,0.0,0.0,0.0,0.0,0.0,0.0,0.0,0.0,0.0,0.0,0.0,0.0,0.0,0.0,0.0,0.0,0.0,0.0,0.0,0.0,0.0,0.0,0.0,0.0,0.0,0.0,0.0,0.0,0.0,0.0,0.0,0.0,0.0,0.0,0.0,0.0,0.0,0.0,0.0,0.0,0.0,0.0,0.0,0.0,0.0,0.0,0.0,0.0,0.0,0.0,0.0,0.0
5.0,2023-06-06,"지나가는길에 들러봤어요~~
성심당 대박!!! 좋아요",0,28,지나가는길에 들러봤어요 성심당 대박 좋아요,지나가는길 들러봤어요 성심당 대박 좋아요,2023,6,2023-06,2,1,화,0,23,5,긍정,0,0.0,0.0,0.0,0.0,0.0,0.0,0.0,0.0,0.0,0.0,0.0,0.0,0.0,0.0,0.0,0.0,0.0,0.0,0.0,0.0,0.0,0.0,0.0,0.0,0.0,0.0,0.0,0.0,0.0,0.0,0.0,0.0,0.0,0.0,0.0,0.0,0.0,0.0,0.0,0.0,0.0,0.0,0.0,0.0,0.0,0.0,0.0,0.0,0.0,0.0,0.0,0.0,0.0,0.0,0.0,0.0,0.5094199383391491,0.0,0.0,0.0,0.0,0.0,0.0,0.0,0.0,0.0,0.0,0.0,0.0,0.0,0.0,0.0,0.0,0.0,0.0,0.0,0.0,0.0,0.0,0.8605180569996993,0.0,0.0,0.0,0.0,0.0,0.0,0.0,0.0,0.0,0.0,0.0,0.0,0.0,0.0,0.0,0.0,0.0,0.0,0.0,0.0
5.0,2023-06-10,너무 맛있어요 또 가고 싶어요,0,16,너무 맛있어요 또 가고 싶어요,맛있어요 가고 싶어요,2023,6,2023-06,2,5,토,1,16,3,긍정,0,0.0,0.818551855735771,0.0,0.0,0.0,0.0,0.0,0.0,0.0,0.0,0.0,0.0,0.0,0.0,0.0,0.0,0.0,0.0,0.0,0.0,0.0,0.0,0.0,0.0,0.0,0.0,0.0,0.0,0.5744326413701832,0.0,0.0,0.0,0.0,0.0,0.0,0.0,0.0,0.0,0.0,0.0,0.0,0.0,0.0,0.0,0.0,0.0,0.0,0.0,0.0,0.0,0.0,0.0,0.0,0.0,0.0,0.0,0.0,0.0,0.0,0.0,0.0,0.0,0.0,0.0,0.0,0.0,0.0,0.0,0.0,0.0,0.0,0.0,0.0,0.0,0.0,0.0,0.0,0.0,0.0,0.0,0.0,0.0,0.0,0.0,0.0,0.0,0.0,0.0,0.0,0.0,0.0,0.0,0.0,0.0,0.0,0.0,0.0,0.0,0.0,0.0
2.0,2023-06-14,토요일 점심때 갔는데 웨이팅은 상관없는데 매장 안이 너무 바글바글 혼잡 밀집 그 자체... 걸음 옮길 공간도 없이.. 걍 앞사람이 가면 발맞춰 움직일 수밖에 없는 상황... 한방향으로 가도 모자랄 판에 직원분은 자꾸 양방향으로 꾸역꾸역 들어가시라 안...,0,142,토요일 점심때 갔는데 웨이팅은 상관없는데 매장 안이 너무 바글바글 혼잡 밀집 그 자체 걸음 옮길 공간도 없이 걍 앞사람이 가면 발맞춰 움직일 수밖에 없는 상황 한방향으로 가도 모자랄 판에 직원분은 자꾸 양방향으로 꾸역꾸역 들어가시라 안,토요일 점심때 갔는데 웨이팅 상관없는데 매장 안이 바글바글 혼잡 밀집 자체 걸음 옮길 공간 없이 앞사람 가면 발맞춰 움직일 수밖 상황 한방향 가도 모자랄 판에 직원분 자꾸 양방향 꾸역꾸역 들어가시라,2023,6,2023-06,2,2,수,0,131,30,부정,1,0.0,0.0,0.46539013811633057,0.0,0.45022211811450763,0.0,0.0,0.0,0.0,0.0,0.0,0.0,0.0,0.0,0.0,0.0,0.0,0.0,0.0,0.0,0.0,0.0,0.0,0.0,0.0,0.0,0.0,0.0,0.0,0.0,0.0,0.0,0.45751414696045134,0.0,0.0,0.0,0.0,0.0,0.0,0.0,0.0,0.0,0.0,0.0,0.0,0.0,0.0,0.0,0.0,0.0,0.0,0.0,0.0,0.0,0.0,0.0,0.0,0.0,0.0,0.0,0.0,0.0,0.0,0.357289588787325,0.0,0.0,0.0,0.0,0.0,0.0,0.0,0.0,0.0,0.0,0.0,0.0,0.0,0.0,0.0,0.0,0.0,0.0,0.0,0.0,0.0,0.0,0.0,0.0,0.0,0.0,0.49369729468550233,0.0,0.0,0.0,0.0,0.0,0.0,0.0,0.0,0.0
5.0,2023-06-20,"토요빵을 못산게 너무 아쉬워서 다시가고싶어요ㅜㅜㅠㅠ 가격도 저렴하고 맛있고 종류많고 너무 좋은듯
대전살고싶어요",0,61,토요빵을 못산게 너무 아쉬워서 다시가고싶어요 가격도 저렴하고 맛있고 종류많고 너무 좋은듯 대전살고싶어요,토요빵 못산게 아쉬워서 다시가고싶어요 가격 저렴 맛있고 종류많고 좋은듯 대전살고싶어요,2023,6,2023-06,2,1,화,0,57,10,긍정,0,0.4720854879181073,0.0,0.0,0.0,0.0,0.0,0.0,0.0,0.0,0.0,0.0,0.0,0.0,0.0,0.0,0.0,0.0,0.0,0.0,0.0,0.0,0.0,0.0,0.0,0.0,0.596054587690282,0.0,0.0,0.0,0.0,0.0,0.0,0.0,0.0,0.0,0.0,0.0,0.0,0.0,0.0,0.0,0.0,0.0,0.0,0.0,0.0,0.0,0.0,0.0,0.0,0.0,0.0,0.0,0.0,0.0,0.0,0.0,0.0,0.0,0.0,0.0,0.0,0.0,0.0,0.0,0.0,0.0,0.0,0.0,0.0,0.0,0.0,0.0,0.0,0.0,0.6495030566444553,0.0,0.0,0.0,0.0,0.0,0.0,0.0,0.0,0.0,0.0,0.0,0.0,0.0,0.0,0.0,0.0,0.0,0.0,0.0,0.0,0.0,0.0,0.0,0.0
4.0,2023-06-27,"빵 가격이 다른데비해? 저렴한 편인건 좋아요~
아근데 손님이 너무 많다보니ㅠㅠ 빵 하나 고르기도 힘들고.. 어차피 밖에서 줄 서야하는거 인원조절하며 들어가게 해주셧으면 합니당.. 
그냥 ""들...",0,109,빵 가격이 다른데비해 저렴한 편인건 좋아요 아근데 손님이 너무 많다보니 빵 하나 고르기도 힘들고 어차피 밖에서 줄 서야하는거 인원조절하며 들어가게 해주셧으면 합니당 그냥 들,가격 다른데비해 저렴한 편인건 좋아요 아근데 손님 많다보니 하나 고르기 힘들고 어차피 서야하는거 인원조절하며 들어가게 해주셧으면 합니당,2023,6,2023-06,2,1,화,0,96,17,긍정,1,0.4202730863068386,0.0,0.0,0.0,0.0,0.0,0.0,0.0,0.0,0.0,0.0,0.0,0.0,0.0,0.0,0.0,0.0,0.0,0.0,0.0,0.0,0.0,0.0,0.0,0.0,0.0,0.0,0.0,0.0,0.0,0.0,0.0,0.0,0.0,0.0,0.0,0.0,0.0,0.0,0.0,0.0,0.0,0.0,0.0,0.0,0.0,0.0,0.0,0.0,0.0,0.0,0.0,0.0,0.0,0.0,0.0,0.0,0.0,0.0,0.0,0.0,0.0,0.0,0.0,0.0,0.0,0.0,0.0,0.0,0.0,0.0,0.0,0.0,0.0,0.0,0.0,0.0,0.0,0.0,0.6014887396165057,0.0,0.0,0.0,0.0,0.0,0.0,0.0,0.0,0.0,0.0,0.0,0.0,0.0,0.0,0.0,0.0,0.6793981373544322,0.0,0.0,0.0
5.0,2023-07-01,빵이 가격이싸고 맛이좋아요,0,14,빵이 가격이싸고 맛이좋아요,빵이 가격이싸고 맛이좋아요,2023,7,2023-07,3,5,토,1,14,3,긍정,0,0.0,0.0,0.0,0.0,0.0,0.0,0.0,0.0,0.0,0.0,0.0,0.0,0.0,0.0,0.0,0.0,0.0,0.0,0.0,0.0,0.0,0.0,0.0,0.0,0.0,0.0,0.0,0.0,0.0,0.0,0.0,0.0,0.0,0.0,0.0,0.0,0.0,0.0,0.0,0.0,0.0,0.0,0.0,0.0,0.0,0.0,0.0,0.0,1.0,0.0,0.0,0.0,0.0,0.0,0.0,0.0,0.0,0.0,0.0,0.0,0.0,0.0,0.0,0.0,0.0,0.0,0.0,0.0,0.0,0.0,0.0,0.0,0.0,0.0,0.0,0.0,0.0,0.0,0.0,0.0,0.0,0.0,0.0,0.0,0.0,0.0,0.0,0.0,0.0,0.0,0.0,0.0,0.0,0.0,0.0,0.0,0.0,0.0,0.0,0.0
5.0,2023-07-09,"대전은 성심당이 먹여살리는듯.. 이만한 빵집 진짜 없는거 같아요 수원에서 갔는데도 만족이여
케이쿠보다는 빵이 맛있는거 같긴 해요",0,71,대전은 성심당이 먹여살리는듯 이만한 빵집 진짜 없는거 같아요 수원에서 갔는데도 만족이여 케이쿠보다는 빵이 맛있는거 같긴 해요,대전 성심당 먹여살리는듯 이만한 빵집 없는거 수원 갔는데 만족이여 케이쿠 빵이 맛있는거 같긴,2023,7,2023-07,3,6,일,1,69,13,긍정,0,0.0,0.0,0.0,0.0,0.5636697925557996,0.0,0.0,0.0,0.0,0.0,0.0,0.0,0.3505000745612377,0.0,0.0,0.0,0.0,0.0,0.0,0.0,0.0,0.0,0.0,0.0,0.0,0.0,0.0,0.0,0.0,0.0,0.0,0.0,0.0,0.0,0.0,0.0,0.0,0.0,0.0,0.0,0.0,0.0,0.0,0.0,0.0,0.0,0.0,0.0,0.4874093116176271,0.46574104467280925,0.0,0.0,0.0,0.0,0.0,0.0,0.323949849433797,0.0,0.0,0.0,0.0,0.0,0.0,0.0,0.0,0.0,0.0,0.0,0.0,0.0,0.0,0.0,0.0,0.0,0.0,0.0,0.0,0.0,0.0,0.0,0.0,0.0,0.0,0.0,0.0,0.0,0.0,0.0,0.0,0.0,0.0,0.0,0.0,0.0,0.0,0.0,0.0,0.0,0.0,0.0
5.0,2023-07-11,"과일이 들어간 빵, 케익은 반드시 드셔보세요. 정말 맛있어요. ㅜㅜ
다른 빵도...",0,46,과일이 들어간 빵 케익은 반드시 드셔보세요 정말 맛있어요 다른 빵도,과일 들어간 케익 반드시 드셔보세요 맛있어요 다른 빵도,2023,7,2023-07,3,1,화,0,37,8,긍정,0,0.0,0.0,0.0,0.0,0.0,0.0,0.0,0.0,0.0,0.4968793238419586,0.0,0.0,0.0,0.0,0.0,0.0,0.0,0.0,0.0,0.0,0.0,0.0,0.0,0.0,0.0,0.0,0.0,0.0,0.4140844768506429,0.0,0.0,0.0,0.0,0.0,0.0,0.0,0.0,0.0,0.0,0.0,0.0,0.0,0.0,0.0,0.4638230192404608,0.0,0.0,0.0,0.0,0.0,0.0,0.0,0.0,0.0,0.0,0.0,0.0,0.0,0.0,0.0,0.0,0.0,0.0,0.0,0.0,0.0,0.0,0.0,0.0,0.0,0.0,0.0,0.0,0.0,0.0,0.0,0.0,0.0,0.0,0.0,0.0,0.0,0.0,0.0,0.0,0.0,0.0,0.0,0.0,0.605403328692823,0.0,0.0,0.0,0.0,0.0,0.0,0.0,0.0,0.0,0.0
5.0,2023-07-12,입구 들어서는 순간부터 파리바게트밖에 없는 우리동네가 너무나도 미워진다,0,39,입구 들어서는 순간부터 파리바게트밖에 없는 우리동네가 너무나도 미워진다,입구 들어서 순간 파리바게트밖 우리동네 너무나 미워진다,2023,7,2023-07,3,2,수,0,39,7,긍정,0,0.0,0.0,0.0,0.0,0.0,0.0,0.0,0.0,0.0,0.0,0.0,0.0,0.0,0.0,0.0,0.0,0.0,0.0,0.0,0.0,0.0,0.0,0.0,0.0,0.0,0.0,0.0,0.0,0.0,0.0,0.0,0.0,0.0,0.0,0.0,0.0,0.0,0.0,0.0,0.0,0.0,0.0,0.0,0.0,0.0,0.0,0.0,0.0,0.0,0.0,0.0,0.0,0.0,0.0,0.0,0.0,0.0,0.0,0.0,0.0,0.0,0.0,0.0,0.0,0.0,0.0,0.0,0.0,0.0,0.0,0.0,0.0,0.0,0.0,0.0,0.0,0.0,0.0,0.0,0.0,0.0,0.0,0.0,0.0,0.0,0.0,0.0,0.0,0.0,0.0,0.0,0.0,0.0,0.0,0.0,0.0,0.0,0.0,0.0,0.0
5.0,2023-07-12,"성심당 대전의 명물로도 유명한 곳
저도 대전에 와서 성심당에 들렀었는데요
대전역에 있는 빵보다 다양하게 배치되어 있었고
가격도 타 빵집...",0,78,성심당 대전의 명물로도 유명한 곳 저도 대전에 와서 성심당에 들렀었는데요 대전역에 있는 빵보다 다양하게 배치되어 있었고 가격도 타 빵집,성심당 대전 명물 유명한 저도 대전 와서 성심당 들렀었는데요 대전역 다양하게 배치되어 있었고 가격 빵집,2023,7,2023-07,3,2,수,0,75,15,긍정,0,0.29981575926439674,0.0,0.0,0.0,0.0,0.0,0.0,0.0,0.0,0.0,0.0,0.0,0.5496758517253416,0.0,0.0,0.0,0.0,0.0,0.0,0.0,0.0,0.0,0.0,0.0,0.0,0.0,0.0,0.0,0.0,0.0,0.0,0.0,0.0,0.0,0.0,0.0,0.0,0.0,0.0,0.0,0.0,0.0,0.0,0.0,0.0,0.0,0.0,0.0,0.0,0.36520192718139993,0.0,0.0,0.0,0.0,0.0,0.0,0.5080381498541092,0.0,0.0,0.0,0.0,0.0,0.0,0.0,0.46528674943795556,0.0,0.0,0.0,0.0,0.0,0.0,0.0,0.0,0.0,0.0,0.0,0.0,0.0,0.0,0.0,0.0,0.0,0.0,0.0,0.0,0.0,0.0,0.0,0.0,0.0,0.0,0.0,0.0,0.0,0.0,0.0,0.0,0.0,0.0,0.0
5.0,2023-07-17,부추빵 졸라 마싯성,0,10,부추빵 졸라 마싯성,부추빵 졸라 마싯성,2023,7,2023-07,3,0,월,0,10,3,긍정,0,0.0,0.0,0.0,0.0,0.0,0.0,0.0,0.0,0.0,0.0,0.0,0.0,0.0,0.0,0.0,0.0,0.0,0.0,0.0,0.0,0.0,0.0,0.0,0.0,0.0,0.0,0.0,0.0,0.0,0.0,0.0,0.0,0.0,0.0,0.0,0.0,0.0,0.0,0.0,0.0,0.0,0.0,1.0,0.0,0.0,0.0,0.0,0.0,0.0,0.0,0.0,0.0,0.0,0.0,0.0,0.0,0.0,0.0,0.0,0.0,0.0,0.0,0.0,0.0,0.0,0.0,0.0,0.0,0.0,0.0,0.0,0.0,0.0,0.0,0.0,0.0,0.0,0.0,0.0,0.0,0.0,0.0,0.0,0.0,0.0,0.0,0.0,0.0,0.0,0.0,0.0,0.0,0.0,0.0,0.0,0.0,0.0,0.0,0.0,0.0
4.0,2023-07-19,사람이 너무 많아서 평일에 가야해요,0,19,사람이 너무 많아서 평일에 가야해요,사람 많아서 평일 가야해요,2023,7,2023-07,3,2,수,0,19,4,긍정,0,0.0,0.0,0.0,0.0,0.0,0.0,0.0,0.0,0.0,0.0,0.0,0.0,0.0,0.0,0.0,0.0,0.0,0.6518532050463849,0.0,0.0,0.0,0.0,0.0,0.0,0.0,0.0,0.0,0.0,0.0,0.0,0.0,0.0,0.0,0.0,0.0,0.0,0.0,0.0,0.0,0.0,0.0,0.0,0.0,0.0,0.0,0.0,0.0,0.0,0.0,0.0,0.46009860147317133,0.0,0.0,0.0,0.0,0.0,0.0,0.0,0.0,0.0,0.0,0.0,0.0,0.0,0.0,0.0,0.0,0.0,0.0,0.0,0.0,0.0,0.0,0.0,0.0,0.0,0.0,0.0,0.0,0.0,0.0,0.0,0.0,0.0,0.0,0.0,0.0,0.0,0.0,0.0,0.0,0.0,0.0,0.0,0.0,0.6028239179007313,0.0,0.0,0.0,0.0
5.0,2023-07-22,"성심당 체고시다 🫶🏻
부띠끄까지 45000 긁고 왔습니다
행복하네...",2,39,성심당 체고시다 부띠끄까지 45000 긁고 왔습니다 행복하네,성심당 체고시다 부띠끄 45000 긁고 왔습니다 행복하네,2023,7,2023-07,3,5,토,1,33,7,긍정,0,0.0,0.0,0.0,0.0,0.0,0.0,0.0,0.0,0.0,0.0,0.0,0.0,0.0,0.0,0.0,0.0,0.0,0.0,0.0,0.0,0.0,0.0,0.0,0.0,0.0,0.0,0.0,0.0,0.0,0.0,0.0,0.0,0.0,0.0,0.0,0.0,0.0,0.0,0.0,0.0,0.0,0.0,0.0,0.0,0.0,0.0,0.0,0.0,0.0,0.0,0.0,0.0,0.0,0.0,0.0,0.0,1.0,0.0,0.0,0.0,0.0,0.0,0.0,0.0,0.0,0.0,0.0,0.0,0.0,0.0,0.0,0.0,0.0,0.0,0.0,0.0,0.0,0.0,0.0,0.0,0.0,0.0,0.0,0.0,0.0,0.0,0.0,0.0,0.0,0.0,0.0,0.0,0.0,0.0,0.0,0.0,0.0,0.0,0.0,0.0
5.0,2023-07-23,대한민국 1등빵집,0,9,대한민국 1등빵집,대한민국 1등빵집,2023,7,2023-07,3,6,일,1,9,2,긍정,0,0.0,0.0,0.0,0.0,0.0,0.0,0.0,0.0,0.0,0.0,0.0,0.0,0.0,0.0,0.0,0.0,0.0,0.0,0.0,0.0,0.0,0.0,0.0,0.0,0.0,0.0,0.0,0.0,0.0,0.0,0.0,0.0,0.0,0.0,0.0,0.0,0.0,0.0,0.0,0.0,0.0,0.0,0.0,0.0,0.0,0.0,0.0,0.0,0.0,0.0,0.0,0.0,0.0,0.0,0.0,0.0,0.0,0.0,0.0,0.0,0.0,0.0,0.0,0.0,0.0,0.0,0.0,0.0,0.0,0.0,0.0,0.0,0.0,0.0,0.0,0.0,0.0,0.0,0.0,0.0,0.0,0.0,0.0,0.0,0.0,0.0,0.0,0.0,0.0,0.0,0.0,0.0,0.0,0.0,0.0,0.0,0.0,0.0,0.0,0.0
5.0,2023-07-26,명란바게트 미쳤다... 소금빵 가성비 좋으나 소금크루와상이 더 취향저격 으아 대전의 빛과 소금,0,52,명란바게트 미쳤다 소금빵 가성비 좋으나 소금크루와상이 더 취향저격 으아 대전의 빛과 소금,명란바게트 미쳤다 소금빵 가성비 좋으나 소금크루와상 취향저격 으아 대전 빛과 소금,2023,7,2023-07,3,2,수,0,49,11,긍정,0,0.0,0.0,0.0,0.4478065297946363,0.0,0.0,0.0,0.0,0.0,0.0,0.0,0.0,0.3587903885707536,0.0,0.0,0.0,0.0,0.0,0.0,0.0,0.0,0.0,0.0,0.0,0.0,0.0,0.0,0.0,0.0,0.0,0.0,0.0,0.0,0.0,0.0,0.0,0.520004355534212,0.0,0.0,0.0,0.0,0.0,0.0,0.0,0.0,0.0,0.0,0.0,0.0,0.0,0.0,0.0,0.0,0.0,0.0,0.0,0.0,0.632719716120797,0.0,0.0,0.0,0.0,0.0,0.0,0.0,0.0,0.0,0.0,0.0,0.0,0.0,0.0,0.0,0.0,0.0,0.0,0.0,0.0,0.0,0.0,0.0,0.0,0.0,0.0,0.0,0.0,0.0,0.0,0.0,0.0,0.0,0.0,0.0,0.0,0.0,0.0,0.0,0.0,0.0,0.0
4.0,2023-07-27,올해 마지막 판매하는 망고케이크 사옴 망고도 많고 크림도 많음 평일인데도 사람 많음,0,46,올해 마지막 판매하는 망고케이크 사옴 망고도 많고 크림도 많음 평일인데도 사람 많음,올해 마지막 판매하 망고케이크 사옴 망고 많고 크림 많음 평일인데 사람 많음,2023,7,2023-07,3,3,목,0,46,12,긍정,0,0.0,0.0,0.0,0.0,0.0,0.0,0.0,0.0,0.0,0.0,0.0,0.0,0.0,0.0,0.0,0.3824110850452061,0.0,0.0,0.0,0.8874182284648302,0.0,0.0,0.0,0.0,0.0,0.0,0.0,0.0,0.0,0.0,0.0,0.0,0.0,0.0,0.0,0.0,0.0,0.0,0.0,0.0,0.0,0.0,0.0,0.0,0.0,0.0,0.0,0.0,0.0,0.0,0.25739201584915306,0.0,0.0,0.0,0.0,0.0,0.0,0.0,0.0,0.0,0.0,0.0,0.0,0.0,0.0,0.0,0.0,0.0,0.0,0.0,0.0,0.0,0.0,0.0,0.0,0.0,0.0,0.0,0.0,0.0,0.0,0.0,0.0,0.0,0.0,0.0,0.0,0.0,0.0,0.0,0.0,0.0,0.0,0.0,0.0,0.0,0.0,0.0,0.0,0.0
5.0,2023-07-29,말해뭐행 늘 맛있습니다 가성비도 짱,0,19,말해뭐행 늘 맛있습니다 가성비도 짱,말해뭐행 맛있습니다 가성비,2023,7,2023-07,3,5,토,1,19,3,긍정,0,0.0,0.0,0.0,1.0,0.0,0.0,0.0,0.0,0.0,0.0,0.0,0.0,0.0,0.0,0.0,0.0,0.0,0.0,0.0,0.0,0.0,0.0,0.0,0.0,0.0,0.0,0.0,0.0,0.0,0.0,0.0,0.0,0.0,0.0,0.0,0.0,0.0,0.0,0.0,0.0,0.0,0.0,0.0,0.0,0.0,0.0,0.0,0.0,0.0,0.0,0.0,0.0,0.0,0.0,0.0,0.0,0.0,0.0,0.0,0.0,0.0,0.0,0.0,0.0,0.0,0.0,0.0,0.0,0.0,0.0,0.0,0.0,0.0,0.0,0.0,0.0,0.0,0.0,0.0,0.0,0.0,0.0,0.0,0.0,0.0,0.0,0.0,0.0,0.0,0.0,0.0,0.0,0.0,0.0,0.0,0.0,0.0,0.0,0.0,0.0
5.0,2023-07-30,빵이 가격도 착하고 맛도 있음,0,16,빵이 가격도 착하고 맛도 있음,빵이 가격 맛도 있음,2023,7,2023-07,3,6,일,1,16,4,긍정,0,0.3810163597354555,0.0,0.0,0.0,0.0,0.0,0.0,0.0,0.0,0.0,0.0,0.0,0.0,0.0,0.0,0.0,0.0,0.0,0.0,0.0,0.0,0.0,0.5308459632020405,0.0,0.0,0.0,0.0,0.0,0.0,0.0,0.0,0.0,0.0,0.0,0.0,0.0,0.0,0.0,0.0,0.0,0.0,0.0,0.0,0.0,0.0,0.0,0.0,0.0,0.4857038387373225,0.0,0.0,0.0,0.0,0.0,0.0,0.0,0.0,0.0,0.0,0.0,0.0,0.0,0.0,0.0,0.0,0.0,0.0,0.0,0.0,0.0,0.0,0.0,0.0,0.5806211139821468,0.0,0.0,0.0,0.0,0.0,0.0,0.0,0.0,0.0,0.0,0.0,0.0,0.0,0.0,0.0,0.0,0.0,0.0,0.0,0.0,0.0,0.0,0.0,0.0,0.0,0.0
5.0,2023-07-30,"역시 대전을 대표하는 빵집답게 모든 종류의 빵들이 두루 맛있었다. 소보로 1700원.. 명성에 비하여 그렇게 비싸지 않은 가격에 빵들을 즐길 수 있다는 것도 성심당이 명성을 이어가는데 한 몫을 하는 것 같다. 토요일 11시경, 갔을 당시 첫번...",0,138,역시 대전을 대표하는 빵집답게 모든 종류의 빵들이 두루 맛있었다 소보로 1700원 명성에 비하여 그렇게 비싸지 않은 가격에 빵들을 즐길 수 있다는 것도 성심당이 명성을 이어가는데 한 몫을 하는 것 같다 토요일 11시경 갔을 당시 첫번,대전 대표하 빵집답게 모든 종류 빵들 두루 맛있었다 소보 1700원 명성 비하여 그렇게 비싸지 않은 가격 빵들 즐길 있다 것도 성심당 명성 이어가는데 몫을 같다 토요일 11시경 갔을 당시 첫번,2023,7,2023-07,3,6,일,1,130,30,긍정,0,0.23754666503503824,0.0,0.0,0.0,0.0,0.0,0.0,0.0,0.0,0.0,0.0,0.0,0.21775650777666566,0.0,0.0,0.0,0.0,0.0,0.0,0.0,0.0,0.0,0.0,0.0,0.0,0.0,0.0,0.0,0.0,0.39302388603153554,0.0,0.0,0.0,0.0,0.0,0.0,0.0,0.0,0.0,0.0,0.0,0.0,0.0,0.0,0.0,0.6619174478151576,0.0,0.0,0.0,0.0,0.0,0.0,0.0,0.0,0.0,0.0,0.20126154893343823,0.0,0.0,0.0,0.0,0.0,0.0,0.0,0.0,0.0,0.0,0.0,0.0,0.0,0.0,0.0,0.0,0.0,0.0,0.0,0.0,0.3399733383063042,0.0,0.0,0.0,0.0,0.0,0.0,0.0,0.0,0.0,0.0,0.0,0.0,0.3840092716328101,0.0,0.0,0.0,0.0,0.0,0.0,0.0,0.0,0.0
5.0,2023-07-31,대전갈때마다 성심당은 무조건 들려요~~~최고예요👍👍👍,3,29,대전갈때마다 성심당은 무조건 들려요 최고예요,대전갈때마다 성심당 무조건 들려요 최고예요,2023,7,2023-07,3,0,월,0,24,5,긍정,0,0.0,0.0,0.0,0.0,0.0,0.0,0.0,0.0,0.0,0.0,0.0,0.0,0.0,0.0,0.0,0.0,0.0,0.0,0.0,0.0,0.0,0.0,0.0,0.0,0.0,0.0,0.0,0.0,0.0,0.0,0.0,0.0,0.0,0.0,0.0,0.0,0.0,0.8816144321795194,0.0,0.0,0.0,0.0,0.0,0.0,0.0,0.0,0.0,0.0,0.0,0.0,0.0,0.0,0.0,0.0,0.0,0.0,0.4719703306064731,0.0,0.0,0.0,0.0,0.0,0.0,0.0,0.0,0.0,0.0,0.0,0.0,0.0,0.0,0.0,0.0,0.0,0.0,0.0,0.0,0.0,0.0,0.0,0.0,0.0,0.0,0.0,0.0,0.0,0.0,0.0,0.0,0.0,0.0,0.0,0.0,0.0,0.0,0.0,0.0,0.0,0.0,0.0
5.0,2023-08-01,저렴하고 맛있다..,0,10,저렴하고 맛있다,저렴 맛있다,2023,8,2023-08,3,1,화,0,8,2,긍정,0,0.0,0.0,0.0,0.0,0.0,0.0,0.0,0.0,0.0,0.0,0.0,0.0,0.0,0.0,0.0,0.0,0.0,0.0,0.0,0.0,0.0,0.0,0.0,0.0,0.0,0.0,0.0,0.7546934018555184,0.0,0.0,0.0,0.0,0.0,0.0,0.0,0.0,0.0,0.0,0.0,0.0,0.0,0.0,0.0,0.0,0.0,0.0,0.0,0.0,0.0,0.0,0.0,0.0,0.0,0.0,0.0,0.0,0.0,0.0,0.0,0.0,0.0,0.0,0.0,0.0,0.0,0.0,0.0,0.0,0.0,0.0,0.0,0.0,0.0,0.0,0.0,0.6560776396096313,0.0,0.0,0.0,0.0,0.0,0.0,0.0,0.0,0.0,0.0,0.0,0.0,0.0,0.0,0.0,0.0,0.0,0.0,0.0,0.0,0.0,0.0,0.0,0.0
4.0,2023-08-02,"무슨 명소 가듯이 밖에 구경만 했음. 대기자가 너무 너무 많음. 
그냥 대전역점에 튀소 구함",0,51,무슨 명소 가듯이 밖에 구경만 했음 대기자가 너무 너무 많음 그냥 대전역점에 튀소 구함,무슨 명소 가듯 밖에 구경 했음 대기자 많음 대전역점 튀소 구함,2023,8,2023-08,3,2,수,0,48,11,긍정,1,0.0,0.0,0.0,0.0,0.0,0.0,0.0,0.0,0.0,0.0,0.0,0.0,0.0,0.0,0.0,0.0,0.0,0.0,0.0,0.6143860328439487,0.0,0.0,0.0,0.0,0.0,0.0,0.0,0.0,0.0,0.0,0.0,0.0,0.0,0.0,0.0,0.0,0.0,0.0,0.6014844818739337,0.0,0.0,0.0,0.0,0.0,0.0,0.0,0.0,0.0,0.0,0.0,0.0,0.0,0.0,0.0,0.0,0.0,0.0,0.0,0.0,0.0,0.0,0.0,0.0,0.0,0.0,0.0,0.0,0.0,0.0,0.0,0.0,0.0,0.0,0.0,0.0,0.0,0.0,0.0,0.0,0.0,0.0,0.0,0.0,0.0,0.0,0.0,0.0,0.0,0.0,0.0,0.0,0.0,0.5106331566899275,0.0,0.0,0.0,0.0,0.0,0.0,0.0
5.0,2023-08-03,여전히 맛있고 사람도많네요,0,14,여전히 맛있고 사람도많네요,여전히 맛있고 사람도많네요,2023,8,2023-08,3,3,목,0,14,3,긍정,0,0.0,0.0,0.0,0.0,0.0,0.0,0.0,0.0,0.0,0.0,0.0,0.0,0.0,0.0,0.0,0.0,0.0,0.0,0.0,0.0,0.0,0.0,0.0,0.0,0.0,1.0,0.0,0.0,0.0,0.0,0.0,0.0,0.0,0.0,0.0,0.0,0.0,0.0,0.0,0.0,0.0,0.0,0.0,0.0,0.0,0.0,0.0,0.0,0.0,0.0,0.0,0.0,0.0,0.0,0.0,0.0,0.0,0.0,0.0,0.0,0.0,0.0,0.0,0.0,0.0,0.0,0.0,0.0,0.0,0.0,0.0,0.0,0.0,0.0,0.0,0.0,0.0,0.0,0.0,0.0,0.0,0.0,0.0,0.0,0.0,0.0,0.0,0.0,0.0,0.0,0.0,0.0,0.0,0.0,0.0,0.0,0.0,0.0,0.0,0.0
5.0,2023-08-04,값싸고 맛있는빵이 너무 많았어요! 평일 낮에도 사람 많은건 아쉽습니두ㅠㅠㅠ,0,41,값싸고 맛있는빵이 너무 많았어요 평일 낮에도 사람 많은건 아쉽습니두,값싸고 맛있는빵 많았어요 평일 낮에 사람 많은건 아쉽습니두,2023,8,2023-08,3,4,금,0,37,8,긍정,0,0.0,0.0,0.0,0.0,0.0,0.0,0.0,0.0,0.0,0.0,0.0,0.0,0.0,0.0,0.0,0.0,0.0,0.0,0.0,0.0,0.0,0.0,0.0,0.0,0.0,0.0,0.0,0.0,0.0,0.0,0.0,0.0,0.0,0.0,0.0,0.0,0.0,0.0,0.0,0.0,0.0,0.0,0.0,0.0,0.0,0.0,0.0,0.0,0.0,0.0,0.6067139592776012,0.0,0.0,0.0,0.0,0.0,0.0,0.0,0.0,0.0,0.0,0.0,0.0,0.0,0.0,0.0,0.0,0.0,0.0,0.0,0.0,0.0,0.0,0.0,0.0,0.0,0.0,0.0,0.0,0.0,0.0,0.0,0.0,0.0,0.0,0.0,0.0,0.0,0.0,0.0,0.0,0.0,0.0,0.0,0.0,0.7949202297197482,0.0,0.0,0.0,0.0
5.0,2023-08-05,주말피해서 가면  대기많이 안하고  맛있는 빵 살수있음..생일때는 항상 케이크사는곳.   샌드위치맛집.  보문산메아리 맛집. 빵은 성심당이  최고!!,0,83,주말피해서 가면 대기많이 안하고 맛있는 빵 살수있음 생일때는 항상 케이크사는곳 샌드위치맛집 보문산메아리 맛집 빵은 성심당이 최고,주말피해서 가면 대기많 맛있 살수있음 생일때 케이크사는곳 샌드위치맛집 보문산메아리 맛집 빵은 성심당 최고,2023,8,2023-08,3,5,토,1,71,13,긍정,1,0.0,0.0,0.511723713515873,0.0,0.0,0.0,0.0,0.0,0.0,0.0,0.0,0.0,0.0,0.0,0.0,0.0,0.0,0.0,0.0,0.0,0.0,0.0,0.0,0.0,0.511723713515873,0.0,0.0,0.0,0.0,0.0,0.0,0.0,0.0,0.0,0.0,0.0,0.0,0.0,0.0,0.0,0.0,0.0,0.0,0.0,0.0,0.0,0.4200514563384987,0.0,0.0,0.0,0.0,0.0,0.0,0.0,0.0,0.0,0.2845104448484941,0.0,0.0,0.0,0.0,0.0,0.0,0.0,0.0,0.0,0.0,0.0,0.0,0.0,0.0,0.0,0.0,0.0,0.0,0.0,0.0,0.0,0.0,0.0,0.0,0.0,0.0,0.0,0.0,0.0,0.0,0.4678549592032427,0.0,0.0,0.0,0.0,0.0,0.0,0.0,0.0,0.0,0.0,0.0,0.0
5.0,2023-08-05,사람이 정말 많지만 유명한 곳답게 질서있게 정리를 잘해주셔서 어렵지 않게 구매할 수 있었어요,0,51,사람이 정말 많지만 유명한 곳답게 질서있게 정리를 잘해주셔서 어렵지 않게 구매할 수 있었어요,사람 많지 유명한 곳답게 질서있게 정리 잘해주셔서 어렵지 않게 구매할 있었어요,2023,8,2023-08,3,5,토,1,51,11,긍정,0,0.0,0.0,0.0,0.0,0.0,0.0,0.0,0.0,0.0,0.0,0.0,0.0,0.0,0.0,0.0,0.0,0.0,0.0,0.0,0.0,0.6740368718831529,0.0,0.0,0.0,0.0,0.0,0.0,0.0,0.0,0.0,0.0,0.0,0.0,0.0,0.0,0.0,0.0,0.0,0.0,0.0,0.0,0.0,0.0,0.0,0.0,0.0,0.0,0.0,0.0,0.0,0.3820349897205828,0.0,0.0,0.0,0.0,0.0,0.0,0.0,0.0,0.0,0.0,0.0,0.0,0.0,0.6322369508112986,0.0,0.0,0.0,0.0,0.0,0.0,0.0,0.0,0.0,0.0,0.0,0.0,0.0,0.0,0.0,0.0,0.0,0.0,0.0,0.0,0.0,0.0,0.0,0.0,0.0,0.0,0.0,0.0,0.0,0.0,0.0,0.0,0.0,0.0,0.0
5.0,2023-08-07,말해뭐합니까 대전은 유잼도시입니다,0,18,말해뭐합니까 대전은 유잼도시입니다,말해뭐합니까 대전 유잼도시입니다,2023,8,2023-08,3,0,월,0,18,3,긍정,0,0.0,0.0,0.0,0.0,0.0,0.0,0.0,0.0,0.0,0.0,0.0,0.0,1.0,0.0,0.0,0.0,0.0,0.0,0.0,0.0,0.0,0.0,0.0,0.0,0.0,0.0,0.0,0.0,0.0,0.0,0.0,0.0,0.0,0.0,0.0,0.0,0.0,0.0,0.0,0.0,0.0,0.0,0.0,0.0,0.0,0.0,0.0,0.0,0.0,0.0,0.0,0.0,0.0,0.0,0.0,0.0,0.0,0.0,0.0,0.0,0.0,0.0,0.0,0.0,0.0,0.0,0.0,0.0,0.0,0.0,0.0,0.0,0.0,0.0,0.0,0.0,0.0,0.0,0.0,0.0,0.0,0.0,0.0,0.0,0.0,0.0,0.0,0.0,0.0,0.0,0.0,0.0,0.0,0.0,0.0,0.0,0.0,0.0,0.0,0.0
4.0,2023-08-09,"빵 맛있네요. 줄 안서려면 일찍 가세요.
월요일 오전 10시15분에 찍은 사진입니다.",0,47,빵 맛있네요 줄 안서려면 일찍 가세요 월요일 오전 10시15분에 찍은 사진입니다,맛있네요 안서려면 일찍 가세요 월요일 오전 10시15분 찍은 사진입니다,2023,8,2023-08,3,2,수,0,44,9,긍정,0,0.0,0.0,0.0,0.0,0.0,0.0,0.0,0.0,0.0,0.0,0.0,0.0,0.0,0.0,0.0,0.0,0.0,0.0,0.0,0.0,0.0,0.0,0.0,0.0,0.0,0.0,0.7653836957103936,0.0,0.0,0.0,0.0,0.0,0.0,0.0,0.0,0.0,0.0,0.0,0.0,0.0,0.0,0.0,0.0,0.0,0.0,0.0,0.0,0.0,0.0,0.0,0.0,0.0,0.0,0.0,0.0,0.0,0.0,0.0,0.0,0.0,0.0,0.0,0.6435742368528278,0.0,0.0,0.0,0.0,0.0,0.0,0.0,0.0,0.0,0.0,0.0,0.0,0.0,0.0,0.0,0.0,0.0,0.0,0.0,0.0,0.0,0.0,0.0,0.0,0.0,0.0,0.0,0.0,0.0,0.0,0.0,0.0,0.0,0.0,0.0,0.0,0.0
5.0,2023-08-10,튀김소보로 별로 였던 분들껜 튀소구마와 초코튀소를 추천합니다! 기름맛을 초코가 싹 잡아줘요 ㅠㅠㅠ,0,54,튀김소보로 별로 였던 분들껜 튀소구마와 초코튀소를 추천합니다 기름맛을 초코가 싹 잡아줘요,튀김소보로 별로 였던 분들껜 튀소구마 초코튀소 추천합니다 기름맛 초코 잡아줘요,2023,8,2023-08,3,3,목,0,49,10,긍정,0,0.0,0.0,0.0,0.0,0.0,0.0,0.0,0.0,0.0,0.0,0.0,0.0,0.0,0.0,0.0,0.0,0.0,0.0,0.0,0.0,0.0,0.0,0.0,0.0,0.0,0.0,0.0,0.0,0.0,0.0,0.0,0.0,0.0,0.0,0.0,0.0,0.0,0.0,0.0,0.0,0.6105480934797041,0.0,0.0,0.0,0.0,0.0,0.0,0.0,0.0,0.0,0.0,0.0,0.0,0.0,0.0,0.0,0.0,0.0,0.0,0.0,0.0,0.0,0.0,0.0,0.0,0.0,0.0,0.0,0.0,0.0,0.0,0.0,0.0,0.0,0.0,0.0,0.0,0.0,0.0,0.0,0.0,0.0,0.0,0.0,0.0,0.0,0.0,0.0,0.0,0.0,0.0,0.5209280331030044,0.0,0.5965442229003092,0.0,0.0,0.0,0.0,0.0,0.0
5.0,2023-08-15,대전은 노잼도시가 아님 명란바게트 잠봉뵈르 존맛탱 잠봉뵈르는 대전역쪽에 없드라고요 본점에서 다 쟁기라고~~,0,59,대전은 노잼도시가 아님 명란바게트 잠봉뵈르 존맛탱 잠봉뵈르는 대전역쪽에 없드라고요 본점에서 다 쟁기라고,대전 노잼도시 아님 명란바게트 잠봉뵈르 존맛탱 잠봉뵈르 대전역쪽 없드라고요 본점 쟁기라고,2023,8,2023-08,3,1,화,0,57,11,긍정,0,0.0,0.0,0.0,0.0,0.0,0.0,0.0,0.0,0.0,0.0,0.0,0.0,0.42493359854198187,0.0,0.0,0.0,0.0,0.0,0.0,0.0,0.0,0.0,0.0,0.0,0.0,0.0,0.0,0.0,0.0,0.0,0.0,0.0,0.0,0.0,0.0,0.0,0.615867451006375,0.0,0.0,0.0,0.0,0.6634295136795408,0.0,0.0,0.0,0.0,0.0,0.0,0.0,0.0,0.0,0.0,0.0,0.0,0.0,0.0,0.0,0.0,0.0,0.0,0.0,0.0,0.0,0.0,0.0,0.0,0.0,0.0,0.0,0.0,0.0,0.0,0.0,0.0,0.0,0.0,0.0,0.0,0.0,0.0,0.0,0.0,0.0,0.0,0.0,0.0,0.0,0.0,0.0,0.0,0.0,0.0,0.0,0.0,0.0,0.0,0.0,0.0,0.0,0.0
4.0,2023-08-17,빵 맛은 어디나 있는 제과점과 비슷하지만 가격이 저렴하네요 다만 사람이 너무 많아서 대기가 길어요 ㅠ,0,56,빵 맛은 어디나 있는 제과점과 비슷하지만 가격이 저렴하네요 다만 사람이 너무 많아서 대기가 길어요,맛은 어디나 제과점 비슷하지 가격 저렴하네요 다만 사람 많아서 대기 길어요,2023,8,2023-08,3,3,목,0,54,11,긍정,1,0.3361779621960203,0.0,0.0,0.0,0.0,0.0,0.0,0.0,0.0,0.0,0.5706739064509989,0.0,0.0,0.0,0.0,0.0,0.0,0.4466400119707968,0.0,0.0,0.0,0.0,0.0,0.5122930234334968,0.0,0.0,0.0,0.0,0.0,0.0,0.0,0.0,0.0,0.0,0.0,0.0,0.0,0.0,0.0,0.0,0.0,0.0,0.0,0.0,0.0,0.0,0.0,0.0,0.0,0.0,0.3152526416666175,0.0,0.0,0.0,0.0,0.0,0.0,0.0,0.0,0.0,0.0,0.0,0.0,0.0,0.0,0.0,0.0,0.0,0.0,0.0,0.0,0.0,0.0,0.0,0.0,0.0,0.0,0.0,0.0,0.0,0.0,0.0,0.0,0.0,0.0,0.0,0.0,0.0,0.0,0.0,0.0,0.0,0.0,0.0,0.0,0.0,0.0,0.0,0.0,0.0
5.0,2023-08-17,대기 없이 사서 먹어보니 줄 없으면 먹을 만 한 빵집이에요. 몇 시간 동안 기다려서 살 빵집은 아닌거같아요. 막 궁금해하고 그럴 필요 없고 동네에 하나씩 있는 빵 괜찮게 만드는 평범한 빵집입니다. 대기가 길면 안 가셔도 될거 같아요.,0,130,대기 없이 사서 먹어보니 줄 없으면 먹을 만 한 빵집이에요 몇 시간 동안 기다려서 살 빵집은 아닌거같아요 막 궁금해하고 그럴 필요 없고 동네에 하나씩 있는 빵 괜찮게 만드는 평범한 빵집입니다 대기가 길면 안 가셔도 될거 같아요,대기 없이 사서 먹어보니 없으면 먹을 빵집이에요 시간 동안 기다려서 빵집 아닌거같아요 궁금해 그럴 필요 없고 동네 하나씩 괜찮게 만드 평범한 빵집입니다 대기 길면 가셔 될거,2023,8,2023-08,3,3,목,0,126,26,긍정,1,0.0,0.0,0.0,0.0,0.0,0.0,0.0,0.0,0.0,0.0,0.7344803260365553,0.0,0.0,0.0,0.0,0.0,0.0,0.0,0.0,0.0,0.0,0.0,0.0,0.0,0.0,0.0,0.0,0.0,0.0,0.0,0.0,0.0,0.0,0.0,0.3579327229511582,0.0,0.0,0.0,0.0,0.0,0.0,0.0,0.0,0.0,0.0,0.0,0.0,0.0,0.0,0.263517826746281,0.0,0.0,0.36724016301827767,0.0,0.0,0.0,0.0,0.0,0.0,0.0,0.3579327229511582,0.0,0.0,0.0,0.0,0.0,0.0,0.0,0.0,0.0,0.0,0.0,0.0,0.0,0.0,0.0,0.0,0.0,0.0,0.0,0.0,0.0,0.0,0.0,0.0,0.0,0.0,0.0,0.0,0.0,0.0,0.0,0.0,0.0,0.0,0.0,0.0,0.0,0.0,0.0
5.0,2023-08-18,"⭐️⭐️⭐️⭐️⭐️

🚗 주차는 성심당문화원이 제일 가까움.

💵 중간

📝 보문산메아리가 내...",8,55,주차는 성심당문화원이 제일 가까움 중간 보문산메아리가 내,주차 성심당문화원 제일 가까움 중간 보문산메아리,2023,8,2023-08,3,4,금,0,31,6,긍정,0,0.0,0.0,0.0,0.0,0.0,0.0,0.0,0.0,0.0,0.0,0.0,0.0,0.0,0.0,0.0,0.0,0.0,0.0,0.0,0.0,0.0,0.0,0.0,0.0,0.0,0.0,0.0,0.0,0.0,0.0,0.0,0.0,0.0,0.0,0.0,0.0,0.0,0.0,0.0,0.0,0.0,0.0,0.0,0.0,0.0,0.0,0.0,0.0,0.0,0.0,0.0,0.0,0.0,0.0,0.0,0.0,0.0,0.0,0.0,0.0,0.0,0.0,0.0,0.0,0.0,0.0,0.0,0.0,0.0,0.0,0.0,0.0,0.0,0.0,0.0,0.0,0.0,0.0,0.0,0.0,0.0,0.0,1.0,0.0,0.0,0.0,0.0,0.0,0.0,0.0,0.0,0.0,0.0,0.0,0.0,0.0,0.0,0.0,0.0,0.0
5.0,2023-08-19,"말해뭐해.

다 맛있다",0,12,말해뭐해 다 맛있다,말해뭐해 맛있다,2023,8,2023-08,3,5,토,1,10,2,긍정,0,0.0,0.0,0.0,0.0,0.0,0.0,0.0,0.0,0.0,0.0,0.0,0.0,0.0,0.0,0.0,0.0,0.0,0.0,0.0,0.0,0.0,0.0,0.0,0.0,0.0,0.0,0.0,1.0,0.0,0.0,0.0,0.0,0.0,0.0,0.0,0.0,0.0,0.0,0.0,0.0,0.0,0.0,0.0,0.0,0.0,0.0,0.0,0.0,0.0,0.0,0.0,0.0,0.0,0.0,0.0,0.0,0.0,0.0,0.0,0.0,0.0,0.0,0.0,0.0,0.0,0.0,0.0,0.0,0.0,0.0,0.0,0.0,0.0,0.0,0.0,0.0,0.0,0.0,0.0,0.0,0.0,0.0,0.0,0.0,0.0,0.0,0.0,0.0,0.0,0.0,0.0,0.0,0.0,0.0,0.0,0.0,0.0,0.0,0.0,0.0
5.0,2023-08-19,롯데백화점 보다 본점이 종류가 적네요. 하지만 내용물이 더 들었다는 말도 많고 빵이 정말 빠르게 채워지더군요.. 좋습니다.,0,68,롯데백화점 보다 본점이 종류가 적네요 하지만 내용물이 더 들었다는 말도 많고 빵이 정말 빠르게 채워지더군요 좋습니다,롯데백화점 본점 종류 적네요 하지 내용물 들었다 말도 많고 빵이 빠르게 채워지더군요 좋습니다,2023,8,2023-08,3,5,토,1,64,13,긍정,0,0.0,0.0,0.0,0.0,0.0,0.0,0.0,0.0,0.0,0.0,0.0,0.0,0.0,0.0,0.0,0.44423812093741377,0.0,0.0,0.0,0.0,0.0,0.0,0.0,0.0,0.0,0.0,0.0,0.0,0.0,0.0,0.0,0.0,0.0,0.0,0.0,0.0,0.0,0.0,0.0,0.0,0.0,0.45633822609307495,0.0,0.0,0.0,0.0,0.0,0.0,0.4064609615777284,0.0,0.0,0.0,0.0,0.0,0.0,0.0,0.0,0.0,0.0,0.0,0.0,0.0,0.0,0.0,0.0,0.0,0.0,0.0,0.0,0.0,0.0,0.0,0.0,0.0,0.0,0.0,0.0,0.45633822609307495,0.0,0.0,0.0,0.0,0.0,0.0,0.0,0.0,0.0,0.0,0.0,0.0,0.0,0.0,0.0,0.0,0.0,0.0,0.0,0.4700561939085107,0.0,0.0
4.0,2023-08-22,본점 맞은편에 있는 성심당이하는 빙수집 옛맛솜씨를 꼭 가세요 성심당은 빵맛집이 아니고 팥 맛집입니다 송직히 빵 자체는 별 세개 인데 팥은 별 다섯개가 맞아요!,0,88,본점 맞은편에 있는 성심당이하는 빙수집 옛맛솜씨를 꼭 가세요 성심당은 빵맛집이 아니고 팥 맛집입니다 송직히 빵 자체는 별 세개 인데 팥은 별 다섯개가 맞아요,본점 맞은편 성심당이하 빙수집 옛맛솜씨 가세요 성심당 빵맛집 아니고 맛집입니다 송직히 자체 세개 팥은 다섯개 맞아요,2023,8,2023-08,3,1,화,0,87,16,긍정,0,0.0,0.0,0.0,0.0,0.0,0.0,0.0,0.0,0.0,0.0,0.0,0.0,0.0,0.0,0.0,0.0,0.0,0.0,0.0,0.0,0.0,0.0,0.0,0.0,0.0,0.0,0.0,0.0,0.0,0.0,0.0,0.0,0.0,0.0,0.0,0.0,0.0,0.0,0.0,0.0,0.0,0.8605180569996993,0.0,0.0,0.0,0.0,0.0,0.0,0.0,0.0,0.0,0.0,0.0,0.0,0.0,0.0,0.5094199383391491,0.0,0.0,0.0,0.0,0.0,0.0,0.0,0.0,0.0,0.0,0.0,0.0,0.0,0.0,0.0,0.0,0.0,0.0,0.0,0.0,0.0,0.0,0.0,0.0,0.0,0.0,0.0,0.0,0.0,0.0,0.0,0.0,0.0,0.0,0.0,0.0,0.0,0.0,0.0,0.0,0.0,0.0,0.0
4.0,2023-08-27,"땡볕에서 한 30분은 기다린거 같음..대전인이 ""아마 주말이니 기다릴거다""라는 말을 듣고 가긴했는데 이정도일줄 몰랐지 ㅜㅜ 매장안은 더 혼돈의 카오스긴 했는데 그래도 먹고가는 곳은 아니라서 빨리 빠졌다... 빵이 비싼...",0,124,땡볕에서 한 30분은 기다린거 같음 대전인이 아마 주말이니 기다릴거다 라는 말을 듣고 가긴했는데 이정도일줄 몰랐지 매장안은 더 혼돈의 카오스긴 했는데 그래도 먹고가는 곳은 아니라서 빨리 빠졌다 빵이 비싼,땡볕 30분 기다린거 같음 대전인 아마 주말이니 기다릴거다 라는 말을 듣고 가긴했는데 이정도일줄 몰랐지 매장안 혼돈 카오스긴 했는데 그래 먹고 곳은 아니라서 빨리 빠졌다 빵이 비싼,2023,8,2023-08,3,6,일,1,113,26,긍정,1,0.0,0.0,0.0,0.0,0.0,0.512784291776811,0.0,0.0,0.0,0.0,0.0,0.0,0.0,0.0,0.0,0.0,0.0,0.0,0.0,0.0,0.0,0.0,0.0,0.0,0.0,0.0,0.0,0.0,0.0,0.0,0.0,0.0,0.0,0.0,0.0,0.0,0.0,0.0,0.0,0.0,0.0,0.0,0.0,0.49499981643156754,0.0,0.0,0.0,0.0,0.4212077929192478,0.0,0.0,0.0,0.0,0.0,0.0,0.0,0.0,0.0,0.0,0.0,0.0,0.0,0.0,0.0,0.0,0.0,0.0,0.0,0.0,0.0,0.0,0.0,0.0,0.0,0.0,0.0,0.0,0.0,0.0,0.0,0.0,0.0,0.0,0.0,0.0,0.0,0.0,0.0,0.0,0.0,0.0,0.0,0.0,0.0,0.0,0.0,0.0,0.0,0.5609023507026556,0.0
5.0,2023-08-30,"짱맛 🤤

소금빵 보문산메아리 또 먹구싶다 . . . T.T",1,33,짱맛 소금빵 보문산메아리 또 먹구싶다 T T,짱맛 소금빵 보문산메아리 먹구싶다,2023,8,2023-08,3,2,수,0,24,4,긍정,0,0.0,0.0,0.0,0.0,0.0,0.0,0.0,0.0,0.0,0.0,0.0,0.0,0.0,0.0,0.0,0.0,0.0,0.0,0.0,0.0,0.0,0.0,0.0,0.0,0.0,0.0,0.0,0.0,0.0,0.0,0.0,0.0,0.0,0.0,0.0,0.0,0.0,0.0,0.0,0.0,0.0,0.0,0.0,0.0,0.0,0.0,0.0,0.0,0.0,0.0,0.0,0.0,0.0,0.0,0.0,0.0,0.0,1.0,0.0,0.0,0.0,0.0,0.0,0.0,0.0,0.0,0.0,0.0,0.0,0.0,0.0,0.0,0.0,0.0,0.0,0.0,0.0,0.0,0.0,0.0,0.0,0.0,0.0,0.0,0.0,0.0,0.0,0.0,0.0,0.0,0.0,0.0,0.0,0.0,0.0,0.0,0.0,0.0,0.0,0.0
4.0,2023-09-01,너무 사람이 많고 유명세로 예전에 맛있던 채소빵 등을 더이상 볼수없어 아쉬움이 남습니다.,0,49,너무 사람이 많고 유명세로 예전에 맛있던 채소빵 등을 더이상 볼수없어 아쉬움이 남습니다,사람 많고 유명세 예전 맛있던 채소빵 등을 더이상 볼수없어 아쉬움 남습니다,2023,9,2023-09,3,4,금,0,48,11,긍정,0,0.0,0.0,0.0,0.0,0.0,0.0,0.0,0.0,0.0,0.0,0.0,0.0,0.0,0.0,0.0,0.8295878085398234,0.0,0.0,0.0,0.0,0.0,0.0,0.0,0.0,0.0,0.0,0.0,0.0,0.0,0.0,0.0,0.0,0.0,0.0,0.0,0.0,0.0,0.0,0.0,0.0,0.0,0.0,0.0,0.0,0.0,0.0,0.0,0.0,0.0,0.0,0.5583762780796597,0.0,0.0,0.0,0.0,0.0,0.0,0.0,0.0,0.0,0.0,0.0,0.0,0.0,0.0,0.0,0.0,0.0,0.0,0.0,0.0,0.0,0.0,0.0,0.0,0.0,0.0,0.0,0.0,0.0,0.0,0.0,0.0,0.0,0.0,0.0,0.0,0.0,0.0,0.0,0.0,0.0,0.0,0.0,0.0,0.0,0.0,0.0,0.0,0.0
5.0,2023-09-03,"명란바게트와 튀김소보로 내 인생빵
근데 이거 두개 외에는 아직 맛난 걸 찾지 못함
그치만 이거 두개만으로도 계속해서 방문할 가치 충분",0,74,명란바게트와 튀김소보로 내 인생빵 근데 이거 두개 외에는 아직 맛난 걸 찾지 못함 그치만 이거 두개만으로도 계속해서 방문할 가치 충분,명란바게트 튀김소보로 인생빵 두개 외에 아직 맛난 찾지 못함 그치 두개만 계속해서 방문할 가치 충분,2023,9,2023-09,3,6,일,1,74,15,긍정,0,0.0,0.0,0.0,0.0,0.0,0.0,0.0,0.0,0.0,0.0,0.0,0.0,0.0,0.0,0.0,0.0,0.0,0.0,0.0,0.0,0.0,0.0,0.0,0.0,0.0,0.0,0.0,0.0,0.0,0.0,0.0,0.0,0.0,0.0,0.0,0.0,0.6853558849946287,0.0,0.0,0.0,0.0,0.0,0.0,0.0,0.0,0.0,0.0,0.0,0.0,0.0,0.0,0.0,0.0,0.0,0.0,0.0,0.0,0.0,0.0,0.0,0.0,0.0,0.0,0.0,0.0,0.0,0.0,0.0,0.0,0.0,0.0,0.0,0.0,0.0,0.0,0.0,0.0,0.0,0.0,0.0,0.0,0.0,0.0,0.0,0.0,0.0,0.0,0.0,0.0,0.0,0.0,0.728208288131376,0.0,0.0,0.0,0.0,0.0,0.0,0.0,0.0
5.0,2023-09-05,대전의 심장. 가을에는 탑셰프의 리얼 몽블랑,0,24,대전의 심장 가을에는 탑셰프의 리얼 몽블랑,대전 심장 가을 탑셰프 리얼 몽블,2023,9,2023-09,3,1,화,0,23,6,긍정,0,0.0,0.0,0.0,0.0,0.0,0.0,0.0,0.0,0.0,0.0,0.0,0.0,1.0,0.0,0.0,0.0,0.0,0.0,0.0,0.0,0.0,0.0,0.0,0.0,0.0,0.0,0.0,0.0,0.0,0.0,0.0,0.0,0.0,0.0,0.0,0.0,0.0,0.0,0.0,0.0,0.0,0.0,0.0,0.0,0.0,0.0,0.0,0.0,0.0,0.0,0.0,0.0,0.0,0.0,0.0,0.0,0.0,0.0,0.0,0.0,0.0,0.0,0.0,0.0,0.0,0.0,0.0,0.0,0.0,0.0,0.0,0.0,0.0,0.0,0.0,0.0,0.0,0.0,0.0,0.0,0.0,0.0,0.0,0.0,0.0,0.0,0.0,0.0,0.0,0.0,0.0,0.0,0.0,0.0,0.0,0.0,0.0,0.0,0.0,0.0
5.0,2023-09-09,케이크가 짱입니다..!,0,12,케이크가 짱입니다,케이크 짱입니다,2023,9,2023-09,3,5,토,1,9,2,긍정,0,0.0,0.0,0.0,0.0,0.0,0.0,0.0,0.0,0.0,0.0,0.0,0.0,0.0,0.0,0.0,0.0,0.0,0.0,0.0,0.0,0.0,0.0,0.0,0.0,0.0,0.0,0.0,0.0,0.0,0.0,0.0,0.0,0.0,0.0,0.0,0.0,0.0,0.0,0.0,0.0,0.0,0.0,0.0,0.0,0.0,0.0,0.0,0.0,0.0,0.0,0.0,0.0,0.0,0.0,0.0,0.0,0.0,0.0,0.0,0.0,0.0,0.0,0.0,0.0,0.0,0.0,0.0,0.0,0.0,0.0,0.0,0.0,0.0,0.0,0.0,0.0,0.0,0.0,0.0,0.0,0.0,0.0,0.0,0.0,0.0,0.0,0.0,0.0,0.0,0.0,0.0,0.0,0.0,0.0,0.0,0.0,0.0,0.0,0.0,0.0
5.0,2023-09-11,"명란바게트 사과어쩌구샌드위치 퀸아망 뭔방망이 빅매치 하얀거 다 맛있었다 (토요빵은 좀..~ 
대전 사람들 좋겠다 
명란이 진173728짜 맛있다 사랑해",0,84,명란바게트 사과어쩌구샌드위치 퀸아망 뭔방망이 빅매치 하얀거 다 맛있었다 토요빵은 좀 대전 사람들 좋겠다 명란이 진173728짜 맛있다 사랑해,명란바게트 사과어쩌구샌드위치 퀸아망 뭔방망 빅매치 하얀거 맛있었다 토요빵 대전 사람들 좋겠다 명란 진173728짜 맛있다 사랑해,2023,9,2023-09,3,0,월,0,78,15,긍정,0,0.0,0.0,0.0,0.0,0.0,0.0,0.0,0.0,0.0,0.0,0.0,0.0,0.2552031637475964,0.0,0.0,0.0,0.0,0.0,0.0,0.0,0.0,0.0,0.0,0.0,0.0,0.0,0.0,0.44059515212486616,0.0,0.460610523964192,0.0,0.0,0.0,0.0,0.0,0.4725879280158081,0.3698726636003266,0.0,0.0,0.0,0.0,0.0,0.0,0.0,0.0,0.0,0.0,0.0,0.0,0.0,0.0,0.4104145043314636,0.0,0.0,0.0,0.0,0.0,0.0,0.0,0.0,0.0,0.0,0.0,0.0,0.0,0.0,0.0,0.0,0.0,0.0,0.0,0.0,0.0,0.0,0.0,0.0,0.0,0.0,0.0,0.0,0.0,0.0,0.0,0.0,0.0,0.0,0.0,0.0,0.0,0.0,0.0,0.0,0.0,0.0,0.0,0.0,0.0,0.0,0.0,0.0
5.0,2023-09-15,운좋게 안 기달리고 바로들어왔어요 너무 맛있어요,0,26,운좋게 안 기달리고 바로들어왔어요 너무 맛있어요,운좋게 기달리고 바로들어왔어요 맛있어요,2023,9,2023-09,3,4,금,0,26,4,긍정,0,0.0,0.0,0.0,0.0,0.0,0.0,0.0,0.0,0.0,0.0,0.0,0.0,0.0,0.0,0.0,0.0,0.0,0.0,0.0,0.0,0.0,0.0,0.0,0.0,0.0,0.0,0.0,0.0,1.0,0.0,0.0,0.0,0.0,0.0,0.0,0.0,0.0,0.0,0.0,0.0,0.0,0.0,0.0,0.0,0.0,0.0,0.0,0.0,0.0,0.0,0.0,0.0,0.0,0.0,0.0,0.0,0.0,0.0,0.0,0.0,0.0,0.0,0.0,0.0,0.0,0.0,0.0,0.0,0.0,0.0,0.0,0.0,0.0,0.0,0.0,0.0,0.0,0.0,0.0,0.0,0.0,0.0,0.0,0.0,0.0,0.0,0.0,0.0,0.0,0.0,0.0,0.0,0.0,0.0,0.0,0.0,0.0,0.0,0.0,0.0
4.0,2023-09-16,"튀소 바로먹으니 겁나 맛있어서 뒤집어짐💛😁
근데 사과랑 양상추 들어간 바게뜨샌드위치는....
맛 너무 이상했어요 ㅜㅜ 뭔맛이...",2,72,튀소 바로먹으니 겁나 맛있어서 뒤집어짐 근데 사과랑 양상추 들어간 바게뜨샌드위치는 맛 너무 이상했어요 뭔맛이,튀소 바로먹으니 겁나 맛있어서 뒤집어짐 사과 양상추 들어간 바게뜨샌드위치 이상했어요 뭔맛,2023,9,2023-09,3,5,토,1,60,11,긍정,0,0.0,0.0,0.0,0.0,0.0,0.0,0.0,0.0,0.0,0.0,0.0,0.0,0.0,0.0,0.0,0.0,0.0,0.0,0.0,0.0,0.0,0.0,0.0,0.0,0.0,0.0,0.0,0.0,0.0,0.0,0.0,0.0,0.0,0.0,0.0,0.0,0.0,0.0,0.0,0.0,0.0,0.0,0.0,0.0,0.0,0.0,0.0,0.0,0.0,0.0,0.0,0.0,0.0,0.0,0.0,0.0,0.0,0.0,0.0,0.0,0.0,0.0,0.0,0.0,0.0,0.0,0.0,0.0,0.0,0.0,0.0,0.0,0.0,0.0,0.0,0.0,0.0,0.0,0.0,0.0,0.0,0.0,0.0,0.0,0.0,0.0,0.0,0.0,0.0,0.0,0.0,0.0,1.0,0.0,0.0,0.0,0.0,0.0,0.0,0.0
5.0,2023-09-18,대전 오면 항상 들르는 곳. 대전분들 부럽습니다ㅠ 튀소 말고도 맛있는 빵들이 많아요. 요즘은 작은메아리가 인기가 많은지 좀 늦게갔더니 품절됐더군요 보통은 여행 마지막에 들르는것 같지만 인기있는 빵을 사려면 일찍 가시는게 좋을것 같네요,0,130,대전 오면 항상 들르는 곳 대전분들 부럽습니다 튀소 말고도 맛있는 빵들이 많아요 요즘은 작은메아리가 인기가 많은지 좀 늦게갔더니 품절됐더군요 보통은 여행 마지막에 들르는것 같지만 인기있는 빵을 사려면 일찍 가시는게 좋을것 같네요,대전 오면 들르 대전분들 부럽습니다 튀소 말고 맛있 빵들 많아요 요즘 작은메아리 인기 많은지 늦게갔더니 품절됐더군요 보통 여행 마지막 들르는것 같지 인기있 빵을 사려면 일찍 가시는게 좋을것 같네요,2023,9,2023-09,3,0,월,0,127,28,긍정,0,0.0,0.0,0.0,0.0,0.0,0.0,0.0,0.0,0.0,0.0,0.0,0.0,0.2433907560551671,0.0,0.0,0.0,0.0,0.0,0.0,0.0,0.0,0.0,0.0,0.0,0.4046048419012085,0.0,0.0,0.0,0.0,0.0,0.0,0.0,0.0,0.0,0.0,0.0,0.0,0.0,0.0,0.0,0.0,0.0,0.0,0.0,0.0,0.3699191122110323,0.0,0.3418170559766992,0.0,0.0,0.0,0.0,0.0,0.0,0.0,0.0,0.0,0.0,0.0,0.0,0.0,0.0,0.0,0.0,0.0,0.0,0.0,0.0,0.450713586043448,0.0,0.0,0.0,0.0,0.0,0.4392905715913847,0.0,0.0,0.0,0.0,0.0,0.0,0.0,0.0,0.0,0.0,0.0,0.0,0.0,0.0,0.0,0.0,0.0,0.3567322097991512,0.0,0.0,0.0,0.0,0.0,0.0,0.0
5.0,2023-09-22,"전국 빵집 다 발라버리는 ㅎㄷㄷ한 빵집...대전 이외 출점하지 않는 원칙으로
가치를 더하고...노잼도시 대전을 성심당 보유도시로 만든 undisputed 빵집",0,88,전국 빵집 다 발라버리는 한 빵집 대전 이외 출점하지 않는 원칙으로 가치를 더하고 노잼도시 대전을 성심당 보유도시로 만든 undisputed 빵집,전국 빵집 발라버리 빵집 대전 이외 출점하지 않는 원칙 가치 노잼도시 대전 성심당 보유도시 만든 undisputed 빵집,2023,9,2023-09,3,4,금,0,81,17,긍정,0,0.0,0.0,0.0,0.0,0.0,0.0,0.0,0.0,0.0,0.0,0.0,0.0,0.4391058404250604,0.0,0.0,0.0,0.0,0.0,0.0,0.0,0.0,0.0,0.0,0.0,0.0,0.0,0.0,0.0,0.0,0.0,0.0,0.0,0.0,0.0,0.0,0.0,0.0,0.0,0.0,0.0,0.0,0.0,0.0,0.0,0.0,0.0,0.0,0.0,0.0,0.8752192696285798,0.0,0.0,0.0,0.0,0.0,0.0,0.20292188392437313,0.0,0.0,0.0,0.0,0.0,0.0,0.0,0.0,0.0,0.0,0.0,0.0,0.0,0.0,0.0,0.0,0.0,0.0,0.0,0.0,0.0,0.0,0.0,0.0,0.0,0.0,0.0,0.0,0.0,0.0,0.0,0.0,0.0,0.0,0.0,0.0,0.0,0.0,0.0,0.0,0.0,0.0,0.0
5.0,2023-09-23,사람이 엄청 많긴한데 빵은 맛있어요,0,19,사람이 엄청 많긴한데 빵은 맛있어요,사람 많긴한데 빵은 맛있어요,2023,9,2023-09,3,5,토,1,19,4,긍정,0,0.0,0.0,0.0,0.0,0.0,0.0,0.0,0.0,0.0,0.0,0.0,0.0,0.0,0.0,0.0,0.0,0.0,0.0,0.0,0.0,0.0,0.0,0.0,0.0,0.0,0.0,0.0,0.0,0.5962347087906875,0.0,0.0,0.0,0.0,0.0,0.0,0.0,0.0,0.0,0.0,0.0,0.0,0.0,0.0,0.0,0.0,0.0,0.6423481635524217,0.0,0.0,0.0,0.481552706164253,0.0,0.0,0.0,0.0,0.0,0.0,0.0,0.0,0.0,0.0,0.0,0.0,0.0,0.0,0.0,0.0,0.0,0.0,0.0,0.0,0.0,0.0,0.0,0.0,0.0,0.0,0.0,0.0,0.0,0.0,0.0,0.0,0.0,0.0,0.0,0.0,0.0,0.0,0.0,0.0,0.0,0.0,0.0,0.0,0.0,0.0,0.0,0.0,0.0
5.0,2023-09-26,가격도 가격인데 너무너무맛있어요,0,17,가격도 가격인데 너무너무맛있어요,가격 가격인데 너무너무맛있어요,2023,9,2023-09,3,1,화,0,17,3,긍정,0,1.0,0.0,0.0,0.0,0.0,0.0,0.0,0.0,0.0,0.0,0.0,0.0,0.0,0.0,0.0,0.0,0.0,0.0,0.0,0.0,0.0,0.0,0.0,0.0,0.0,0.0,0.0,0.0,0.0,0.0,0.0,0.0,0.0,0.0,0.0,0.0,0.0,0.0,0.0,0.0,0.0,0.0,0.0,0.0,0.0,0.0,0.0,0.0,0.0,0.0,0.0,0.0,0.0,0.0,0.0,0.0,0.0,0.0,0.0,0.0,0.0,0.0,0.0,0.0,0.0,0.0,0.0,0.0,0.0,0.0,0.0,0.0,0.0,0.0,0.0,0.0,0.0,0.0,0.0,0.0,0.0,0.0,0.0,0.0,0.0,0.0,0.0,0.0,0.0,0.0,0.0,0.0,0.0,0.0,0.0,0.0,0.0,0.0,0.0,0.0
5.0,2023-09-27,빵 왕마니 샀는데 얼마 안해서 깜짝 놀랐어용🙊 또 가격이 싸다고 맛이 떨어지는 것도 아니구용!! 역시 성심당♡ 당장 먹고싶은데 위에 자리가 없어서 비오는 날 길빵이라도 해야하나 하는 찰나 직원분이 친절하게 바로 앞 성심문화원?을...,2,130,빵 왕마니 샀는데 얼마 안해서 깜짝 놀랐어용 또 가격이 싸다고 맛이 떨어지는 것도 아니구용 역시 성심당 당장 먹고싶은데 위에 자리가 없어서 비오는 날 길빵이라도 해야하나 하는 찰나 직원분이 친절하게 바로 앞 성심문화원 을,왕마니 샀는데 얼마 안해서 깜짝 놀랐어용 가격 싸다고 맛이 떨어지 것도 아니구용 성심당 당장 먹고싶은데 위에 자리 없어서 비오 길빵 해야하나 찰나 직원분 친절하게 바로 성심문화원,2023,9,2023-09,3,2,수,0,123,26,긍정,0,0.3816998009094981,0.0,0.0,0.0,0.0,0.0,0.0,0.0,0.0,0.0,0.0,0.0,0.0,0.0,0.0,0.0,0.0,0.0,0.0,0.0,0.0,0.0,0.0,0.0,0.0,0.0,0.0,0.0,0.0,0.0,0.0,0.0,0.0,0.0,0.0,0.0,0.0,0.0,0.0,0.0,0.0,0.0,0.0,0.0,0.0,0.0,0.0,0.0,0.0,0.0,0.0,0.0,0.0,0.6315270266109052,0.0,0.0,0.3233953764297191,0.0,0.0,0.0,0.0,0.5923633236026004,0.0,0.0,0.0,0.0,0.0,0.0,0.0,0.0,0.0,0.0,0.0,0.0,0.0,0.0,0.0,0.0,0.0,0.0,0.0,0.0,0.0,0.0,0.0,0.0,0.0,0.0,0.0,0.0,0.0,0.0,0.0,0.0,0.0,0.0,0.0,0.0,0.0,0.0
5.0,2023-09-30,맛 있고 친절하고 가격도 저렴 합니다,0,20,맛 있고 친절하고 가격도 저렴 합니다,있고 친절 가격 저렴,2023,9,2023-09,3,5,토,1,20,4,긍정,0,0.587943292032282,0.0,0.0,0.0,0.0,0.0,0.0,0.0,0.0,0.0,0.0,0.0,0.0,0.0,0.0,0.0,0.0,0.0,0.0,0.0,0.0,0.0,0.0,0.0,0.0,0.0,0.0,0.0,0.0,0.0,0.0,0.0,0.0,0.0,0.0,0.0,0.0,0.0,0.0,0.0,0.0,0.0,0.0,0.0,0.0,0.0,0.0,0.0,0.0,0.0,0.0,0.0,0.0,0.0,0.0,0.0,0.0,0.0,0.0,0.0,0.0,0.0,0.0,0.0,0.0,0.0,0.0,0.0,0.0,0.0,0.0,0.0,0.0,0.0,0.0,0.8089021481948498,0.0,0.0,0.0,0.0,0.0,0.0,0.0,0.0,0.0,0.0,0.0,0.0,0.0,0.0,0.0,0.0,0.0,0.0,0.0,0.0,0.0,0.0,0.0,0.0
4.0,2023-10-02,"2023. 07. 28.
김치찹쌀주먹밥 맛있어요 먹어주세요

+...",0,38,2023 07 28 김치찹쌀주먹밥 맛있어요 먹어주세요,2023 07 28 김치찹쌀주먹밥 맛있어요 먹어주세요,2023,10,2023-10,4,0,월,0,29,6,긍정,0,0.0,0.0,0.0,0.0,0.0,0.0,0.0,0.0,0.0,0.0,0.0,0.0,0.0,0.0,0.0,0.0,0.0,0.0,0.0,0.0,0.0,0.0,0.0,0.0,0.0,0.0,0.0,0.0,1.0,0.0,0.0,0.0,0.0,0.0,0.0,0.0,0.0,0.0,0.0,0.0,0.0,0.0,0.0,0.0,0.0,0.0,0.0,0.0,0.0,0.0,0.0,0.0,0.0,0.0,0.0,0.0,0.0,0.0,0.0,0.0,0.0,0.0,0.0,0.0,0.0,0.0,0.0,0.0,0.0,0.0,0.0,0.0,0.0,0.0,0.0,0.0,0.0,0.0,0.0,0.0,0.0,0.0,0.0,0.0,0.0,0.0,0.0,0.0,0.0,0.0,0.0,0.0,0.0,0.0,0.0,0.0,0.0,0.0,0.0,0.0
5.0,2023-10-06,다들 잘모르지만 여기 식사빵맛집이에요. 치아바타 미친존맛임... 5개살걸....,0,44,다들 잘모르지만 여기 식사빵맛집이에요 치아바타 미친존맛임 5개살걸,다들 잘모르지 식사빵맛집이에요 치아바타 미친존맛임 5개살걸,2023,10,2023-10,4,4,금,0,36,6,긍정,0,0.0,0.0,0.0,0.0,0.0,0.0,0.0,0.0,1.0,0.0,0.0,0.0,0.0,0.0,0.0,0.0,0.0,0.0,0.0,0.0,0.0,0.0,0.0,0.0,0.0,0.0,0.0,0.0,0.0,0.0,0.0,0.0,0.0,0.0,0.0,0.0,0.0,0.0,0.0,0.0,0.0,0.0,0.0,0.0,0.0,0.0,0.0,0.0,0.0,0.0,0.0,0.0,0.0,0.0,0.0,0.0,0.0,0.0,0.0,0.0,0.0,0.0,0.0,0.0,0.0,0.0,0.0,0.0,0.0,0.0,0.0,0.0,0.0,0.0,0.0,0.0,0.0,0.0,0.0,0.0,0.0,0.0,0.0,0.0,0.0,0.0,0.0,0.0,0.0,0.0,0.0,0.0,0.0,0.0,0.0,0.0,0.0,0.0,0.0,0.0
5.0,2023-10-07,대 혜자 베이커리!,0,10,대 혜자 베이커리,혜자 베이커리,2023,10,2023-10,4,5,토,1,9,2,긍정,0,0.0,0.0,0.0,0.0,0.0,0.0,0.0,0.0,0.0,0.0,0.0,0.0,0.0,0.0,0.0,0.0,0.0,0.0,0.0,0.0,0.0,0.0,0.0,0.0,0.0,0.0,0.0,0.0,0.0,0.0,0.0,0.0,0.0,0.0,0.0,0.0,0.0,0.0,0.0,0.0,0.0,0.0,0.0,0.0,0.0,0.0,0.0,0.0,0.0,0.0,0.0,0.0,0.0,0.0,0.0,0.0,0.0,0.0,0.0,0.0,0.0,0.0,0.0,0.0,0.0,0.0,0.0,0.0,0.0,0.0,0.0,0.0,0.0,0.0,0.0,0.0,0.0,0.0,0.0,0.0,0.0,0.0,0.0,0.0,0.0,0.0,0.0,0.0,0.0,0.0,0.0,0.0,0.0,0.0,0.0,0.0,0.0,0.0,0.0,0.0
5.0,2023-10-14,"역시 맛있고 그냥 미쳤습니다 가성비가 좋아요 
전 빵 안 좋아하는데 첨으로 빵 맛있다 ! 싶었어오 
이것때문에 대전 ...",0,68,역시 맛있고 그냥 미쳤습니다 가성비가 좋아요 전 빵 안 좋아하는데 첨으로 빵 맛있다 싶었어오 이것때문에 대전,맛있고 미쳤습니다 가성비 좋아요 좋아하는데 맛있다 싶었어오 이것때문 대전,2023,10,2023-10,4,5,토,1,60,9,긍정,0,0.0,0.0,0.0,0.3972148838963301,0.0,0.0,0.0,0.0,0.0,0.0,0.0,0.0,0.3182554810100897,0.0,0.0,0.0,0.0,0.0,0.0,0.0,0.0,0.0,0.0,0.0,0.0,0.4383480421936488,0.0,0.5494517388071902,0.0,0.0,0.0,0.0,0.0,0.0,0.0,0.0,0.0,0.0,0.0,0.0,0.0,0.0,0.0,0.0,0.0,0.0,0.0,0.0,0.0,0.0,0.0,0.0,0.0,0.0,0.0,0.0,0.0,0.0,0.0,0.0,0.0,0.0,0.0,0.0,0.0,0.0,0.0,0.0,0.0,0.0,0.0,0.0,0.0,0.0,0.0,0.0,0.0,0.0,0.0,0.4968778174209548,0.0,0.0,0.0,0.0,0.0,0.0,0.0,0.0,0.0,0.0,0.0,0.0,0.0,0.0,0.0,0.0,0.0,0.0,0.0,0.0
5.0,2023-10-22,"대전의 자랑 성심당. 줄서기 귀찮다면 오픈런 하는게 낫고, 줄 선다 해도 생각보다 빨리 빠집니다. 맛있고 다양한 빵들. 대전 올때마다 늘 들립니다.",0,82,대전의 자랑 성심당 줄서기 귀찮다면 오픈런 하는게 낫고 줄 선다 해도 생각보다 빨리 빠집니다 맛있고 다양한 빵들 대전 올때마다 늘 들립니다,대전 자랑 성심당 줄서기 귀찮다면 오픈런 하는게 낫고 선다 해도 생각 빨리 빠집니다 맛있고 다양한 빵들 대전 올때마다 들립니다,2023,10,2023-10,4,6,일,1,77,19,긍정,1,0.0,0.0,0.0,0.0,0.0,0.0,0.0,0.0,0.0,0.0,0.0,0.0,0.5299827677215598,0.0,0.0,0.0,0.0,0.0,0.0,0.0,0.0,0.0,0.0,0.0,0.0,0.3649849295443114,0.0,0.0,0.0,0.0,0.0,0.0,0.0,0.0,0.0,0.0,0.0,0.0,0.0,0.0,0.0,0.0,0.0,0.43305803460426584,0.0,0.4027489747356472,0.0,0.0,0.0,0.0,0.0,0.0,0.0,0.0,0.0,0.4197299661266127,0.2449184041127926,0.0,0.0,0.0,0.0,0.0,0.0,0.0,0.0,0.0,0.0,0.0,0.0,0.0,0.0,0.0,0.0,0.0,0.0,0.0,0.0,0.0,0.0,0.0,0.0,0.0,0.0,0.0,0.0,0.0,0.0,0.0,0.0,0.0,0.0,0.0,0.0,0.0,0.0,0.0,0.0,0.0,0.0,0.0
5.0,2023-10-23,맛은있는데 줄이 너무길어요,0,14,맛은있는데 줄이 너무길어요,맛은있는데 줄이 너무길어요,2023,10,2023-10,4,0,월,0,14,3,긍정,0,0.0,0.0,0.0,0.0,0.0,0.0,0.0,0.0,0.0,0.0,0.0,0.0,0.0,0.0,0.0,0.0,0.0,0.0,0.0,0.0,0.0,0.0,0.0,0.0,0.0,0.0,0.0,0.0,0.0,0.0,0.0,0.0,0.0,0.0,0.0,0.0,0.0,0.0,0.0,0.0,0.0,0.0,0.0,0.0,0.0,0.0,0.0,0.0,0.0,0.0,0.0,0.0,0.0,0.0,0.0,0.0,0.0,0.0,0.0,0.0,0.0,0.0,0.0,0.0,0.0,0.0,0.0,0.0,0.0,0.0,0.0,0.0,0.0,0.0,0.0,0.0,0.0,0.0,0.0,0.0,0.0,0.0,0.0,0.0,1.0,0.0,0.0,0.0,0.0,0.0,0.0,0.0,0.0,0.0,0.0,0.0,0.0,0.0,0.0,0.0
5.0,2023-10-27,"대전 살땐 몰랐더랬죠,, 성심당의 소중함을 ㅠ
오랜만에 내려온김에 지인들 먹일 것까지 사가여🫶🏼
서울에...",2,60,대전 살땐 몰랐더랬죠 성심당의 소중함을 오랜만에 내려온김에 지인들 먹일 것까지 사가여 서울에,대전 살땐 몰랐더랬죠 성심당 소중함 오랜 내려온김 지인들 먹일 사가여 서울,2023,10,2023-10,4,4,금,0,51,11,긍정,0,0.0,0.0,0.0,0.0,0.0,0.0,0.0,0.0,0.0,0.0,0.0,0.0,0.7343737725890044,0.0,0.0,0.0,0.0,0.0,0.0,0.0,0.0,0.0,0.0,0.0,0.0,0.0,0.0,0.0,0.0,0.0,0.0,0.0,0.0,0.0,0.0,0.0,0.0,0.0,0.0,0.0,0.0,0.0,0.0,0.0,0.0,0.0,0.0,0.0,0.0,0.0,0.0,0.0,0.0,0.0,0.0,0.0,0.6787452851647615,0.0,0.0,0.0,0.0,0.0,0.0,0.0,0.0,0.0,0.0,0.0,0.0,0.0,0.0,0.0,0.0,0.0,0.0,0.0,0.0,0.0,0.0,0.0,0.0,0.0,0.0,0.0,0.0,0.0,0.0,0.0,0.0,0.0,0.0,0.0,0.0,0.0,0.0,0.0,0.0,0.0,0.0,0.0
5.0,2023-10-28,"저의 최애 빵집 ㅜㅜ 성심당때문에 대전 살고싶어요.

튀김소보로와 튀긴빵류는 전부 맛있고(도넛 사라다...",0,59,저의 최애 빵집 성심당때문에 대전 살고싶어요 튀김소보로와 튀긴빵류는 전부 맛있고 도넛 사라다,저의 최애 빵집 성심당때문 대전 살고싶어요 튀김소보로 튀긴빵류 전부 맛있고 도넛 사라다,2023,10,2023-10,4,5,토,1,51,12,긍정,0,0.0,0.0,0.0,0.0,0.0,0.0,0.0,0.0,0.0,0.0,0.0,0.0,0.30914590321517943,0.0,0.0,0.0,0.0,0.0,0.0,0.0,0.0,0.0,0.0,0.0,0.0,0.42580099797956006,0.0,0.0,0.0,0.0,0.0,0.0,0.0,0.0,0.0,0.0,0.0,0.0,0.0,0.0,0.0,0.0,0.0,0.0,0.0,0.0,0.0,0.0,0.0,0.41079002936018205,0.0,0.0,0.0,0.0,0.0,0.0,0.0,0.0,0.0,0.0,0.0,0.0,0.0,0.0,0.0,0.0,0.0,0.0,0.0,0.0,0.0,0.0,0.0,0.0,0.0,0.0,0.0,0.0,0.0,0.0,0.0,0.0,0.0,0.0,0.0,0.0,0.0,0.0,0.5724796656499649,0.0,0.0,0.4760681724715976,0.0,0.0,0.0,0.0,0.0,0.0,0.0,0.0
5.0,2023-10-28,"소문난 잔치집에 먹을거리 최고 많은 찐 맛집 !! 
명란바게트 부추빵 빅매치 !!!",0,46,소문난 잔치집에 먹을거리 최고 많은 찐 맛집 명란바게트 부추빵 빅매치,소문난 잔치집 먹을거리 최고 많은 맛집 명란바게트 부추빵 빅매치,2023,10,2023-10,4,5,토,1,38,9,긍정,0,0.0,0.0,0.0,0.0,0.0,0.0,0.0,0.0,0.0,0.0,0.0,0.0,0.0,0.0,0.0,0.0,0.0,0.0,0.5696276868559889,0.0,0.0,0.0,0.0,0.0,0.0,0.0,0.0,0.0,0.0,0.0,0.0,0.0,0.0,0.0,0.0,0.0,0.4574140164767413,0.0,0.0,0.0,0.0,0.0,0.4860141792003949,0.0,0.0,0.0,0.0,0.0,0.0,0.0,0.0,0.0,0.0,0.0,0.0,0.0,0.0,0.0,0.0,0.0,0.0,0.0,0.0,0.0,0.0,0.0,0.0,0.0,0.0,0.0,0.0,0.0,0.0,0.0,0.0,0.0,0.0,0.0,0.0,0.0,0.0,0.0,0.0,0.0,0.0,0.0,0.0,0.47967377822211343,0.0,0.0,0.0,0.0,0.0,0.0,0.0,0.0,0.0,0.0,0.0,0.0
5.0,2023-10-30,토요일 주말에 가니까 줄을 30분 섰지만 ㅜ!! 주변이 번화가 좁은 골목이라 사람에 채이고 정신없지만!! 기빨리지만!! 이 가성비에 차가워져도 맛있는빵 성심당이니까 용서된다… 아쉬운건 명란바게트가 품절이라 못샀음 ㅜㅜㅜ,0,122,토요일 주말에 가니까 줄을 30분 섰지만 주변이 번화가 좁은 골목이라 사람에 채이고 정신없지만 기빨리지만 이 가성비에 차가워져도 맛있는빵 성심당이니까 용서된다 아쉬운건 명란바게트가 품절이라 못샀음,토요일 주말 가니까 줄을 30분 섰지 주변 번화 좁은 골목이라 사람 채이고 정신없지 기빨리지 가성비 차가워져 맛있는빵 성심당이니까 용서된다 아쉬운건 명란바게트 품절이라 못샀음,2023,10,2023-10,4,0,월,0,109,23,긍정,0,0.0,0.0,0.0,0.39336431263800514,0.0,0.0,0.0,0.0,0.0,0.0,0.0,0.0,0.0,0.0,0.0,0.0,0.0,0.0,0.0,0.0,0.0,0.0,0.0,0.0,0.0,0.0,0.0,0.0,0.0,0.0,0.0,0.0,0.0,0.0,0.0,0.0,0.4567846654163152,0.0,0.0,0.0,0.0,0.0,0.0,0.0,0.0,0.0,0.0,0.0,0.0,0.0,0.32241305880743815,0.0,0.0,0.0,0.0,0.0,0.0,0.0,0.0,0.0,0.0,0.0,0.0,0.0,0.0,0.0,0.0,0.0,0.0,0.0,0.0,0.0,0.0,0.0,0.0,0.0,0.0,0.0,0.0,0.0,0.0,0.47302454727384485,0.0,0.0,0.0,0.0,0.0,0.0,0.0,0.0,0.5557966212295106,0.0,0.0,0.0,0.0,0.0,0.0,0.0,0.0,0.0
5.0,2023-11-02,명란바게트 먹고 싶을 때 서울에서 대전까지 감. 마늘바게트도 좋아하는데 P사 T사 등 대형 빵집은 마늘꿀 양이 서운할 정도로 발려져 있는데 성심당은 마늘꿀에 바게트가 푹 절여져 있음. 재료를 아끼지 않는 점이 맛의 ...,0,123,명란바게트 먹고 싶을 때 서울에서 대전까지 감 마늘바게트도 좋아하는데 P사 T사 등 대형 빵집은 마늘꿀 양이 서운할 정도로 발려져 있는데 성심당은 마늘꿀에 바게트가 푹 절여져 있음 재료를 아끼지 않는 점이 맛의,명란바게트 먹고 싶을 서울 대전 마늘바게트 좋아하는데 P사 T사 대형 빵집 마늘꿀 양이 서운할 발려져 있는데 성심당 마늘꿀 바게트 절여져 있음 재료 아끼지 않는 점이 맛의,2023,11,2023-11,4,3,목,0,117,26,긍정,0,0.0,0.0,0.0,0.0,0.0,0.0,0.0,0.0,0.0,0.0,0.0,0.0,0.3433217814738038,0.0,0.0,0.0,0.0,0.0,0.0,0.0,0.0,0.0,0.0,0.0,0.0,0.0,0.0,0.0,0.0,0.0,0.0,0.0,0.0,0.0,0.0,0.0,0.49758529604796525,0.0,0.0,0.0,0.0,0.0,0.0,0.0,0.0,0.0,0.0,0.0,0.0,0.45620259956493253,0.0,0.0,0.0,0.0,0.0,0.0,0.317315308862652,0.0,0.0,0.0,0.0,0.0,0.0,0.0,0.0,0.0,0.0,0.0,0.0,0.0,0.0,0.0,0.0,0.5707269140614539,0.0,0.0,0.0,0.0,0.0,0.0,0.0,0.0,0.0,0.0,0.0,0.0,0.0,0.0,0.0,0.0,0.0,0.0,0.0,0.0,0.0,0.0,0.0,0.0,0.0,0.0
1.0,2023-11-03,빵 싼건 알겠는데.. 인간적으로.. 매장 내 인원 제한 좀 하고 동선 정리 좀 해야할듯..,0,50,빵 싼건 알겠는데 인간적으로 매장 내 인원 제한 좀 하고 동선 정리 좀 해야할듯,싼건 알겠는데 인간적 매장 인원 제한 동선 정리 해야할듯,2023,11,2023-11,4,4,금,0,44,9,부정,0,0.0,0.0,0.0,0.0,0.0,0.0,0.0,0.0,0.0,0.0,0.0,0.0,0.0,0.0,0.0,0.0,0.0,0.0,0.0,0.0,0.0,0.0,0.0,0.0,0.0,0.0,0.0,0.0,0.0,0.0,0.0,0.0,1.0,0.0,0.0,0.0,0.0,0.0,0.0,0.0,0.0,0.0,0.0,0.0,0.0,0.0,0.0,0.0,0.0,0.0,0.0,0.0,0.0,0.0,0.0,0.0,0.0,0.0,0.0,0.0,0.0,0.0,0.0,0.0,0.0,0.0,0.0,0.0,0.0,0.0,0.0,0.0,0.0,0.0,0.0,0.0,0.0,0.0,0.0,0.0,0.0,0.0,0.0,0.0,0.0,0.0,0.0,0.0,0.0,0.0,0.0,0.0,0.0,0.0,0.0,0.0,0.0,0.0,0.0,0.0
5.0,2023-11-05,12시 정도에 오면 이정도의 웨이팅을 경험 가능함. 맛은 그냥 빵임. 큰 기대를 하지는 않길 바람. 튀소도 한번 먹어볼만한 정도의 맛일 뿐.,0,78,12시 정도에 오면 이정도의 웨이팅을 경험 가능함 맛은 그냥 빵임 큰 기대를 하지는 않길 바람 튀소도 한번 먹어볼만한 정도의 맛일 뿐,12시 오면 이정 웨이팅 경험 가능함 맛은 빵임 기대 하지 않길 바람 튀소 한번 먹어볼만한 맛일,2023,11,2023-11,4,6,일,1,74,16,긍정,1,0.0,0.0,0.0,0.0,0.0,0.0,0.0,0.0,0.0,0.0,0.0,0.0,0.0,0.0,0.0,0.0,0.0,0.0,0.0,0.0,0.0,0.0,0.0,0.469140370163694,0.0,0.0,0.0,0.0,0.0,0.0,0.0,0.0,0.0,0.0,0.0,0.0,0.0,0.0,0.0,0.0,0.0,0.0,0.0,0.0,0.0,0.0,0.0,0.0,0.0,0.0,0.0,0.0,0.0,0.0,0.0,0.0,0.0,0.0,0.0,0.0,0.0,0.0,0.0,0.3601687191261905,0.0,0.0,0.0,0.5226035793359535,0.0,0.0,0.0,0.0,0.0,0.0,0.0,0.0,0.0,0.0,0.0,0.0,0.0,0.0,0.0,0.0,0.0,0.0,0.0,0.0,0.0,0.0,0.0,0.0,0.41363192829844997,0.0,0.0,0.0,0.0,0.4538501224005865,0.0,0.0
5.0,2023-11-06,대전하면 성심당,0,8,대전하면 성심당,대전하면 성심당,2023,11,2023-11,4,0,월,0,8,2,긍정,0,0.0,0.0,0.0,0.0,0.0,0.0,0.0,0.0,0.0,0.0,0.0,0.0,0.0,0.0,0.0,0.0,0.0,0.0,0.0,0.0,0.0,0.0,0.0,0.0,0.0,0.0,0.0,0.0,0.0,0.0,0.0,0.0,0.0,0.0,0.0,0.0,0.0,0.0,0.0,0.0,0.0,0.0,0.0,0.0,0.0,0.0,0.0,0.0,0.0,0.0,0.0,0.0,0.0,0.0,0.0,0.0,1.0,0.0,0.0,0.0,0.0,0.0,0.0,0.0,0.0,0.0,0.0,0.0,0.0,0.0,0.0,0.0,0.0,0.0,0.0,0.0,0.0,0.0,0.0,0.0,0.0,0.0,0.0,0.0,0.0,0.0,0.0,0.0,0.0,0.0,0.0,0.0,0.0,0.0,0.0,0.0,0.0,0.0,0.0,0.0
5.0,2023-11-10,"한국전쟁 1.4 흥남 철수때 내려와 우연히 대전에 정착
밀가루 2포대를 찐빵으로 만들어 팔던 성심당.
2005년 화재로 모든 걸 잃었어도...",0,79,한국전쟁 1 4 흥남 철수때 내려와 우연히 대전에 정착 밀가루 2포대를 찐빵으로 만들어 팔던 성심당 2005년 화재로 모든 걸 잃었어도,한국전쟁 흥남 철수때 내려 우연히 대전 정착 밀가루 2포대 찐빵 만들어 팔던 성심당 2005년 화재 모든 잃었어,2023,11,2023-11,4,4,금,0,75,17,긍정,0,0.0,0.0,0.0,0.0,0.0,0.0,0.0,0.0,0.0,0.0,0.0,0.0,0.7343737725890044,0.0,0.0,0.0,0.0,0.0,0.0,0.0,0.0,0.0,0.0,0.0,0.0,0.0,0.0,0.0,0.0,0.0,0.0,0.0,0.0,0.0,0.0,0.0,0.0,0.0,0.0,0.0,0.0,0.0,0.0,0.0,0.0,0.0,0.0,0.0,0.0,0.0,0.0,0.0,0.0,0.0,0.0,0.0,0.6787452851647615,0.0,0.0,0.0,0.0,0.0,0.0,0.0,0.0,0.0,0.0,0.0,0.0,0.0,0.0,0.0,0.0,0.0,0.0,0.0,0.0,0.0,0.0,0.0,0.0,0.0,0.0,0.0,0.0,0.0,0.0,0.0,0.0,0.0,0.0,0.0,0.0,0.0,0.0,0.0,0.0,0.0,0.0,0.0
5.0,2023-11-10,말해뭐합니까,0,6,말해뭐합니까,말해뭐합니까,2023,11,2023-11,4,4,금,0,6,1,긍정,0,0.0,0.0,0.0,0.0,0.0,0.0,0.0,0.0,0.0,0.0,0.0,0.0,0.0,0.0,0.0,0.0,0.0,0.0,0.0,0.0,0.0,0.0,0.0,0.0,0.0,0.0,0.0,0.0,0.0,0.0,0.0,0.0,0.0,0.0,0.0,0.0,0.0,0.0,0.0,0.0,0.0,0.0,0.0,0.0,0.0,0.0,0.0,0.0,0.0,0.0,0.0,0.0,0.0,0.0,0.0,0.0,0.0,0.0,0.0,0.0,0.0,0.0,0.0,0.0,0.0,0.0,0.0,0.0,0.0,0.0,0.0,0.0,0.0,0.0,0.0,0.0,0.0,0.0,0.0,0.0,0.0,0.0,0.0,0.0,0.0,0.0,0.0,0.0,0.0,0.0,0.0,0.0,0.0,0.0,0.0,0.0,0.0,0.0,0.0,0.0
5.0,2023-11-11,"샌드위치 당일
순수롤, 명란바게트, 소금빵, 작은메아리 필수",0,33,샌드위치 당일 순수롤 명란바게트 소금빵 작은메아리 필수,샌드위치 당일 순수롤 명란바게트 소금빵 작은메아리 필수,2023,11,2023-11,4,5,토,1,30,7,긍정,0,0.0,0.0,0.0,0.0,0.0,0.0,0.0,0.0,0.0,0.0,0.0,0.0,0.0,0.0,0.0,0.0,0.0,0.0,0.0,0.0,0.0,0.0,0.0,0.0,0.0,0.0,0.0,0.0,0.0,0.0,0.0,0.0,0.0,0.0,0.0,0.0,0.43425880984992316,0.0,0.0,0.0,0.0,0.0,0.0,0.0,0.0,0.0,0.0,0.0,0.0,0.0,0.0,0.0,0.0,0.0,0.48966245353093896,0.0,0.0,0.5283880951514863,0.0,0.0,0.0,0.0,0.0,0.0,0.0,0.0,0.0,0.0,0.0,0.0,0.0,0.0,0.0,0.0,0.5407920012093127,0.0,0.0,0.0,0.0,0.0,0.0,0.0,0.0,0.0,0.0,0.0,0.0,0.0,0.0,0.0,0.0,0.0,0.0,0.0,0.0,0.0,0.0,0.0,0.0,0.0
5.0,2023-11-13,튀소 크리미튀소랑 메아리 크림치즈화이트번이 ㄹㅇ 맛도리,0,30,튀소 크리미튀소랑 메아리 크림치즈화이트번이 맛도리,튀소 크리미튀소 메아리 크림치즈화이트번 맛도리,2023,11,2023-11,4,0,월,0,27,5,긍정,0,0.0,0.0,0.0,0.0,0.0,0.0,0.0,0.0,0.0,0.0,0.0,0.0,0.0,0.0,0.0,0.0,0.0,0.0,0.0,0.0,0.0,0.0,0.0,0.0,0.0,0.0,0.0,0.0,0.0,0.0,0.0,0.0,0.0,0.0,0.0,0.0,0.0,0.0,0.0,0.0,0.0,0.0,0.0,0.0,0.0,0.0,0.0,0.0,0.0,0.0,0.0,0.0,0.0,0.0,0.0,0.0,0.0,0.0,0.0,0.0,0.0,0.0,0.0,0.0,0.0,0.0,0.0,0.0,0.0,0.0,0.0,0.0,0.0,0.0,0.0,0.0,0.0,0.0,0.0,0.0,0.0,0.0,0.0,0.0,0.0,0.0,0.0,0.0,0.0,0.0,0.0,0.0,1.0,0.0,0.0,0.0,0.0,0.0,0.0,0.0
5.0,2023-11-14,"주말이라 사람이 많을 것이라 생각했지만,
많아도 너무 많아서 놀랐답니다!
3-40분 정도는 밖에...",0,56,주말이라 사람이 많을 것이라 생각했지만 많아도 너무 많아서 놀랐답니다 3 40분 정도는 밖에,주말이라 사람 많을 것이라 생각했지 많아 많아서 놀랐답니다 40분 밖에,2023,11,2023-11,4,1,화,0,51,10,긍정,0,0.0,0.0,0.0,0.0,0.0,0.0,0.0,0.0,0.0,0.0,0.0,0.0,0.0,0.0,0.0,0.0,0.5802201553285578,0.4768572880728505,0.0,0.0,0.0,0.0,0.0,0.0,0.0,0.0,0.0,0.0,0.0,0.0,0.0,0.0,0.0,0.0,0.0,0.0,0.0,0.0,0.5680360568829104,0.0,0.0,0.0,0.0,0.0,0.0,0.0,0.0,0.0,0.0,0.0,0.33658095050555964,0.0,0.0,0.0,0.0,0.0,0.0,0.0,0.0,0.0,0.0,0.0,0.0,0.0,0.0,0.0,0.0,0.0,0.0,0.0,0.0,0.0,0.0,0.0,0.0,0.0,0.0,0.0,0.0,0.0,0.0,0.0,0.0,0.0,0.0,0.0,0.0,0.0,0.0,0.0,0.0,0.0,0.0,0.0,0.0,0.0,0.0,0.0,0.0,0.0
4.0,2023-11-16,"맛있긴한데, 빵에 대해 잘 모르거나 좋아하지 않는 사람은 감흥이 없을 듯 해요.",0,44,맛있긴한데 빵에 대해 잘 모르거나 좋아하지 않는 사람은 감흥이 없을 듯 해요,맛있긴한데 빵에 대해 모르거나 좋아하지 않는 사람 감흥 없을,2023,11,2023-11,4,3,목,0,42,9,긍정,0,0.0,0.0,0.0,0.0,0.0,0.0,0.0,0.0,0.0,0.0,0.0,0.0,0.0,0.0,0.0,0.0,0.0,0.0,0.0,0.0,0.0,0.0,0.0,0.0,0.0,0.0,0.0,0.0,0.0,0.0,0.0,0.0,0.0,0.0,0.0,0.0,0.0,0.0,0.0,0.0,0.0,0.0,0.0,0.0,0.0,0.0,0.0,0.0,0.0,0.0,1.0,0.0,0.0,0.0,0.0,0.0,0.0,0.0,0.0,0.0,0.0,0.0,0.0,0.0,0.0,0.0,0.0,0.0,0.0,0.0,0.0,0.0,0.0,0.0,0.0,0.0,0.0,0.0,0.0,0.0,0.0,0.0,0.0,0.0,0.0,0.0,0.0,0.0,0.0,0.0,0.0,0.0,0.0,0.0,0.0,0.0,0.0,0.0,0.0,0.0
4.0,2023-11-17,부추빵 맛있어요! 근데 저녁 먹고 가면 원하는 빵은 다 팔려있는…,0,36,부추빵 맛있어요 근데 저녁 먹고 가면 원하는 빵은 다 팔려있는,부추빵 맛있어요 저녁 먹고 가면 원하 빵은 팔려있,2023,11,2023-11,4,4,금,0,34,8,긍정,0,0.0,0.0,0.5668223363818453,0.0,0.0,0.0,0.0,0.0,0.0,0.0,0.0,0.0,0.0,0.0,0.0,0.0,0.0,0.0,0.0,0.0,0.0,0.0,0.0,0.0,0.0,0.0,0.0,0.0,0.431877595844629,0.0,0.0,0.0,0.0,0.0,0.0,0.0,0.0,0.0,0.0,0.0,0.0,0.0,0.5250801637803254,0.0,0.0,0.0,0.4652794888994315,0.0,0.0,0.0,0.0,0.0,0.0,0.0,0.0,0.0,0.0,0.0,0.0,0.0,0.0,0.0,0.0,0.0,0.0,0.0,0.0,0.0,0.0,0.0,0.0,0.0,0.0,0.0,0.0,0.0,0.0,0.0,0.0,0.0,0.0,0.0,0.0,0.0,0.0,0.0,0.0,0.0,0.0,0.0,0.0,0.0,0.0,0.0,0.0,0.0,0.0,0.0,0.0,0.0
2.0,2023-11-21,영수증 꼭 잘 확인하세요. 집에 와서 영수증 확인해서 보니 직원들이 너무 바뻐서 그런지 뱅오쇼콜라를 초코폭탄으로 잘못찍어서 계산해놨네요. 두 빵의 가격차이가 많이 나서 여러개 샀으면 아주아주 난감할뻔 했네요.,0,116,영수증 꼭 잘 확인하세요 집에 와서 영수증 확인해서 보니 직원들이 너무 바뻐서 그런지 뱅오쇼콜라를 초코폭탄으로 잘못찍어서 계산해놨네요 두 빵의 가격차이가 많이 나서 여러개 샀으면 아주아주 난감할뻔 했네요,영수증 확인하세요 집에 와서 영수증 확인해서 보니 직원들 바뻐서 그런지 뱅오쇼콜라 초코폭탄 잘못찍어서 계산해놨네요 빵의 가격차 나서 여러개 샀으면 아주아주 난감할뻔 했네요,2023,11,2023-11,4,1,화,0,113,22,부정,0,0.0,0.0,0.0,0.0,0.0,0.0,0.0,0.0,0.0,0.0,0.0,0.0,0.0,0.0,0.0,0.0,0.0,0.0,0.0,0.0,0.0,0.0,0.0,0.0,0.0,0.0,0.0,0.0,0.0,0.0,0.0,0.0,0.0,0.0,0.0,0.0,0.0,0.0,0.0,0.0,0.0,0.0,0.0,0.0,0.0,0.0,0.0,0.0,0.0,0.0,0.0,0.0,0.0,0.0,0.0,0.0,0.0,0.0,0.0,0.0,0.0,0.0,0.0,0.0,0.0,0.0,0.0,0.0,0.0,0.0,0.0,0.0,0.0,0.0,0.0,0.0,0.0,0.0,0.0,0.0,0.0,0.0,0.0,0.0,0.0,0.0,0.0,0.0,0.0,0.0,0.0,0.0,0.0,0.0,0.0,0.0,0.0,0.0,0.0,0.0
5.0,2023-11-24,"최고에요,,성심당의 도시 대전! 성심당 하나만으로 재방문하고싶어오",0,36,최고에요 성심당의 도시 대전 성심당 하나만으로 재방문하고싶어오,최고에요 성심당 도시 대전 성심당 하나 재방문하고싶어오,2023,11,2023-11,4,4,금,0,34,7,긍정,0,0.0,0.0,0.0,0.0,0.0,0.0,0.0,0.0,0.0,0.0,0.0,0.0,0.3644972890960315,0.0,0.0,0.0,0.0,0.0,0.0,0.0,0.0,0.0,0.0,0.0,0.0,0.0,0.0,0.0,0.0,0.0,0.0,0.0,0.0,0.0,0.0,0.0,0.0,0.0,0.0,0.0,0.0,0.0,0.0,0.0,0.0,0.0,0.0,0.0,0.0,0.0,0.0,0.0,0.0,0.0,0.0,0.0,0.6737735623565833,0.0,0.0,0.0,0.0,0.0,0.0,0.0,0.0,0.0,0.0,0.0,0.0,0.0,0.0,0.0,0.0,0.0,0.0,0.0,0.0,0.0,0.0,0.0,0.0,0.0,0.0,0.0,0.0,0.0,0.0,0.0,0.0,0.0,0.0,0.0,0.0,0.0,0.0,0.0,0.6427837217221383,0.0,0.0,0.0
5.0,2023-11-29,성심당 본점과 베이커리식당 처음 가보았는데 유명한 이유를 알게되었네요 가성비가 아니라 가심비도 좋은 곳~*,0,59,성심당 본점과 베이커리식당 처음 가보았는데 유명한 이유를 알게되었네요 가성비가 아니라 가심비도 좋은 곳,성심당 본점 베이커리식당 처음 가보았는데 유명한 이유 알게되었네요 가성비 아니라 가심비 좋은,2023,11,2023-11,4,2,수,0,57,12,긍정,0,0.0,0.0,0.0,0.3031629614404421,0.0,0.0,0.0,0.0,0.0,0.0,0.0,0.0,0.0,0.0,0.0,0.0,0.0,0.0,0.0,0.0,0.0,0.0,0.0,0.0,0.0,0.0,0.0,0.0,0.0,0.0,0.0,0.0,0.0,0.0,0.0,0.0,0.0,0.0,0.0,0.0,0.0,0.3792278605620289,0.0,0.0,0.0,0.0,0.0,0.0,0.0,0.0,0.0,0.0,0.0,0.0,0.0,0.0,0.22449991812788153,0.0,0.0,0.0,0.0,0.0,0.0,0.0,0.41121650877913596,0.0,0.42834833826318663,0.0,0.0,0.0,0.0,0.0,0.0,0.0,0.0,0.0,0.0,0.0,0.0,0.0,0.41121650877913596,0.0,0.0,0.0,0.0,0.0,0.43840381187547406,0.0,0.0,0.0,0.0,0.0,0.0,0.0,0.0,0.0,0.0,0.0,0.0,0.0
5.0,2023-11-30,"정말 대전사람이고싶다.....
사랑해요 성심당❤️",1,27,정말 대전사람이고싶다 사랑해요 성심당,대전사람이고싶다 사랑해요 성심당,2023,11,2023-11,4,3,목,0,20,3,긍정,0,0.0,0.0,0.0,0.0,0.0,0.0,0.0,0.0,0.0,0.0,0.0,0.0,0.0,0.0,0.0,0.0,0.0,0.0,0.0,0.0,0.0,0.0,0.0,0.0,0.0,0.0,0.0,0.0,0.0,0.0,0.0,0.0,0.0,0.0,0.0,0.0,0.0,0.0,0.0,0.0,0.0,0.0,0.0,0.0,0.0,0.0,0.0,0.0,0.0,0.0,0.0,0.0,0.0,0.0,0.0,0.0,1.0,0.0,0.0,0.0,0.0,0.0,0.0,0.0,0.0,0.0,0.0,0.0,0.0,0.0,0.0,0.0,0.0,0.0,0.0,0.0,0.0,0.0,0.0,0.0,0.0,0.0,0.0,0.0,0.0,0.0,0.0,0.0,0.0,0.0,0.0,0.0,0.0,0.0,0.0,0.0,0.0,0.0,0.0,0.0
5.0,2023-12-01,크리스마스 시즌이라 그런지 사람이 정말 무지막지하게 많네용... 일요일 하루종일 줄이 정말 길더라구요! 역시 대전의 자랑 성심당~~,0,73,크리스마스 시즌이라 그런지 사람이 정말 무지막지하게 많네용 일요일 하루종일 줄이 정말 길더라구요 역시 대전의 자랑 성심당,크리스마스 시즌이라 그런지 사람 무지막지하게 많네용 일요일 하루종일 줄이 길더라구요 대전 자랑 성심당,2023,12,2023-12,4,4,금,0,67,13,긍정,0,0.0,0.0,0.0,0.0,0.0,0.0,0.0,0.0,0.0,0.0,0.0,0.0,0.45821628381181706,0.0,0.0,0.0,0.0,0.0,0.0,0.0,0.0,0.0,0.0,0.0,0.0,0.0,0.0,0.0,0.0,0.0,0.0,0.0,0.0,0.0,0.0,0.0,0.0,0.0,0.0,0.0,0.0,0.0,0.0,0.0,0.0,0.0,0.0,0.0,0.0,0.0,0.46874625133029996,0.0,0.0,0.0,0.0,0.0,0.42350660362846104,0.0,0.0,0.0,0.0,0.0,0.0,0.0,0.0,0.0,0.0,0.0,0.0,0.0,0.0,0.0,0.0,0.0,0.0,0.0,0.0,0.0,0.0,0.0,0.0,0.0,0.0,0.0,0.6252655002449481,0.0,0.0,0.0,0.0,0.0,0.0,0.0,0.0,0.0,0.0,0.0,0.0,0.0,0.0,0.0
5.0,2023-12-04,"주차가능해서 좋았구요, 빵도 너무 맛있구! 싸고! 사람이 많았지만 그 안에서 질서가 생겨가지고 나름 쾌적했습니다 ㅋㅋㅋ 애플브리샌드위치 존맛입니다 꼭드세요ㅜ 작은메아리랑 튀소 튀소구마 3개씩 살걸 후회됩니다...ㅠㅠ❤️",1,122,주차가능해서 좋았구요 빵도 너무 맛있구 싸고 사람이 많았지만 그 안에서 질서가 생겨가지고 나름 쾌적했습니다 애플브리샌드위치 존맛입니다 꼭드세요 작은메아리랑 튀소 튀소구마 3개씩 살걸 후회됩니다,주차가능해서 좋았구요 빵도 맛있구 싸고 사람 많았지 질서 생겨가지고 나름 쾌적했습니다 애플브리샌드위치 존맛입니다 꼭드세요 작은메아리 튀소 튀소구마 3개씩 살걸 후회됩니다,2023,12,2023-12,4,0,월,0,107,20,긍정,0,0.0,0.0,0.0,0.0,0.0,0.0,0.0,0.0,0.0,0.0,0.0,0.0,0.0,0.0,0.0,0.0,0.0,0.0,0.0,0.0,0.0,0.0,0.0,0.0,0.0,0.0,0.0,0.0,0.0,0.0,0.0,0.0,0.0,0.0,0.0,0.0,0.0,0.0,0.0,0.0,0.0,0.0,0.0,0.0,0.3702281590881958,0.0,0.0,0.0,0.0,0.0,0.26695168879346604,0.0,0.0,0.0,0.0,0.0,0.0,0.0,0.0,0.4601887008290661,0.0,0.0,0.0,0.0,0.0,0.0,0.0,0.0,0.0,0.0,0.0,0.0,0.0,0.0,0.4709916266828751,0.0,0.0,0.0,0.0,0.0,0.0,0.0,0.0,0.0,0.0,0.0,0.0,0.0,0.0,0.0,0.0,0.0,0.38247550630284016,0.4601887008290661,0.0,0.0,0.0,0.0,0.0,0.0
5.0,2023-12-05,"줄이 길지만 회전율이 높아서 금방 들어가요. 방금 나온 빵들이 한가득..
주차 가능해요.",0,49,줄이 길지만 회전율이 높아서 금방 들어가요 방금 나온 빵들이 한가득 주차 가능해요,줄이 길지 회전율 높아서 금방 들어가요 방금 나온 빵들 한가득 주차 가능해요,2023,12,2023-12,4,1,화,0,45,12,긍정,0,0.0,0.0,0.0,0.0,0.0,0.0,0.5214162994964247,0.0,0.0,0.0,0.0,0.0,0.0,0.0,0.0,0.0,0.0,0.0,0.0,0.0,0.0,0.0,0.0,0.0,0.0,0.0,0.0,0.0,0.0,0.0,0.0,0.0,0.0,0.0,0.0,0.0,0.0,0.0,0.0,0.0,0.0,0.0,0.0,0.0,0.0,0.48492318177294846,0.0,0.0,0.0,0.0,0.0,0.0,0.0,0.0,0.0,0.0,0.0,0.0,0.0,0.0,0.0,0.0,0.0,0.0,0.0,0.0,0.0,0.0,0.0,0.0,0.0,0.0,0.0,0.0,0.0,0.0,0.0,0.0,0.0,0.0,0.0,0.0,0.5508380294598749,0.0,0.43537571785690654,0.0,0.0,0.0,0.0,0.0,0.0,0.0,0.0,0.0,0.0,0.0,0.0,0.0,0.0,0.0
5.0,2023-12-06,"맛있고, 친절하고, 가격도 합리적이고... 3년만에 다시 찾았는데 모든 부분에서 업그레이드 된 느낌이었습니다. 2층 테라스키친의 식사도 왠만한 음식점보다 낫습니다. 멀리서 성심당만 보고 대전 오셔도 후회 안하실 거라고 생각합니다.",0,128,맛있고 친절하고 가격도 합리적이고 3년만에 다시 찾았는데 모든 부분에서 업그레이드 된 느낌이었습니다 2층 테라스키친의 식사도 왠만한 음식점보다 낫습니다 멀리서 성심당만 보고 대전 오셔도 후회 안하실 거라고 생각합니다,맛있고 친절 가격 합리적이고 3년 찾았는데 모든 부분 업그레이드 느낌이었습니다 2층 테라스키친 식사 왠만한 음식점 낫습니다 멀리서 성심당 보고 대전 오셔 후회 안하실 거라고 생각합니다,2023,12,2023-12,4,2,수,0,120,25,긍정,0,0.49074420291641724,0.0,0.0,0.0,0.0,0.0,0.0,0.0,0.0,0.0,0.0,0.0,0.44986000465618026,0.0,0.0,0.0,0.0,0.0,0.0,0.0,0.0,0.0,0.0,0.0,0.0,0.6196130595344267,0.0,0.0,0.0,0.0,0.0,0.0,0.0,0.0,0.0,0.0,0.0,0.0,0.0,0.0,0.0,0.0,0.0,0.0,0.0,0.0,0.0,0.0,0.0,0.0,0.0,0.0,0.0,0.0,0.0,0.0,0.41578330891109466,0.0,0.0,0.0,0.0,0.0,0.0,0.0,0.0,0.0,0.0,0.0,0.0,0.0,0.0,0.0,0.0,0.0,0.0,0.0,0.0,0.0,0.0,0.0,0.0,0.0,0.0,0.0,0.0,0.0,0.0,0.0,0.0,0.0,0.0,0.0,0.0,0.0,0.0,0.0,0.0,0.0,0.0,0.0
5.0,2023-12-07,"명란 바게뜨... 널 사랑해
소금빵... 너무 촉촉해",0,29,명란 바게뜨 널 사랑해 소금빵 너무 촉촉해,명란 바게뜨 사랑해 소금빵 촉촉해,2023,12,2023-12,4,3,목,0,23,5,긍정,0,0.0,0.0,0.0,0.0,0.0,0.0,0.0,0.0,0.0,0.0,0.0,0.0,0.0,0.0,0.0,0.0,0.0,0.0,0.0,0.0,0.0,0.0,0.0,0.0,0.0,0.0,0.0,0.0,0.0,0.0,0.0,0.0,0.0,0.0,0.0,0.7241670379324696,0.0,0.0,0.0,0.0,0.0,0.0,0.0,0.0,0.0,0.0,0.0,0.0,0.0,0.0,0.0,0.0,0.0,0.0,0.0,0.0,0.0,0.6896246088794347,0.0,0.0,0.0,0.0,0.0,0.0,0.0,0.0,0.0,0.0,0.0,0.0,0.0,0.0,0.0,0.0,0.0,0.0,0.0,0.0,0.0,0.0,0.0,0.0,0.0,0.0,0.0,0.0,0.0,0.0,0.0,0.0,0.0,0.0,0.0,0.0,0.0,0.0,0.0,0.0,0.0,0.0
5.0,2023-12-08,대전시청입니다. 웨이팅 기니 각오하고오셔야합니다,0,26,대전시청입니다 웨이팅 기니 각오하고오셔야합니다,대전시청입니다 웨이팅 기니 각오하고오셔야합니다,2023,12,2023-12,4,4,금,0,25,4,긍정,1,0.0,0.0,0.0,0.0,0.0,0.0,0.0,0.0,0.0,0.0,0.0,0.0,0.0,0.0,0.0,0.0,0.0,0.0,0.0,0.0,0.0,0.0,0.0,0.0,0.0,0.0,0.0,0.0,0.0,0.0,0.0,0.0,0.0,0.0,0.0,0.0,0.0,0.0,0.0,0.0,0.0,0.0,0.0,0.0,0.0,0.0,0.0,0.0,0.0,0.0,0.0,0.0,0.0,0.0,0.0,0.0,0.0,0.0,0.0,0.0,0.0,0.0,0.0,1.0,0.0,0.0,0.0,0.0,0.0,0.0,0.0,0.0,0.0,0.0,0.0,0.0,0.0,0.0,0.0,0.0,0.0,0.0,0.0,0.0,0.0,0.0,0.0,0.0,0.0,0.0,0.0,0.0,0.0,0.0,0.0,0.0,0.0,0.0,0.0,0.0
5.0,2023-12-08,절 가지세요 사랑해요 성심당❤️,1,17,절 가지세요 사랑해요 성심당,가지세요 사랑해요 성심당,2023,12,2023-12,4,4,금,0,15,3,긍정,0,0.0,0.0,0.0,0.0,0.0,0.0,0.0,0.0,0.0,0.0,0.0,0.0,0.0,0.0,0.0,0.0,0.0,0.0,0.0,0.0,0.0,0.0,0.0,0.0,0.0,0.0,0.0,0.0,0.0,0.0,0.0,0.0,0.0,0.0,0.0,0.0,0.0,0.0,0.0,0.0,0.0,0.0,0.0,0.0,0.0,0.0,0.0,0.0,0.0,0.0,0.0,0.0,0.0,0.0,0.0,0.0,1.0,0.0,0.0,0.0,0.0,0.0,0.0,0.0,0.0,0.0,0.0,0.0,0.0,0.0,0.0,0.0,0.0,0.0,0.0,0.0,0.0,0.0,0.0,0.0,0.0,0.0,0.0,0.0,0.0,0.0,0.0,0.0,0.0,0.0,0.0,0.0,0.0,0.0,0.0,0.0,0.0,0.0,0.0,0.0
5.0,2023-12-10,빵 종류도 많고 빵지순례한다면 꼭 다녀와야 하는 곳이에요. 대전하면 성심당이라고는 하지만 역시나 믿어 의심치 않았던 곳이에요. 진짜 행복 그 자체였습니다!,0,86,빵 종류도 많고 빵지순례한다면 꼭 다녀와야 하는 곳이에요 대전하면 성심당이라고는 하지만 역시나 믿어 의심치 않았던 곳이에요 진짜 행복 그 자체였습니다,종류 많고 빵지순례한다면 다녀와야 곳이에요 대전하면 성심당이라고 하지 역시나 믿어 의심치 않았던 곳이에요 행복 자체였습니다,2023,12,2023-12,4,6,일,1,83,15,긍정,0,0.0,0.0,0.0,0.0,0.0,0.0,0.0,0.0,0.0,0.0,0.0,0.0,0.0,0.0,0.0,0.5612285042921416,0.0,0.0,0.0,0.0,0.0,0.0,0.0,0.0,0.0,0.0,0.0,0.0,0.0,0.0,0.0,0.0,0.0,0.0,0.0,0.0,0.0,0.0,0.0,0.0,0.0,0.0,0.0,0.0,0.0,0.0,0.0,0.0,0.0,0.0,0.0,0.0,0.0,0.0,0.0,0.0,0.0,0.0,0.0,0.0,0.0,0.0,0.0,0.0,0.0,0.0,0.0,0.0,0.0,0.0,0.0,0.0,0.0,0.0,0.0,0.0,0.0,0.5765151796093327,0.0,0.0,0.0,0.0,0.0,0.0,0.0,0.0,0.0,0.0,0.0,0.0,0.0,0.0,0.0,0.0,0.0,0.0,0.0,0.5938457827163753,0.0,0.0
5.0,2023-12-11,"줄은 길었지만 생각보다 빨리 빠집니다.
가격도 저렴하고 맛있어요!",0,36,줄은 길었지만 생각보다 빨리 빠집니다 가격도 저렴하고 맛있어요,줄은 길었지 생각 빨리 빠집니다 가격 저렴 맛있어요,2023,12,2023-12,4,0,월,0,34,8,긍정,0,0.2970761883743543,0.0,0.0,0.0,0.0,0.0,0.0,0.0,0.0,0.0,0.0,0.0,0.0,0.0,0.0,0.0,0.0,0.0,0.0,0.0,0.0,0.0,0.0,0.0,0.0,0.0,0.0,0.0,0.344929837310014,0.0,0.0,0.0,0.0,0.0,0.0,0.0,0.0,0.0,0.0,0.0,0.0,0.0,0.0,0.4450454812669787,0.0,0.0,0.0,0.0,0.0,0.0,0.0,0.0,0.0,0.0,0.0,0.43134847953505884,0.0,0.0,0.0,0.0,0.0,0.0,0.0,0.0,0.0,0.0,0.0,0.0,0.0,0.0,0.0,0.0,0.0,0.0,0.0,0.40872235504705556,0.0,0.0,0.0,0.0,0.0,0.0,0.0,0.49151621634049597,0.0,0.0,0.0,0.0,0.0,0.0,0.0,0.0,0.0,0.0,0.0,0.0,0.0,0.0,0.0,0.0
5.0,2023-12-12,"긴 줄, 협소한 내부, 정신없는 분위기. 하지만 이 모든 것이 용인되는.. 그야말로 정점",0,49,긴 줄 협소한 내부 정신없는 분위기 하지만 이 모든 것이 용인되는 그야말로 정점,협소한 내부 정신없 분위기 하지 모든 용인되 그야말 정점,2023,12,2023-12,4,1,화,0,44,9,긍정,0,0.0,0.0,0.0,0.0,0.0,0.0,0.0,0.71872208899744,0.0,0.0,0.0,0.0,0.0,0.0,0.0,0.0,0.0,0.0,0.0,0.0,0.0,0.0,0.0,0.0,0.0,0.0,0.0,0.0,0.0,0.0,0.0,0.0,0.0,0.0,0.0,0.0,0.0,0.0,0.0,0.0,0.0,0.0,0.0,0.0,0.0,0.0,0.0,0.0,0.0,0.0,0.0,0.0,0.0,0.0,0.0,0.0,0.0,0.0,0.0,0.0,0.0,0.0,0.0,0.0,0.0,0.0,0.0,0.0,0.0,0.0,0.0,0.0,0.0,0.0,0.0,0.0,0.0,0.0,0.0,0.0,0.0,0.0,0.0,0.0,0.0,0.0,0.0,0.0,0.0,0.0,0.0,0.0,0.0,0.0,0.0,0.0,0.0,0.6952974606505881,0.0,0.0
5.0,2023-12-14,한 도시의 상징이 빵집이 된 이유,0,18,한 도시의 상징이 빵집이 된 이유,도시 상징 빵집 이유,2023,12,2023-12,4,3,목,0,18,4,긍정,0,0.0,0.0,0.0,0.0,0.0,0.0,0.0,0.0,0.0,0.0,0.0,0.0,0.0,0.0,0.0,0.0,0.0,0.0,0.0,0.0,0.0,0.0,0.0,0.0,0.0,0.0,0.0,0.0,0.0,0.0,0.0,0.0,0.0,0.0,0.0,0.0,0.0,0.0,0.0,0.0,0.0,0.0,0.0,0.0,0.0,0.0,0.0,0.0,0.0,0.6017897651897786,0.0,0.0,0.0,0.0,0.0,0.0,0.0,0.0,0.0,0.0,0.0,0.0,0.0,0.0,0.0,0.0,0.7986545426608623,0.0,0.0,0.0,0.0,0.0,0.0,0.0,0.0,0.0,0.0,0.0,0.0,0.0,0.0,0.0,0.0,0.0,0.0,0.0,0.0,0.0,0.0,0.0,0.0,0.0,0.0,0.0,0.0,0.0,0.0,0.0,0.0,0.0
5.0,2023-12-24,명실상부 최고 빵집,0,10,명실상부 최고 빵집,명실상부 최고 빵집,2023,12,2023-12,4,6,일,1,10,3,긍정,0,0.0,0.0,0.0,0.0,0.0,0.0,0.0,0.0,0.0,0.0,0.0,0.0,0.0,0.0,0.0,0.0,0.0,0.0,0.0,0.0,0.0,0.0,0.0,0.0,0.0,0.0,0.0,0.0,0.0,0.0,0.0,0.0,0.0,0.0,0.0,0.0,0.0,0.0,0.0,0.0,0.0,0.0,0.0,0.0,0.0,0.0,0.0,0.0,0.0,0.6582002702153678,0.0,0.0,0.0,0.0,0.0,0.0,0.0,0.0,0.0,0.0,0.0,0.0,0.0,0.0,0.0,0.0,0.0,0.0,0.0,0.0,0.0,0.0,0.0,0.0,0.0,0.0,0.0,0.0,0.0,0.0,0.0,0.0,0.0,0.0,0.0,0.0,0.0,0.75284288154197,0.0,0.0,0.0,0.0,0.0,0.0,0.0,0.0,0.0,0.0,0.0,0.0
5.0,2023-12-27,너무 너무 맛있어요,0,10,너무 너무 맛있어요,맛있어요,2023,12,2023-12,4,2,수,0,10,1,긍정,0,0.0,0.0,0.0,0.0,0.0,0.0,0.0,0.0,0.0,0.0,0.0,0.0,0.0,0.0,0.0,0.0,0.0,0.0,0.0,0.0,0.0,0.0,0.0,0.0,0.0,0.0,0.0,0.0,1.0,0.0,0.0,0.0,0.0,0.0,0.0,0.0,0.0,0.0,0.0,0.0,0.0,0.0,0.0,0.0,0.0,0.0,0.0,0.0,0.0,0.0,0.0,0.0,0.0,0.0,0.0,0.0,0.0,0.0,0.0,0.0,0.0,0.0,0.0,0.0,0.0,0.0,0.0,0.0,0.0,0.0,0.0,0.0,0.0,0.0,0.0,0.0,0.0,0.0,0.0,0.0,0.0,0.0,0.0,0.0,0.0,0.0,0.0,0.0,0.0,0.0,0.0,0.0,0.0,0.0,0.0,0.0,0.0,0.0,0.0,0.0
5.0,2023-12-27,"빵 나오면 우루루 집어가는 모습이 재미있었어요 ㅋㅋㅋ
맛도 가격도 좋아요 가게앞도 이뻐요!!",0,51,빵 나오면 우루루 집어가는 모습이 재미있었어요 맛도 가격도 좋아요 가게앞도 이뻐요,나오면 우루루 집어 모습 재미있었어요 맛도 가격 좋아요 가게앞 이뻐요,2023,12,2023-12,4,2,수,0,45,10,긍정,0,0.44768838374598313,0.0,0.0,0.0,0.0,0.0,0.0,0.0,0.0,0.0,0.0,0.0,0.0,0.0,0.0,0.0,0.0,0.0,0.0,0.0,0.0,0.0,0.6237358717326652,0.0,0.0,0.0,0.0,0.0,0.0,0.0,0.0,0.0,0.0,0.0,0.0,0.0,0.0,0.0,0.0,0.0,0.0,0.0,0.0,0.0,0.0,0.0,0.0,0.0,0.0,0.0,0.0,0.0,0.0,0.0,0.0,0.0,0.0,0.0,0.0,0.0,0.0,0.0,0.0,0.0,0.0,0.0,0.0,0.0,0.0,0.0,0.0,0.0,0.0,0.0,0.0,0.0,0.0,0.0,0.0,0.6407251152973492,0.0,0.0,0.0,0.0,0.0,0.0,0.0,0.0,0.0,0.0,0.0,0.0,0.0,0.0,0.0,0.0,0.0,0.0,0.0,0.0
5.0,2023-12-29,"성심당만으로도 대전을 방문하기에 충분한 이유가 된다.
너무 맛있고 가성비넘치고.. 그런데 사람도 너무 많아서 매장 한번 들어갔다 오면 진이 빠진다ㅠㅠ",0,83,성심당만으로도 대전을 방문하기에 충분한 이유가 된다 너무 맛있고 가성비넘치고 그런데 사람도 너무 많아서 매장 한번 들어갔다 오면 진이 빠진다,성심당만 대전 방문하기 충분한 이유 맛있고 가성비넘치고 사람 많아서 매장 한번 들어갔다 오면 진이 빠진다,2023,12,2023-12,4,4,금,0,78,15,긍정,0,0.0,0.0,0.0,0.0,0.0,0.0,0.0,0.0,0.0,0.0,0.0,0.0,0.2908070169042094,0.0,0.0,0.0,0.0,0.4214742652736342,0.0,0.0,0.0,0.0,0.0,0.0,0.0,0.4005419988732077,0.0,0.0,0.0,0.0,0.0,0.0,0.47524683012271207,0.0,0.0,0.0,0.0,0.0,0.0,0.0,0.0,0.0,0.0,0.0,0.0,0.0,0.0,0.0,0.0,0.0,0.29748986199359484,0.0,0.0,0.0,0.0,0.0,0.0,0.0,0.0,0.0,0.0,0.0,0.0,0.0,0.0,0.0,0.5128323919560137,0.0,0.0,0.0,0.0,0.0,0.0,0.0,0.0,0.0,0.0,0.0,0.0,0.0,0.0,0.0,0.0,0.0,0.0,0.0,0.0,0.0,0.0,0.0,0.0,0.0,0.0,0.0,0.0,0.0,0.0,0.0,0.0,0.0
5.0,2023-12-31,튀김소보로는 전설이다.,0,12,튀김소보로는 전설이다,튀김소보로 전설이다,2023,12,2023-12,4,6,일,1,11,2,긍정,0,0.0,0.0,0.0,0.0,0.0,0.0,0.0,0.0,0.0,0.0,0.0,0.0,0.0,0.0,0.0,0.0,0.0,0.0,0.0,0.0,0.0,0.0,0.0,0.0,0.0,0.0,0.0,0.0,0.0,0.0,0.0,0.0,0.0,0.0,0.0,0.0,0.0,0.0,0.0,0.0,0.0,0.0,0.0,0.0,0.0,0.0,0.0,0.0,0.0,0.0,0.0,0.0,0.0,0.0,0.0,0.0,0.0,0.0,0.0,0.0,0.0,0.0,0.0,0.0,0.0,0.0,0.0,0.0,0.0,0.0,0.0,0.0,0.0,0.0,0.0,0.0,0.0,0.0,0.0,0.0,0.0,0.0,0.0,0.0,0.0,0.0,0.0,0.0,0.0,0.0,0.0,1.0,0.0,0.0,0.0,0.0,0.0,0.0,0.0,0.0
2.0,2024-01-03,"왜 유명한지 잘 모르겠어요
전 튀김소보루랑 부추빵은 맛없어서 반은 버렸는데...
제 입맛하고는...",0,55,왜 유명한지 잘 모르겠어요 전 튀김소보루랑 부추빵은 맛없어서 반은 버렸는데 제 입맛하고는,유명한지 모르겠어요 튀김소보루 부추빵 맛없어서 반은 버렸는데 입맛,2024,1,2024-01,1,2,수,0,49,8,부정,0,0.0,0.0,0.0,0.0,0.0,0.0,0.0,0.0,0.0,0.0,0.0,0.0,0.0,0.0,0.0,0.0,0.0,0.0,0.0,0.0,0.0,0.0,0.0,0.0,0.0,0.0,0.0,0.0,0.0,0.0,0.0,0.0,0.0,0.0,0.0,0.0,0.0,0.0,0.0,0.0,0.0,0.0,1.0,0.0,0.0,0.0,0.0,0.0,0.0,0.0,0.0,0.0,0.0,0.0,0.0,0.0,0.0,0.0,0.0,0.0,0.0,0.0,0.0,0.0,0.0,0.0,0.0,0.0,0.0,0.0,0.0,0.0,0.0,0.0,0.0,0.0,0.0,0.0,0.0,0.0,0.0,0.0,0.0,0.0,0.0,0.0,0.0,0.0,0.0,0.0,0.0,0.0,0.0,0.0,0.0,0.0,0.0,0.0,0.0,0.0
5.0,2024-01-06,빵만 열개 넘게 샀는데 3만원대였음. 일단 가성비에서 대단히 만족스러움. 빵도 먹음직스럽고 맛도 훌륭! 단점은 줄서는 시스템이 없어서 안에 들어가면 너무 무질서함. 계산대도 좀 더 체계적이었으면 좋겠음. 계산하는 줄도 특별히 없음.,0,129,빵만 열개 넘게 샀는데 3만원대였음 일단 가성비에서 대단히 만족스러움 빵도 먹음직스럽고 맛도 훌륭 단점은 줄서는 시스템이 없어서 안에 들어가면 너무 무질서함 계산대도 좀 더 체계적이었으면 좋겠음 계산하는 줄도 특별히 없음,빵만 열개 넘게 샀는데 3만원대였음 일단 가성비 대단히 만족스러움 빵도 먹음직스럽고 맛도 훌륭 단점 줄서 시스템 없어서 안에 들어가면 무질서함 계산대 체계적이었으면 좋겠음 계산하 줄도 특별히 없음,2024,1,2024-01,1,5,토,1,123,27,긍정,1,0.0,0.0,0.0,0.36023234123653713,0.0,0.0,0.0,0.0,0.0,0.0,0.0,0.0,0.0,0.0,0.0,0.0,0.0,0.0,0.0,0.0,0.0,0.0,0.43866781297725366,0.0,0.0,0.0,0.0,0.0,0.0,0.0,0.0,0.0,0.0,0.0,0.0,0.0,0.0,0.0,0.0,0.0,0.0,0.0,0.0,0.0,0.409484194040312,0.0,0.0,0.0,0.0,0.0,0.0,0.0,0.0,0.5209318143897008,0.0,0.0,0.0,0.0,0.0,0.0,0.0,0.48862659544155684,0.0,0.0,0.0,0.0,0.0,0.0,0.0,0.0,0.0,0.0,0.0,0.0,0.0,0.0,0.0,0.0,0.0,0.0,0.0,0.0,0.0,0.0,0.0,0.0,0.0,0.0,0.0,0.0,0.0,0.0,0.0,0.0,0.0,0.0,0.0,0.0,0.0,0.0
4.0,2024-01-09,다른 곳에서 볼 수 없는 아이디어 빵들을 맛볼수 있고 무엇보다도 사람들이 와글와글 몰리는 데서 내 빵 건져먹는 듯한 쾌감이 있습니다,0,73,다른 곳에서 볼 수 없는 아이디어 빵들을 맛볼수 있고 무엇보다도 사람들이 와글와글 몰리는 데서 내 빵 건져먹는 듯한 쾌감이 있습니다,다른 아이디어 빵들 맛볼수 있고 무엇 사람들 와글와글 몰리 데서 건져먹 듯한 쾌감 있습니다,2024,1,2024-01,1,1,화,0,73,14,긍정,0,0.0,0.0,0.0,0.0,0.0,0.0,0.0,0.0,0.0,0.4660427938692083,0.0,0.0,0.0,0.0,0.0,0.0,0.0,0.0,0.0,0.0,0.0,0.0,0.0,0.0,0.0,0.0,0.0,0.0,0.0,0.0,0.0,0.0,0.0,0.0,0.0,0.0,0.0,0.0,0.0,0.0,0.0,0.0,0.0,0.0,0.0,0.4660427938692083,0.0,0.0,0.0,0.0,0.0,0.4931281030596464,0.0,0.0,0.0,0.0,0.0,0.0,0.0,0.0,0.0,0.0,0.0,0.0,0.0,0.0,0.0,0.0,0.0,0.0,0.0,0.5678317554856898,0.0,0.0,0.0,0.0,0.0,0.0,0.0,0.0,0.0,0.0,0.0,0.0,0.0,0.0,0.0,0.0,0.0,0.0,0.0,0.0,0.0,0.0,0.0,0.0,0.0,0.0,0.0,0.0
5.0,2024-01-10,"본점이랑 케잌부티끄 그리고 문화원까지 성심당 동네같아 좋았고, 
빵들 케이크 특히 딸기시루 완전 짱이고 샌드위치들까지 찐으로 맛있는 곳입니다",0,78,본점이랑 케잌부티끄 그리고 문화원까지 성심당 동네같아 좋았고 빵들 케이크 특히 딸기시루 완전 짱이고 샌드위치들까지 찐으로 맛있는 곳입니다,본점 케잌부티끄 문화원 성심당 동네같아 좋았고 빵들 케이크 특히 딸기시루 짱이고 샌드위치들 맛있 곳입니다,2024,1,2024-01,1,2,수,0,76,14,긍정,0,0.0,0.0,0.0,0.0,0.0,0.0,0.0,0.0,0.0,0.0,0.0,0.0,0.0,0.0,0.47739586371040565,0.0,0.0,0.0,0.0,0.0,0.0,0.0,0.0,0.0,0.43970139687065324,0.0,0.0,0.0,0.0,0.0,0.0,0.0,0.0,0.0,0.0,0.0,0.0,0.0,0.0,0.0,0.0,0.41295674702637597,0.0,0.0,0.0,0.4020069300309008,0.0,0.0,0.0,0.0,0.0,0.0,0.0,0.0,0.0,0.0,0.244467154286555,0.0,0.0,0.0,0.0,0.0,0.0,0.0,0.0,0.0,0.0,0.0,0.0,0.0,0.0,0.0,0.0,0.0,0.0,0.0,0.0,0.0,0.0,0.0,0.0,0.0,0.0,0.0,0.0,0.0,0.0,0.0,0.0,0.0,0.0,0.0,0.0,0.0,0.43226014698298293,0.0,0.0,0.0,0.0,0.0
5.0,2024-01-14,가성비가 미쳤네요...,0,12,가성비가 미쳤네요,가성비 미쳤네요,2024,1,2024-01,1,6,일,1,9,2,긍정,0,0.0,0.0,0.0,1.0,0.0,0.0,0.0,0.0,0.0,0.0,0.0,0.0,0.0,0.0,0.0,0.0,0.0,0.0,0.0,0.0,0.0,0.0,0.0,0.0,0.0,0.0,0.0,0.0,0.0,0.0,0.0,0.0,0.0,0.0,0.0,0.0,0.0,0.0,0.0,0.0,0.0,0.0,0.0,0.0,0.0,0.0,0.0,0.0,0.0,0.0,0.0,0.0,0.0,0.0,0.0,0.0,0.0,0.0,0.0,0.0,0.0,0.0,0.0,0.0,0.0,0.0,0.0,0.0,0.0,0.0,0.0,0.0,0.0,0.0,0.0,0.0,0.0,0.0,0.0,0.0,0.0,0.0,0.0,0.0,0.0,0.0,0.0,0.0,0.0,0.0,0.0,0.0,0.0,0.0,0.0,0.0,0.0,0.0,0.0,0.0
5.0,2024-01-16,"사람이 너무 많지만
직원들이 친절하고 계산하는곳이 많아서 빨리빨리 계산가능
평일 낮에도 줄서있음ㅜ",0,54,사람이 너무 많지만 직원들이 친절하고 계산하는곳이 많아서 빨리빨리 계산가능 평일 낮에도 줄서있음,사람 많지 직원들 친절 계산하는곳 많아서 빨리빨리 계산가능 평일 낮에 줄서있음,2024,1,2024-01,1,1,화,0,53,11,긍정,1,0.0,0.0,0.0,0.0,0.0,0.0,0.0,0.0,0.0,0.0,0.0,0.0,0.0,0.0,0.0,0.0,0.0,0.5060938886989143,0.0,0.0,0.6302497972669222,0.0,0.0,0.0,0.0,0.0,0.0,0.0,0.0,0.0,0.0,0.0,0.0,0.0,0.0,0.0,0.0,0.0,0.0,0.0,0.0,0.0,0.0,0.0,0.0,0.0,0.0,0.0,0.0,0.0,0.3572170675879699,0.0,0.0,0.0,0.0,0.0,0.0,0.0,0.0,0.0,0.0,0.0,0.0,0.0,0.0,0.0,0.0,0.0,0.0,0.0,0.0,0.0,0.0,0.0,0.0,0.0,0.0,0.0,0.0,0.0,0.0,0.0,0.0,0.0,0.0,0.0,0.0,0.0,0.0,0.0,0.0,0.0,0.0,0.0,0.0,0.46802792169962054,0.0,0.0,0.0,0.0
5.0,2024-01-21,케이크가 너무 맛있어요. 먹고나면 또 가고 싶은 빵집입니다. 줄서서 사는데 무슨 말이 필요하겠어요,0,54,케이크가 너무 맛있어요 먹고나면 또 가고 싶은 빵집입니다 줄서서 사는데 무슨 말이 필요하겠어요,케이크 맛있어요 먹고나면 가고 싶은 빵집입니다 줄서서 사는데 무슨 말이 필요하겠어요,2024,1,2024-01,1,6,일,1,52,11,긍정,1,0.0,0.6334092959983223,0.0,0.0,0.0,0.0,0.0,0.0,0.0,0.0,0.0,0.0,0.0,0.0,0.0,0.0,0.0,0.0,0.0,0.0,0.0,0.6334092959983223,0.0,0.0,0.0,0.0,0.0,0.0,0.4445057114209216,0.0,0.0,0.0,0.0,0.0,0.0,0.0,0.0,0.0,0.0,0.0,0.0,0.0,0.0,0.0,0.0,0.0,0.0,0.0,0.0,0.0,0.0,0.0,0.0,0.0,0.0,0.0,0.0,0.0,0.0,0.0,0.0,0.0,0.0,0.0,0.0,0.0,0.0,0.0,0.0,0.0,0.0,0.0,0.0,0.0,0.0,0.0,0.0,0.0,0.0,0.0,0.0,0.0,0.0,0.0,0.0,0.0,0.0,0.0,0.0,0.0,0.0,0.0,0.0,0.0,0.0,0.0,0.0,0.0,0.0,0.0
5.0,2024-01-22,빵 한트레이에 가득 담았는데 2만원도 안 나왔어요 놀랠노자..... 맛은 어찌나 맛있는지 그 많은 빵들 이틀만에 혼자 순삭했습니다 빵 사러 또 가고싶습니다,0,86,빵 한트레이에 가득 담았는데 2만원도 안 나왔어요 놀랠노자 맛은 어찌나 맛있는지 그 많은 빵들 이틀만에 혼자 순삭했습니다 빵 사러 또 가고싶습니다,한트레 가득 담았는데 2만원 나왔어요 놀랠노자 맛은 어찌나 맛있는지 많은 빵들 이틀 혼자 순삭했습니다 사러 가고싶습니다,2024,1,2024-01,1,0,월,0,81,16,긍정,0,0.0,0.0,0.0,0.0,0.0,0.0,0.0,0.0,0.0,0.0,0.0,0.0,0.0,0.0,0.0,0.0,0.0,0.0,0.6253150374505595,0.0,0.0,0.0,0.0,0.5759410928160558,0.0,0.0,0.0,0.0,0.0,0.0,0.0,0.0,0.0,0.0,0.0,0.0,0.0,0.0,0.0,0.0,0.0,0.0,0.0,0.0,0.0,0.5265671481815521,0.0,0.0,0.0,0.0,0.0,0.0,0.0,0.0,0.0,0.0,0.0,0.0,0.0,0.0,0.0,0.0,0.0,0.0,0.0,0.0,0.0,0.0,0.0,0.0,0.0,0.0,0.0,0.0,0.0,0.0,0.0,0.0,0.0,0.0,0.0,0.0,0.0,0.0,0.0,0.0,0.0,0.0,0.0,0.0,0.0,0.0,0.0,0.0,0.0,0.0,0.0,0.0,0.0,0.0
5.0,2024-01-23,성심당 최고입니다 추천합니다,0,15,성심당 최고입니다 추천합니다,성심당 최고입니다 추천합니다,2024,1,2024-01,1,1,화,0,15,3,긍정,0,0.0,0.0,0.0,0.0,0.0,0.0,0.0,0.0,0.0,0.0,0.0,0.0,0.0,0.0,0.0,0.0,0.0,0.0,0.0,0.0,0.0,0.0,0.0,0.0,0.0,0.0,0.0,0.0,0.0,0.0,0.0,0.0,0.0,0.0,0.0,0.0,0.0,0.0,0.0,0.0,0.0,0.0,0.0,0.0,0.0,0.0,0.0,0.0,0.0,0.0,0.0,0.0,0.0,0.0,0.0,0.0,1.0,0.0,0.0,0.0,0.0,0.0,0.0,0.0,0.0,0.0,0.0,0.0,0.0,0.0,0.0,0.0,0.0,0.0,0.0,0.0,0.0,0.0,0.0,0.0,0.0,0.0,0.0,0.0,0.0,0.0,0.0,0.0,0.0,0.0,0.0,0.0,0.0,0.0,0.0,0.0,0.0,0.0,0.0,0.0
5.0,2024-01-24,"입구바닥이 많이 닳았어요 
얼마나 많은 손님이 다녀간지 반증하는것 같네요~~ 사시사철 항상 붐비는 곳인것 같아요",0,62,입구바닥이 많이 닳았어요 얼마나 많은 손님이 다녀간지 반증하는것 같네요 사시사철 항상 붐비는 곳인것 같아요,입구바닥 닳았어요 얼마나 많은 손님 다녀간지 반증하는것 같네요 사시사철 붐비 곳인것,2024,1,2024-01,1,2,수,0,59,11,긍정,0,0.0,0.0,0.0,0.0,0.0,0.0,0.0,0.0,0.0,0.0,0.0,0.0,0.0,0.0,0.0,0.0,0.0,0.0,1.0,0.0,0.0,0.0,0.0,0.0,0.0,0.0,0.0,0.0,0.0,0.0,0.0,0.0,0.0,0.0,0.0,0.0,0.0,0.0,0.0,0.0,0.0,0.0,0.0,0.0,0.0,0.0,0.0,0.0,0.0,0.0,0.0,0.0,0.0,0.0,0.0,0.0,0.0,0.0,0.0,0.0,0.0,0.0,0.0,0.0,0.0,0.0,0.0,0.0,0.0,0.0,0.0,0.0,0.0,0.0,0.0,0.0,0.0,0.0,0.0,0.0,0.0,0.0,0.0,0.0,0.0,0.0,0.0,0.0,0.0,0.0,0.0,0.0,0.0,0.0,0.0,0.0,0.0,0.0,0.0,0.0
4.0,2024-01-31,"1.성심순크림빵: 크림이 부드럽고 느끼하지 않으나, 달달한편! 꼭 아아랑 함께드세요! 생각보다 달기도 했고 다른빵도 먹어야해서 1/4만 먹고 패스
🔥2. 이탈리안샌드위치(6000): ...",1,105,1 성심순크림빵 크림이 부드럽고 느끼하지 않으나 달달한편 꼭 아아랑 함께드세요 생각보다 달기도 했고 다른빵도 먹어야해서 1 4만 먹고 패스 2 이탈리안샌드위치 6000,성심순크림빵 크림 부드럽고 느끼하지 않으나 달달한편 아아 함께드세요 생각 달기 했고 다른빵 먹어야해서 4만 먹고 패스 이탈리안샌드위치 6000,2024,1,2024-01,1,2,수,0,93,18,긍정,0,0.0,0.0,0.0,0.0,0.0,0.0,0.0,0.0,0.0,0.0,0.0,0.0,0.0,0.0,0.0,0.0,0.0,0.0,0.0,0.0,0.0,0.0,0.0,0.0,0.0,0.0,0.0,0.0,0.0,0.0,0.0,0.0,0.0,0.0,0.0,0.0,0.0,0.0,0.0,0.0,0.0,0.0,0.0,0.0,0.0,0.0,0.0,0.0,0.0,0.0,0.0,0.0,0.0,0.0,0.0,1.0,0.0,0.0,0.0,0.0,0.0,0.0,0.0,0.0,0.0,0.0,0.0,0.0,0.0,0.0,0.0,0.0,0.0,0.0,0.0,0.0,0.0,0.0,0.0,0.0,0.0,0.0,0.0,0.0,0.0,0.0,0.0,0.0,0.0,0.0,0.0,0.0,0.0,0.0,0.0,0.0,0.0,0.0,0.0,0.0
3.0,2024-02-05,성심당 당연히 좋죠 그런데 사람은 물밀듯이 들어오고 줄이 없어서 걍 전쟁터에요 주말은 절대 가지마세요 주말에 가야한다면 오픈런을 하는것밖에 답이 없어요 진짜 사람이 파도처럼 계속 어깨를 치는데 그 와중에 안...,0,118,성심당 당연히 좋죠 그런데 사람은 물밀듯이 들어오고 줄이 없어서 걍 전쟁터에요 주말은 절대 가지마세요 주말에 가야한다면 오픈런을 하는것밖에 답이 없어요 진짜 사람이 파도처럼 계속 어깨를 치는데 그 와중에 안,성심당 당연히 좋죠 사람 물밀듯 들어오고 줄이 없어서 전쟁터에요 주말 절대 가지마세요 주말 가야한다면 오픈런 하는것밖 답이 사람 파도 계속 어깨 치는데 와중,2024,2,2024-02,1,0,월,0,115,23,중립,0,0.0,0.0,0.0,0.0,0.0,0.0,0.0,0.0,0.0,0.0,0.0,0.0,0.0,0.0,0.0,0.0,0.0,0.0,0.0,0.0,0.0,0.0,0.0,0.0,0.0,0.0,0.0,0.0,0.0,0.0,0.0,0.0,0.0,0.0,0.0,0.0,0.0,0.0,0.0,0.0,0.0,0.0,0.0,0.0,0.0,0.0,0.0,0.0,0.0,0.0,0.4721350138044922,0.0,0.0,0.0,0.0,0.0,0.21328415489505595,0.0,0.0,0.0,0.0,0.3906725948287142,0.0,0.0,0.0,0.0,0.0,0.0,0.0,0.0,0.0,0.0,0.0,0.0,0.0,0.0,0.0,0.0,0.0,0.0,0.0,0.6926873619296716,0.0,0.0,0.31489290287849475,0.0,0.0,0.0,0.0,0.0,0.0,0.0,0.0,0.0,0.0,0.0,0.0,0.0,0.0,0.0
5.0,2024-02-14,"맛이너무좋아요
KBS2 생생정보통1887회 방송에나왔습니다",0,32,맛이너무좋아요 KBS2 생생정보통1887회 방송에나왔습니다,맛이너무좋아요 KBS2 생생정보통1887회 방송에나왔습니다,2024,2,2024-02,1,2,수,0,32,4,긍정,0,0.0,0.0,0.0,0.0,0.0,0.0,0.0,0.0,0.0,0.0,0.0,0.0,0.0,0.0,0.0,0.0,0.0,0.0,0.0,0.0,0.0,0.0,0.0,0.0,0.0,0.0,0.0,0.0,0.0,0.0,0.0,0.0,0.0,0.0,0.0,0.0,0.0,0.0,0.0,0.0,0.0,0.0,0.0,0.0,0.0,0.0,0.0,0.0,0.0,0.0,0.0,0.0,0.0,0.0,0.0,0.0,0.0,0.0,0.0,0.0,0.0,0.0,0.0,0.0,0.0,0.0,0.0,0.0,0.0,0.0,0.0,0.0,0.0,0.0,0.0,0.0,0.0,0.0,0.0,0.0,0.0,0.0,0.0,0.0,0.0,0.0,0.0,0.0,0.0,0.0,0.0,0.0,0.0,0.0,0.0,0.0,0.0,0.0,0.0,0.0
4.0,2024-02-15,빵은 맛있나 위에 테라스 키친은 기대이하,0,22,빵은 맛있나 위에 테라스 키친은 기대이하,빵은 맛있나 위에 테라스 키친 기대이하,2024,2,2024-02,1,3,목,0,22,6,긍정,0,0.0,0.0,0.0,0.0,0.0,0.0,0.0,0.0,0.0,0.0,0.0,0.0,0.0,0.0,0.0,0.0,0.0,0.0,0.0,0.0,0.0,0.0,0.0,0.0,0.0,0.0,0.0,0.0,0.0,0.0,0.0,0.0,0.0,0.0,0.0,0.0,0.0,0.0,0.0,0.0,0.0,0.0,0.0,0.0,0.0,0.0,1.0,0.0,0.0,0.0,0.0,0.0,0.0,0.0,0.0,0.0,0.0,0.0,0.0,0.0,0.0,0.0,0.0,0.0,0.0,0.0,0.0,0.0,0.0,0.0,0.0,0.0,0.0,0.0,0.0,0.0,0.0,0.0,0.0,0.0,0.0,0.0,0.0,0.0,0.0,0.0,0.0,0.0,0.0,0.0,0.0,0.0,0.0,0.0,0.0,0.0,0.0,0.0,0.0,0.0
5.0,2024-02-15,"진짜 맛있음,, 여기 꼭 와보고 싶었는데 후회안합니다 빵 스케일이 다르고 질이 달라요
대전올일 있으면 여기 꼭 들렸다가 갈꺼에요",0,71,진짜 맛있음 여기 꼭 와보고 싶었는데 후회안합니다 빵 스케일이 다르고 질이 달라요 대전올일 있으면 여기 꼭 들렸다가 갈꺼에요,맛있음 와보고 싶었는데 후회안합니다 스케일 다르고 질이 달라요 대전올일 있으면 들렸다 갈꺼에요,2024,2,2024-02,1,3,목,0,69,12,긍정,0,0.0,0.0,0.0,0.0,0.0,0.0,0.0,0.0,0.0,0.0,0.0,0.0,0.0,0.0,0.0,0.0,0.0,0.0,0.0,0.0,0.0,0.0,0.0,0.0,0.0,0.0,0.0,0.0,0.0,0.0,1.0,0.0,0.0,0.0,0.0,0.0,0.0,0.0,0.0,0.0,0.0,0.0,0.0,0.0,0.0,0.0,0.0,0.0,0.0,0.0,0.0,0.0,0.0,0.0,0.0,0.0,0.0,0.0,0.0,0.0,0.0,0.0,0.0,0.0,0.0,0.0,0.0,0.0,0.0,0.0,0.0,0.0,0.0,0.0,0.0,0.0,0.0,0.0,0.0,0.0,0.0,0.0,0.0,0.0,0.0,0.0,0.0,0.0,0.0,0.0,0.0,0.0,0.0,0.0,0.0,0.0,0.0,0.0,0.0,0.0
5.0,2024-02-22,"첫 대전여행으로 왔는데
빵을 별로 좋아하는 편이 아니라 별 기대 안 했지만.... 역시 성심당이 괜히 성심당이 아닌가봐요 갓 구운 빵이 아닌데도 존맛탱이었음... 걍 밥 말고 빵 먹을 걸.. 집으로 돌아와...",0,117,첫 대전여행으로 왔는데 빵을 별로 좋아하는 편이 아니라 별 기대 안 했지만 역시 성심당이 괜히 성심당이 아닌가봐요 갓 구운 빵이 아닌데도 존맛탱이었음 걍 밥 말고 빵 먹을 걸 집으로 돌아와,대전여행 왔는데 빵을 별로 좋아하 편이 아니라 기대 했지 성심당 괜히 성심당 아닌가봐요 구운 빵이 아닌데 존맛탱이었음 말고 먹을 돌아,2024,2,2024-02,1,3,목,0,105,20,긍정,0,0.0,0.0,0.0,0.0,0.0,0.0,0.0,0.0,0.0,0.0,0.0,0.0,0.0,0.0,0.0,0.0,0.0,0.0,0.0,0.0,0.0,0.0,0.0,0.0,0.0,0.0,0.0,0.0,0.0,0.0,0.0,0.0,0.0,0.0,0.434343823144601,0.0,0.0,0.0,0.0,0.0,0.434343823144601,0.0,0.0,0.0,0.0,0.0,0.0,0.3379679340057644,0.3346505587445692,0.0,0.0,0.0,0.0,0.0,0.0,0.0,0.44484171941010014,0.0,0.0,0.0,0.0,0.0,0.0,0.0,0.0,0.0,0.0,0.0,0.0,0.0,0.0,0.0,0.0,0.0,0.0,0.0,0.0,0.0,0.0,0.0,0.0,0.0,0.0,0.0,0.0,0.0,0.0,0.0,0.0,0.0,0.0,0.0,0.0,0.0,0.0,0.0,0.0,0.0,0.0,0.4456382057009384
1.0,2024-02-24,"주말에 웨이팅 엄청 길고, 매장 입장하면 완전 돗데기. 앞사람 등 밖에 안보이고, 심지어 움직이기도 힘듬. 매장을 확장하던지ㅎ 유명하다해서 가봤는데 한 번 가본 걸로 족함.",0,96,주말에 웨이팅 엄청 길고 매장 입장하면 완전 돗데기 앞사람 등 밖에 안보이고 심지어 움직이기도 힘듬 매장을 확장하던지 유명하다해서 가봤는데 한 번 가본 걸로 족함,주말 웨이팅 길고 매장 입장하면 돗데기 앞사람 밖에 안보이고 심지어 움직이기 힘듬 매장 확장하던지 유명하다해서 가봤는데 가본 걸로 족함,2024,2,2024-02,1,5,토,1,90,19,부정,1,0.0,0.0,0.0,0.0,0.0,0.0,0.0,0.0,0.0,0.0,0.0,0.0,0.0,0.0,0.0,0.0,0.0,0.0,0.0,0.0,0.0,0.0,0.0,0.0,0.0,0.0,0.0,0.0,0.0,0.0,0.0,0.0,0.7803142712581054,0.0,0.0,0.0,0.0,0.0,0.41217236204003666,0.0,0.0,0.0,0.0,0.0,0.0,0.0,0.0,0.0,0.0,0.0,0.0,0.0,0.0,0.0,0.0,0.0,0.0,0.0,0.0,0.0,0.0,0.0,0.0,0.3046880265396358,0.0,0.0,0.0,0.0,0.0,0.0,0.0,0.0,0.0,0.0,0.0,0.0,0.0,0.0,0.0,0.0,0.0,0.3583138129135564,0.0,0.0,0.0,0.0,0.0,0.0,0.0,0.0,0.0,0.0,0.0,0.0,0.0,0.0,0.0,0.0,0.0,0.0
1.0,2024-02-25,여기가 대체 왜 유명한거임? 주말에 웨이팅 엄청인데 참고 기다려서 매장 들어갔다가 돗대기 시장통같아서 너무 놀라고 코너에 몰려서 놀라고 빵도 맛 별로였음!두번은 못갈곳임.,0,95,여기가 대체 왜 유명한거임 주말에 웨이팅 엄청인데 참고 기다려서 매장 들어갔다가 돗대기 시장통같아서 너무 놀라고 코너에 몰려서 놀라고 빵도 맛 별로였음 두번은 못갈곳임,대체 유명한거임 주말 웨이팅 엄청인데 참고 기다려서 매장 들어갔다 돗대기 시장통같아서 놀라고 코너 몰려서 놀라고 빵도 별로였음 두번 못갈곳임,2024,2,2024-02,1,6,일,1,93,19,부정,1,0.0,0.0,0.0,0.0,0.0,0.0,0.0,0.0,0.0,0.0,0.0,0.0,0.0,0.0,0.0,0.0,0.0,0.0,0.0,0.0,0.0,0.0,0.0,0.0,0.0,0.0,0.0,0.0,0.0,0.0,0.0,0.0,0.5584103168751144,0.0,0.0,0.0,0.0,0.0,0.0,0.0,0.0,0.0,0.0,0.0,0.48477827588981953,0.0,0.0,0.0,0.0,0.0,0.0,0.0,0.0,0.0,0.0,0.0,0.0,0.0,0.0,0.0,0.0,0.0,0.0,0.4360831109079475,0.0,0.0,0.0,0.0,0.0,0.0,0.0,0.0,0.0,0.0,0.0,0.0,0.0,0.0,0.0,0.0,0.0,0.5128347312863815,0.0,0.0,0.0,0.0,0.0,0.0,0.0,0.0,0.0,0.0,0.0,0.0,0.0,0.0,0.0,0.0,0.0,0.0
5.0,2024-02-25,더 비싸고 맛있는 빵들 많이 먹어봤지만 빵은 빵값일 때가 제일 맛있는 것 같습니다. 이 가격에 이 맛이라고..?를 외치면서 가심비 좋게 먹었어요. 만족스러워서 다음에도 빵 사러 대전까지 가고 싶네요!,0,111,더 비싸고 맛있는 빵들 많이 먹어봤지만 빵은 빵값일 때가 제일 맛있는 것 같습니다 이 가격에 이 맛이라고 를 외치면서 가심비 좋게 먹었어요 만족스러워서 다음에도 빵 사러 대전까지 가고 싶네요,비싸고 맛있 빵들 먹어봤지 빵은 빵값일 때가 제일 맛있 가격 맛이라고 외치면서 가심비 좋게 먹었어요 만족스러워서 다음 사러 대전 가고 싶네요,2024,2,2024-02,1,6,일,1,106,21,긍정,0,0.23992258063256827,0.3969548676804947,0.0,0.0,0.0,0.0,0.0,0.0,0.0,0.0,0.0,0.0,0.21993448439954916,0.0,0.0,0.0,0.0,0.0,0.0,0.0,0.0,0.0,0.0,0.0,0.7312238043168217,0.0,0.0,0.0,0.0,0.0,0.0,0.0,0.0,0.0,0.0,0.0,0.0,0.0,0.0,0.0,0.0,0.0,0.0,0.0,0.0,0.3342689366363269,0.3001147062370121,0.0,0.0,0.0,0.0,0.0,0.0,0.0,0.0,0.0,0.0,0.0,0.0,0.0,0.0,0.0,0.0,0.0,0.0,0.0,0.0,0.0,0.0,0.0,0.0,0.0,0.0,0.0,0.0,0.0,0.0,0.0,0.0,0.0,0.0,0.0,0.0,0.0,0.0,0.0,0.0,0.0,0.0,0.0,0.0,0.0,0.0,0.0,0.0,0.0,0.0,0.0,0.0,0.0
5.0,2024-02-27,또 오고싶어요  빵은 정말좋아요,0,17,또 오고싶어요 빵은 정말좋아요,오고싶어요 빵은 정말좋아요,2024,2,2024-02,1,1,화,0,16,3,긍정,0,0.0,0.0,0.0,0.0,0.0,0.0,0.0,0.0,0.0,0.0,0.0,0.0,0.0,0.0,0.0,0.0,0.0,0.0,0.0,0.0,0.0,0.0,0.0,0.0,0.0,0.0,0.0,0.0,0.0,0.0,0.0,0.0,0.0,0.0,0.0,0.0,0.0,0.0,0.0,0.0,0.0,0.0,0.0,0.0,0.0,0.0,1.0,0.0,0.0,0.0,0.0,0.0,0.0,0.0,0.0,0.0,0.0,0.0,0.0,0.0,0.0,0.0,0.0,0.0,0.0,0.0,0.0,0.0,0.0,0.0,0.0,0.0,0.0,0.0,0.0,0.0,0.0,0.0,0.0,0.0,0.0,0.0,0.0,0.0,0.0,0.0,0.0,0.0,0.0,0.0,0.0,0.0,0.0,0.0,0.0,0.0,0.0,0.0,0.0,0.0
5.0,2024-02-28,"건물 밖까지 줄이 있긴한데 금방 줄어들어서 계산하고 나올때까지 1시간 조금 덜 걸림
내부는 아비규환이긴함 약간 헛웃음 나옴
...",0,72,건물 밖까지 줄이 있긴한데 금방 줄어들어서 계산하고 나올때까지 1시간 조금 덜 걸림 내부는 아비규환이긴함 약간 헛웃음 나옴,건물 줄이 있긴한데 금방 줄어들어서 계산 나올때 1시간 걸림 내부 아비규환이긴함 헛웃음 나옴,2024,2,2024-02,1,2,수,0,68,13,긍정,0,0.0,0.0,0.0,0.0,0.0,0.0,0.6050138463794386,0.6154290078229181,0.0,0.0,0.0,0.0,0.0,0.0,0.0,0.0,0.0,0.0,0.0,0.0,0.0,0.0,0.0,0.0,0.0,0.0,0.0,0.0,0.0,0.0,0.0,0.0,0.0,0.0,0.0,0.0,0.0,0.0,0.0,0.0,0.0,0.0,0.0,0.0,0.0,0.0,0.0,0.0,0.0,0.0,0.0,0.0,0.0,0.0,0.0,0.0,0.0,0.0,0.0,0.0,0.0,0.0,0.0,0.0,0.0,0.0,0.0,0.0,0.0,0.0,0.0,0.0,0.0,0.0,0.0,0.0,0.0,0.0,0.0,0.0,0.0,0.0,0.0,0.0,0.505178564489088,0.0,0.0,0.0,0.0,0.0,0.0,0.0,0.0,0.0,0.0,0.0,0.0,0.0,0.0,0.0
4.0,2024-02-29,여러 번 방문해봤지만 여기 빵은 해가 갈수록 사먹기 힘들어지는거 같네요. 가성비는 여전히 굿👍! 근데 빵들이 지나다니는 사람들의 패딩에 쓸리기도 해서 위생은 좀 신경써줘야 할거 같았습니다. 전 그 쓸려다니는 빵들을 보고 조용히 미리 포장되어 있던 빵들만 집었습니다..,1,149,여러 번 방문해봤지만 여기 빵은 해가 갈수록 사먹기 힘들어지는거 같네요 가성비는 여전히 굿 근데 빵들이 지나다니는 사람들의 패딩에 쓸리기도 해서 위생은 좀 신경써줘야 할거 같았습니다 전 그 쓸려다니는 빵들을 보고 조용히 미리 포장되어 있던 빵들만 집었습니다,여러 방문해봤지 빵은 해가 갈수록 사먹기 힘들어지는거 같네요 가성비 여전히 빵들 지나다니 사람들 패딩 쓸리기 위생 신경써줘야 할거 같았습니다 쓸려다니 빵들 보고 조용히 미리 포장되어 있던 빵들 집었습니다,2024,2,2024-02,1,3,목,0,143,28,긍정,0,0.0,0.0,0.0,0.24111083871142844,0.0,0.0,0.0,0.0,0.0,0.0,0.0,0.0,0.0,0.0,0.0,0.0,0.0,0.0,0.0,0.0,0.0,0.0,0.0,0.0,0.0,0.0,0.0,0.0,0.0,0.0,0.0,0.0,0.0,0.0,0.0,0.0,0.0,0.0,0.0,0.0,0.0,0.0,0.0,0.0,0.0,0.8808278896302996,0.2636095015806267,0.0,0.0,0.0,0.0,0.3106731771198116,0.0,0.0,0.0,0.0,0.0,0.0,0.0,0.0,0.0,0.0,0.0,0.0,0.0,0.0,0.0,0.0,0.0,0.0,0.0,0.0,0.0,0.0,0.0,0.0,0.0,0.0,0.0,0.0,0.0,0.0,0.0,0.0,0.0,0.0,0.0,0.0,0.0,0.0,0.0,0.0,0.0,0.0,0.0,0.0,0.0,0.0,0.0,0.0
5.0,2024-02-29,"많이 사도 아깝지않다 
애플파이가 정말 맛있다
입장 대기줄은 빨리 빠지는 편
계산할때 포장도 엄청 빨리해주...",0,62,많이 사도 아깝지않다 애플파이가 정말 맛있다 입장 대기줄은 빨리 빠지는 편 계산할때 포장도 엄청 빨리해주,사도 아깝지않다 애플파 맛있다 입장 대기줄 빨리 빠지 계산할때 포장 빨리해주,2024,2,2024-02,1,3,목,0,58,11,긍정,1,0.0,0.0,0.0,0.0,0.0,0.0,0.0,0.0,0.0,0.0,0.0,0.5050814077052003,0.0,0.0,0.0,0.0,0.0,0.0,0.0,0.0,0.0,0.0,0.0,0.0,0.0,0.0,0.0,0.4944751549957238,0.0,0.0,0.0,0.0,0.0,0.0,0.0,0.0,0.0,0.0,0.0,0.0,0.0,0.0,0.0,0.4680639166536929,0.0,0.0,0.0,0.0,0.0,0.0,0.0,0.0,0.0,0.0,0.0,0.0,0.0,0.0,0.0,0.0,0.0,0.0,0.0,0.0,0.0,0.0,0.0,0.0,0.0,0.0,0.5303802999822798,0.0,0.0,0.0,0.0,0.0,0.0,0.0,0.0,0.0,0.0,0.0,0.0,0.0,0.0,0.0,0.0,0.0,0.0,0.0,0.0,0.0,0.0,0.0,0.0,0.0,0.0,0.0,0.0,0.0
5.0,2024-03-01,바쁜데도 직원분들이 다 친절하셧어요,0,19,바쁜데도 직원분들이 다 친절하셧어요,바쁜데 직원분들 친절하셧어요,2024,3,2024-03,1,4,금,0,19,3,긍정,0,0.0,0.0,0.0,0.0,0.0,0.0,0.0,0.0,0.0,0.0,0.0,0.0,0.0,0.0,0.0,0.0,0.0,0.0,0.0,0.0,0.0,0.0,0.0,0.0,0.0,0.0,0.0,0.0,0.0,0.0,0.0,0.0,0.0,0.0,0.0,0.0,0.0,0.0,0.0,0.0,0.0,0.0,0.0,0.0,0.0,0.0,0.0,0.0,0.0,0.0,0.0,0.0,0.0,0.0,0.0,0.0,0.0,0.0,0.0,0.0,0.0,0.0,0.0,0.0,0.0,0.0,0.0,0.0,0.0,0.0,0.0,0.0,0.0,0.0,0.0,0.0,0.0,0.0,0.0,0.0,0.0,0.0,0.0,0.0,0.0,1.0,0.0,0.0,0.0,0.0,0.0,0.0,0.0,0.0,0.0,0.0,0.0,0.0,0.0,0.0
5.0,2024-03-03,"대전 갈때마다 꼭 갑니다. 저렴하고 맛있는건 당연하구요, 웨이팅하면서 짜증날 법도 한데 직원분들이 정말 교육을 잘받으셔서 엄청 친절하시고 항상 기분좋게 나갑니다.",0,90,대전 갈때마다 꼭 갑니다 저렴하고 맛있는건 당연하구요 웨이팅하면서 짜증날 법도 한데 직원분들이 정말 교육을 잘받으셔서 엄청 친절하시고 항상 기분좋게 나갑니다,대전 갈때마다 갑니다 저렴 맛있는건 당연하구요 웨이팅하면서 짜증날 법도 한데 직원분들 교육 잘받으셔서 친절하시고 기분좋게 나갑니다,2024,3,2024-03,1,6,일,1,87,16,긍정,1,0.0,0.0,0.0,0.0,0.0,0.0,0.0,0.0,0.0,0.0,0.0,0.0,0.39192652046791965,0.0,0.0,0.0,0.0,0.0,0.0,0.0,0.0,0.0,0.0,0.0,0.0,0.0,0.0,0.0,0.0,0.0,0.0,0.0,0.0,0.0,0.0,0.0,0.0,0.0,0.0,0.0,0.0,0.0,0.0,0.0,0.0,0.0,0.0,0.0,0.0,0.0,0.0,0.0,0.0,0.0,0.0,0.0,0.0,0.0,0.0,0.0,0.0,0.0,0.0,0.0,0.0,0.0,0.0,0.0,0.0,0.0,0.0,0.0,0.0,0.0,0.0,0.5882243459217228,0.0,0.0,0.0,0.0,0.0,0.0,0.0,0.0,0.0,0.7073794748357283,0.0,0.0,0.0,0.0,0.0,0.0,0.0,0.0,0.0,0.0,0.0,0.0,0.0,0.0
4.0,2024-03-07,밖에 줄없길래 생각보다 줄없는데? 하고 들어갔는데 안에 줄서있음... 특히나 빵집는 방향이없다보니 혼잡함 역방향으로도 오고 뒤에서도 오고 빠르게 한개씩 사고 계산하려는데 사방에서 사람들이 와서 복잡했달...,0,115,밖에 줄없길래 생각보다 줄없는데 하고 들어갔는데 안에 줄서있음 특히나 빵집는 방향이없다보니 혼잡함 역방향으로도 오고 뒤에서도 오고 빠르게 한개씩 사고 계산하려는데 사방에서 사람들이 와서 복잡했달,밖에 줄없길래 생각 줄없는데 들어갔는데 안에 줄서있음 특히나 빵집 방향이없다보니 혼잡함 역방향 오고 오고 빠르게 한개씩 사고 계산하려는데 사방 사람들 와서 복잡했달,2024,3,2024-03,1,3,목,0,108,22,긍정,1,0.0,0.0,0.0,0.0,0.0,0.0,0.0,0.0,0.0,0.0,0.0,0.0,0.0,0.0,0.0,0.0,0.0,0.0,0.0,0.0,0.0,0.0,0.0,0.0,0.0,0.0,0.0,0.0,0.0,0.0,0.0,0.0,0.0,0.0,0.0,0.0,0.0,0.0,0.5503315987134259,0.0,0.0,0.0,0.0,0.0,0.0,0.0,0.0,0.0,0.0,0.423571945487744,0.0,0.5126340342480707,0.0,0.0,0.0,0.5049042338739103,0.0,0.0,0.0,0.0,0.0,0.0,0.0,0.0,0.0,0.0,0.0,0.0,0.0,0.0,0.0,0.0,0.0,0.0,0.0,0.0,0.0,0.0,0.0,0.0,0.0,0.0,0.0,0.0,0.0,0.0,0.0,0.0,0.0,0.0,0.0,0.0,0.0,0.0,0.0,0.0,0.0,0.0,0.0,0.0
5.0,2024-03-14,"대전에 갈 때마다 들리는 곳, 
맛있는 빵을 다양하게 즐길 수 있는 곳입니다.",0,43,대전에 갈 때마다 들리는 곳 맛있는 빵을 다양하게 즐길 수 있는 곳입니다,대전 때마다 들리 맛있 빵을 다양하게 즐길 곳입니다,2024,3,2024-03,1,3,목,0,40,8,긍정,0,0.0,0.0,0.0,0.0,0.0,0.0,0.0,0.0,0.0,0.0,0.0,0.0,0.41754494690231564,0.0,0.0,0.0,0.0,0.0,0.0,0.0,0.0,0.0,0.0,0.0,0.694113079585355,0.0,0.0,0.0,0.0,0.0,0.0,0.0,0.0,0.0,0.0,0.0,0.0,0.0,0.0,0.0,0.0,0.0,0.0,0.0,0.0,0.0,0.0,0.5863985420043923,0.0,0.0,0.0,0.0,0.0,0.0,0.0,0.0,0.0,0.0,0.0,0.0,0.0,0.0,0.0,0.0,0.0,0.0,0.0,0.0,0.0,0.0,0.0,0.0,0.0,0.0,0.0,0.0,0.0,0.0,0.0,0.0,0.0,0.0,0.0,0.0,0.0,0.0,0.0,0.0,0.0,0.0,0.0,0.0,0.0,0.0,0.0,0.0,0.0,0.0,0.0,0.0
4.0,2024-03-31,"사람 진짜 많음
빵 사고 나오는 사람들 보면 다들 행복해보임
맛은 거슬리는 거 없이 잘 하는 맛.. 뭘 골라도 망하진 않음 여러번 가봤지만 너무...",0,83,사람 진짜 많음 빵 사고 나오는 사람들 보면 다들 행복해보임 맛은 거슬리는 거 없이 잘 하는 맛 뭘 골라도 망하진 않음 여러번 가봤지만 너무,사람 많음 사고 나오 사람들 보면 다들 행복해보임 맛은 거슬리 없이 망하진 않음 여러번 가봤지,2024,3,2024-03,1,6,일,1,78,15,긍정,0,0.0,0.0,0.0,0.0,0.0,0.0,0.0,0.0,0.5051962032076843,0.0,0.0,0.0,0.0,0.0,0.0,0.0,0.0,0.0,0.0,0.49360874216657097,0.0,0.0,0.0,0.46530666293941625,0.0,0.0,0.0,0.0,0.0,0.0,0.0,0.0,0.0,0.0,0.0,0.0,0.0,0.0,0.0,0.0,0.0,0.0,0.0,0.0,0.0,0.0,0.0,0.0,0.0,0.0,0.28633838051041066,0.45014136356497536,0.0,0.0,0.0,0.0,0.0,0.0,0.0,0.0,0.0,0.0,0.0,0.0,0.0,0.0,0.0,0.0,0.0,0.0,0.0,0.0,0.0,0.0,0.0,0.0,0.0,0.0,0.0,0.0,0.0,0.0,0.0,0.0,0.0,0.0,0.0,0.0,0.0,0.0,0.0,0.0,0.0,0.0,0.0,0.0,0.0,0.0,0.0,0.0
4.0,2024-04-01,겁나 맛있는 빵들! 사람은 너무 많아서 줄서기 빡세졌어요.,0,32,겁나 맛있는 빵들 사람은 너무 많아서 줄서기 빡세졌어요,겁나 맛있 빵들 사람 많아서 줄서기 빡세졌어요,2024,4,2024-04,2,0,월,0,30,7,긍정,1,0.0,0.0,0.0,0.0,0.0,0.0,0.0,0.0,0.0,0.0,0.0,0.0,0.0,0.0,0.0,0.0,0.0,0.5054962893078422,0.0,0.0,0.0,0.0,0.0,0.0,0.5798007689487078,0.0,0.0,0.0,0.0,0.0,0.0,0.0,0.0,0.0,0.0,0.0,0.0,0.0,0.0,0.0,0.0,0.0,0.0,0.0,0.0,0.53009594423279,0.0,0.0,0.0,0.0,0.3567952630437184,0.0,0.0,0.0,0.0,0.0,0.0,0.0,0.0,0.0,0.0,0.0,0.0,0.0,0.0,0.0,0.0,0.0,0.0,0.0,0.0,0.0,0.0,0.0,0.0,0.0,0.0,0.0,0.0,0.0,0.0,0.0,0.0,0.0,0.0,0.0,0.0,0.0,0.0,0.0,0.0,0.0,0.0,0.0,0.0,0.0,0.0,0.0,0.0,0.0
5.0,2024-04-02,"빵 맛있고 다 좋은데 사람 많은 건 둘째치고
결제 줄이 조금 통제 되거나 효율적으로 분리되면 좋겠어요.
손님들이 알아서 빈자리 찾아서 앞으로 오셔도 된...",0,87,빵 맛있고 다 좋은데 사람 많은 건 둘째치고 결제 줄이 조금 통제 되거나 효율적으로 분리되면 좋겠어요 손님들이 알아서 빈자리 찾아서 앞으로 오셔도 된,맛있고 좋은데 사람 많은 둘째치고 결제 줄이 통제 되거나 효율적 분리되면 좋겠어요 손님들 알아서 빈자리 찾아서 오셔,2024,4,2024-04,2,1,화,0,83,17,긍정,0,0.0,0.0,0.0,0.0,0.0,0.0,0.0,0.0,0.0,0.0,0.0,0.0,0.0,0.0,0.0,0.0,0.0,0.0,0.6356152796495972,0.0,0.0,0.0,0.0,0.0,0.0,0.4850535703668019,0.0,0.0,0.0,0.0,0.0,0.0,0.0,0.0,0.0,0.0,0.0,0.0,0.0,0.0,0.0,0.0,0.0,0.0,0.0,0.0,0.0,0.0,0.0,0.0,0.3602581504907262,0.0,0.0,0.0,0.0,0.0,0.0,0.0,0.0,0.0,0.0,0.0,0.0,0.0,0.0,0.0,0.0,0.0,0.0,0.0,0.0,0.0,0.0,0.0,0.0,0.0,0.0,0.0,0.0,0.0,0.0,0.0,0.0,0.0,0.4805520941119535,0.0,0.0,0.0,0.0,0.0,0.0,0.0,0.0,0.0,0.0,0.0,0.0,0.0,0.0,0.0
5.0,2024-04-04,"엄청엄청 맛있어서 이건 꼭 안 먹으면 죽음뿐 같은 빵은 없지만 무엇을 골라도 평균이상의 맛과 낮은 가격에 쉽게 행복을 취할 수 있음. 
갠적으로는 김치...",0,87,엄청엄청 맛있어서 이건 꼭 안 먹으면 죽음뿐 같은 빵은 없지만 무엇을 골라도 평균이상의 맛과 낮은 가격에 쉽게 행복을 취할 수 있음 갠적으로는 김치,엄청엄청 맛있어서 이건 먹으면 죽음뿐 빵은 없지 무엇 평균이상 맛과 낮은 가격 쉽게 행복 취할 있음 갠적 김치,2024,4,2024-04,2,3,목,0,82,18,긍정,0,0.45235913758112606,0.0,0.0,0.0,0.0,0.0,0.0,0.0,0.0,0.0,0.0,0.0,0.0,0.0,0.0,0.0,0.0,0.0,0.0,0.0,0.0,0.0,0.0,0.0,0.0,0.0,0.0,0.0,0.0,0.0,0.0,0.0,0.0,0.0,0.0,0.0,0.0,0.0,0.0,0.0,0.0,0.0,0.0,0.0,0.0,0.0,0.5658476552346615,0.0,0.0,0.0,0.0,0.0,0.0,0.0,0.0,0.0,0.0,0.0,0.0,0.0,0.0,0.0,0.0,0.0,0.0,0.0,0.0,0.0,0.0,0.0,0.0,0.0,0.0,0.6893385537689702,0.0,0.0,0.0,0.0,0.0,0.0,0.0,0.0,0.0,0.0,0.0,0.0,0.0,0.0,0.0,0.0,0.0,0.0,0.0,0.0,0.0,0.0,0.0,0.0,0.0,0.0
5.0,2024-04-11,"가성비 좋고 맛있어요
주방이 오픈되어있어서 외부에서도 볼 수 있게 해놓은만큼 위생관리가 철저하다고 느껴지네요.

줄이 긴데 ...",0,72,가성비 좋고 맛있어요 주방이 오픈되어있어서 외부에서도 볼 수 있게 해놓은만큼 위생관리가 철저하다고 느껴지네요 줄이 긴데,가성비 좋고 맛있어요 주방 오픈되어있어서 외부 있게 해놓은만큼 위생관리 철저하다고 느껴지네요 줄이 긴데,2024,4,2024-04,2,3,목,0,66,13,긍정,0,0.0,0.0,0.0,0.45691340761426535,0.0,0.0,0.0,0.0,0.0,0.0,0.0,0.0,0.0,0.0,0.0,0.0,0.0,0.0,0.0,0.0,0.0,0.0,0.0,0.0,0.0,0.0,0.0,0.0,0.46368708066515785,0.0,0.0,0.0,0.0,0.0,0.0,0.0,0.0,0.0,0.0,0.0,0.0,0.0,0.0,0.0,0.0,0.0,0.0,0.0,0.0,0.0,0.0,0.0,0.0,0.0,0.0,0.0,0.0,0.0,0.0,0.0,0.0,0.0,0.0,0.0,0.0,0.0,0.0,0.0,0.0,0.0,0.0,0.0,0.0,0.0,0.0,0.0,0.0,0.0,0.5715549591162861,0.0,0.0,0.0,0.0,0.0,0.4995491546145625,0.0,0.0,0.0,0.0,0.0,0.0,0.0,0.0,0.0,0.0,0.0,0.0,0.0,0.0,0.0
5.0,2024-04-12,오전에 가니까 사람이 없어서 좋아요,0,19,오전에 가니까 사람이 없어서 좋아요,오전 가니까 사람 없어서 좋아요,2024,4,2024-04,2,4,금,0,19,5,긍정,0,0.0,0.0,0.0,0.0,0.0,0.0,0.0,0.0,0.0,0.0,0.0,0.0,0.0,0.0,0.0,0.0,0.0,0.0,0.0,0.0,0.0,0.0,0.0,0.0,0.0,0.0,0.0,0.0,0.0,0.0,0.0,0.0,0.0,0.0,0.0,0.0,0.0,0.0,0.0,0.0,0.0,0.0,0.0,0.0,0.0,0.0,0.0,0.0,0.0,0.0,0.3498753458694739,0.0,0.0,0.0,0.0,0.0,0.0,0.0,0.0,0.0,0.0,0.5790153462078211,0.5071495716640524,0.0,0.0,0.0,0.0,0.0,0.0,0.0,0.0,0.0,0.0,0.0,0.0,0.0,0.0,0.0,0.0,0.5339735790931245,0.0,0.0,0.0,0.0,0.0,0.0,0.0,0.0,0.0,0.0,0.0,0.0,0.0,0.0,0.0,0.0,0.0,0.0,0.0,0.0
5.0,2024-04-12,맛있음 평일 오전 기준 웨이팅 1도없고 괜찮 오후에 사람 좀 많을때 가도 계산대가 6~8대나 있어서 줄이 은근 빨리 빠져요ㅎ 빵들 퀄리티랑 크기에 비해서 가격은 ㄹㅇ괜찮다고 생각했음 빵들이 전체적으루 큼직큼직함.. 튀소구마랑 오징어먹물?빵이 맛있어오,0,139,맛있음 평일 오전 기준 웨이팅 1도없고 괜찮 오후에 사람 좀 많을때 가도 계산대가 6 8대나 있어서 줄이 은근 빨리 빠져요 빵들 퀄리티랑 크기에 비해서 가격은 괜찮다고 생각했음 빵들이 전체적으루 큼직큼직함 튀소구마랑 오징어먹물 빵이 맛있어오,맛있음 평일 오전 기준 웨이팅 1도없고 괜찮 오후 사람 많을때 가도 계산대 8대나 있어서 줄이 은근 빨리 빠져요 빵들 퀄리티 크기 비해서 가격 괜찮다고 생각했음 빵들 전체적으루 큼직큼직함 튀소구마 오징어먹물 빵이 맛있어오,2024,4,2024-04,2,4,금,0,134,32,긍정,1,0.19245462759328116,0.0,0.0,0.0,0.0,0.0,0.0,0.0,0.0,0.0,0.0,0.0,0.0,0.0,0.0,0.0,0.0,0.0,0.0,0.0,0.0,0.0,0.0,0.0,0.0,0.0,0.0,0.0,0.0,0.0,0.2837182093517733,0.0,0.0,0.0,0.0,0.0,0.0,0.0,0.0,0.0,0.0,0.0,0.0,0.28831345530587454,0.0,0.5362696878862573,0.0,0.0,0.24533317012875777,0.0,0.18047533322356848,0.0,0.0,0.0,0.0,0.0,0.0,0.0,0.0,0.0,0.0,0.0,0.2616017076390565,0.22515455876601187,0.0,0.0,0.0,0.0,0.0,0.0,0.0,0.0,0.29867205215254256,0.0,0.0,0.0,0.0,0.0,0.0,0.0,0.0,0.0,0.0,0.0,0.2407379241746565,0.0,0.0,0.0,0.0,0.0,0.0,0.0,0.0,0.3111151291202454,0.0,0.2364598525401418,0.0,0.0,0.0,0.0
5.0,2024-04-13,"성심광역시🥖🥐🥨
서울에서 10만원어치 빵이 여기선 5만원도 안 하는듯",3,38,성심광역시 서울에서 10만원어치 빵이 여기선 5만원도 안 하는듯,성심광역시 서울 10만원어치 빵이 여기선 5만원 하는듯,2024,4,2024-04,2,5,토,1,35,7,긍정,0,0.0,0.0,0.0,0.0,0.0,0.0,0.0,0.0,0.0,0.0,0.0,0.0,0.0,0.0,0.0,0.0,0.0,0.0,0.0,0.0,0.0,0.0,0.0,0.0,0.0,0.0,0.0,0.0,0.0,0.0,0.0,0.0,0.0,0.0,0.0,0.0,0.0,0.0,0.0,0.0,0.0,0.0,0.0,0.0,0.0,0.0,0.0,0.0,1.0,0.0,0.0,0.0,0.0,0.0,0.0,0.0,0.0,0.0,0.0,0.0,0.0,0.0,0.0,0.0,0.0,0.0,0.0,0.0,0.0,0.0,0.0,0.0,0.0,0.0,0.0,0.0,0.0,0.0,0.0,0.0,0.0,0.0,0.0,0.0,0.0,0.0,0.0,0.0,0.0,0.0,0.0,0.0,0.0,0.0,0.0,0.0,0.0,0.0,0.0,0.0
5.0,2024-04-14,"여기는 그냥 맛있음 기다린 시간이 아깝지 않음
빵을 한가득 담아도 서울의 반값느낌.
맛도 최고",0,52,여기는 그냥 맛있음 기다린 시간이 아깝지 않음 빵을 한가득 담아도 서울의 반값느낌 맛도 최고,맛있음 기다린 시간 아깝지 않음 빵을 한가득 담아 서울 반값느낌 맛도 최고,2024,4,2024-04,2,6,일,1,51,12,긍정,1,0.0,0.0,0.0,0.0,0.0,0.0,0.0,0.0,0.0,0.0,0.0,0.0,0.0,0.0,0.0,0.0,0.0,0.0,0.0,0.0,0.0,0.0,0.5016678153531573,0.0,0.0,0.0,0.0,0.0,0.0,0.0,0.5308235668602715,0.0,0.0,0.0,0.0,0.0,0.0,0.0,0.0,0.0,0.0,0.0,0.0,0.0,0.0,0.0,0.0,0.46355705899416483,0.0,0.0,0.0,0.0,0.0,0.0,0.0,0.0,0.0,0.0,0.0,0.0,0.0,0.0,0.0,0.0,0.0,0.0,0.0,0.0,0.0,0.0,0.0,0.0,0.0,0.0,0.0,0.0,0.0,0.0,0.0,0.0,0.0,0.0,0.0,0.0,0.0,0.0,0.0,0.5016678153531573,0.0,0.0,0.0,0.0,0.0,0.0,0.0,0.0,0.0,0.0,0.0,0.0
3.0,2024-04-15,다들 집단 최면에라도 걸린 것일까. 하도 성심당성심당 하길래 대전에 사는 친척 보러온 김에 들렀다. 현지인 말로는 굳이 갈만한 곳은 아니라고 했지만 그래도 언제 또 올 수 있을지 몰라 들렀다. 명성대로 엄청난 줄과 매장 안 인파에 기겁했다. 브레드 종류...,0,144,다들 집단 최면에라도 걸린 것일까 하도 성심당성심당 하길래 대전에 사는 친척 보러온 김에 들렀다 현지인 말로는 굳이 갈만한 곳은 아니라고 했지만 그래도 언제 또 올 수 있을지 몰라 들렀다 명성대로 엄청난 줄과 매장 안 인파에 기겁했다 브레드 종류,다들 집단 최면 걸린 것일까 하도 성심당성심당 하길래 대전 사는 친척 보러온 김에 들렀다 현지인 말로 굳이 갈만한 곳은 아니라고 했지 그래 있을지 몰라 들렀다 명성대 엄청난 줄과 매장 인파 기겁했다 브레드 종류,2024,4,2024-04,2,0,월,0,137,33,중립,0,0.0,0.0,0.0,0.0,0.0,0.4277921945423294,0.0,0.0,0.45607538796226255,0.0,0.0,0.0,0.25269045290947406,0.0,0.0,0.0,0.0,0.0,0.0,0.0,0.0,0.0,0.0,0.0,0.0,0.0,0.0,0.0,0.0,0.0,0.0,0.0,0.4129554301196839,0.0,0.0,0.0,0.0,0.0,0.0,0.0,0.0,0.0,0.0,0.0,0.0,0.0,0.0,0.0,0.0,0.0,0.0,0.0,0.0,0.0,0.0,0.0,0.0,0.0,0.0,0.0,0.0,0.0,0.0,0.0,0.0,0.0,0.0,0.0,0.0,0.0,0.0,0.0,0.0,0.0,0.0,0.0,0.0,0.39451411905390404,0.0,0.0,0.0,0.0,0.0,0.0,0.0,0.0,0.0,0.0,0.0,0.0,0.0,0.0,0.0,0.0,0.0,0.0,0.0,0.0,0.0,0.46793486340934604
4.0,2024-04-16,"대전 그 잡채 성심당. 요번에는 생크림튀소 먹어봤는데 맛있었어요. 적당히 애매한 저녁시간에 가니까 빵도 많고, 줄도 거의 없어서 나이스했습니다.",0,80,대전 그 잡채 성심당 요번에는 생크림튀소 먹어봤는데 맛있었어요 적당히 애매한 저녁시간에 가니까 빵도 많고 줄도 거의 없어서 나이스했습니다,대전 잡채 성심당 요번 생크림튀소 먹어봤는데 맛있었어요 적당히 애매한 저녁시간 가니까 빵도 많고 줄도 거의 없어서 나이스했습니다,2024,4,2024-04,2,1,화,0,76,17,긍정,0,0.0,0.0,0.0,0.0,0.0,0.0,0.0,0.0,0.0,0.0,0.0,0.0,0.28315640404983383,0.0,0.0,0.4303572054283003,0.0,0.0,0.0,0.0,0.0,0.0,0.0,0.0,0.0,0.0,0.0,0.0,0.0,0.0,0.0,0.0,0.0,0.5243520351756544,0.0,0.0,0.0,0.0,0.0,0.0,0.0,0.0,0.0,0.0,0.4017264732012293,0.0,0.0,0.0,0.0,0.0,0.0,0.0,0.0,0.0,0.0,0.0,0.2617074320825364,0.0,0.0,0.0,0.0,0.4793695135391139,0.0,0.0,0.0,0.0,0.0,0.0,0.0,0.0,0.0,0.0,0.0,0.0,0.0,0.0,0.0,0.0,0.0,0.0,0.0,0.0,0.0,0.0,0.0,0.0,0.0,0.0,0.0,0.0,0.0,0.0,0.0,0.0,0.0,0.0,0.0,0.0,0.0,0.0
5.0,2024-04-20,"나도 드디어 성심당 가봤다!!!! 내부가 장관이네...
빵을 썩 좋아하지 않지만 가격도 착한...",0,54,나도 드디어 성심당 가봤다 내부가 장관이네 빵을 썩 좋아하지 않지만 가격도 착한,나도 드디어 성심당 가봤다 내부 장관이네 빵을 좋아하지 않지 가격 착한,2024,4,2024-04,2,5,토,1,44,11,긍정,0,0.41894898400374353,0.0,0.0,0.0,0.0,0.0,0.0,0.6384256727528291,0.0,0.0,0.0,0.0,0.0,0.0,0.0,0.0,0.0,0.0,0.0,0.0,0.0,0.0,0.0,0.0,0.0,0.0,0.0,0.0,0.0,0.0,0.0,0.0,0.0,0.0,0.0,0.0,0.0,0.0,0.0,0.0,0.0,0.0,0.0,0.0,0.0,0.0,0.0,0.5393528730276519,0.0,0.0,0.0,0.0,0.0,0.0,0.0,0.0,0.3549547682862509,0.0,0.0,0.0,0.0,0.0,0.0,0.0,0.0,0.0,0.0,0.0,0.0,0.0,0.0,0.0,0.0,0.0,0.0,0.0,0.0,0.0,0.0,0.0,0.0,0.0,0.0,0.0,0.0,0.0,0.0,0.0,0.0,0.0,0.0,0.0,0.0,0.0,0.0,0.0,0.0,0.0,0.0,0.0
5.0,2024-04-23,대한민국 원탑 베이커리답네요 특히 샌드위치가 전 정말 맛있었어요!! 저렴한 가격에 좋은 빵을 먹을수 있어서 일부러 대전들렸다 갑니다👍,1,74,대한민국 원탑 베이커리답네요 특히 샌드위치가 전 정말 맛있었어요 저렴한 가격에 좋은 빵을 먹을수 있어서 일부러 대전들렸다 갑니다,대한민국 원탑 베이커리답네요 특히 샌드위치 맛있었어요 저렴한 가격 좋은 빵을 먹을수 있어서 일부러 대전들렸다 갑니다,2024,4,2024-04,2,1,화,0,71,15,긍정,0,0.28912425163341293,0.0,0.0,0.0,0.0,0.0,0.0,0.0,0.0,0.0,0.0,0.0,0.0,0.0,0.0,0.0,0.0,0.0,0.0,0.0,0.0,0.0,0.0,0.0,0.0,0.0,0.0,0.0,0.0,0.0,0.0,0.0,0.0,0.0,0.0,0.0,0.0,0.0,0.0,0.0,0.0,0.0,0.0,0.0,0.0,0.0,0.0,0.37221714751564505,0.0,0.0,0.0,0.0,0.0,0.0,0.43313280144823385,0.0,0.0,0.0,0.0,0.0,0.0,0.0,0.0,0.0,0.0,0.0,0.0,0.0,0.0,0.0,0.0,0.0,0.4486945034385562,0.0,0.0,0.0,0.0,0.0,0.0,0.0,0.4486945034385562,0.0,0.0,0.0,0.0,0.0,0.0,0.0,0.0,0.0,0.0,0.0,0.0,0.0,0.43313280144823385,0.0,0.0,0.0,0.0,0.0
5.0,2024-04-27,"딸기케익 사먹음 빵맛은 좋은데 딸기맛은 꽝임
다른빵 색다른 맛이긴 하나 구지 두번가기엔 가격도 만만치않고..",0,60,딸기케익 사먹음 빵맛은 좋은데 딸기맛은 꽝임 다른빵 색다른 맛이긴 하나 구지 두번가기엔 가격도 만만치않고,딸기케익 사먹음 빵맛 좋은데 딸기맛 꽝임 다른빵 색다른 맛이긴 하나 구지 두번가기엔 가격 만만치않고,2024,4,2024-04,2,5,토,1,58,14,긍정,0,0.5260770254034078,0.0,0.0,0.0,0.0,0.0,0.0,0.0,0.0,0.0,0.0,0.0,0.0,0.0,0.0,0.0,0.0,0.0,0.0,0.0,0.0,0.0,0.0,0.0,0.0,0.0,0.0,0.0,0.0,0.0,0.0,0.0,0.0,0.0,0.0,0.0,0.0,0.0,0.0,0.0,0.0,0.0,0.0,0.0,0.0,0.0,0.0,0.0,0.0,0.0,0.0,0.0,0.0,0.0,0.0,0.0,0.0,0.0,0.0,0.0,0.0,0.0,0.0,0.0,0.0,0.0,0.0,0.0,0.0,0.0,0.0,0.0,0.0,0.0,0.0,0.0,0.0,0.0,0.0,0.0,0.0,0.0,0.0,0.0,0.0,0.0,0.0,0.0,0.0,0.0,0.0,0.0,0.0,0.0,0.0,0.0,0.8504369249642809,0.0,0.0,0.0
5.0,2024-04-28,"먹은지 두달되어가는데 잊을수없음..
부모님도 뭔빵사러 대전가냐하시더니 먹고서는 괜찮다하시네요 존맛..",0,56,먹은지 두달되어가는데 잊을수없음 부모님도 뭔빵사러 대전가냐하시더니 먹고서는 괜찮다하시네요 존맛,먹은지 두달되어가는데 잊을수없음 부모님 뭔빵사러 대전가냐하시더니 먹고서 괜찮다하시네요 존맛,2024,4,2024-04,2,6,일,1,52,9,긍정,0,0.0,0.0,0.0,0.0,0.0,0.0,0.0,0.0,0.0,0.0,0.0,0.0,0.0,0.0,0.0,0.0,0.0,0.0,0.0,0.0,0.0,0.0,0.0,0.0,0.0,0.0,0.0,0.0,0.0,0.0,0.0,0.0,0.0,0.0,0.0,0.0,0.0,0.0,0.0,0.0,0.0,0.0,0.0,0.0,0.0,0.0,0.0,0.0,0.0,0.0,0.0,0.0,0.0,0.0,0.0,0.0,0.0,0.0,0.0,0.0,0.0,0.0,0.0,0.0,0.0,0.0,0.0,0.0,0.0,0.0,0.0,0.0,0.0,0.0,0.0,0.0,0.0,0.0,0.0,0.0,0.0,0.0,0.0,0.0,0.0,0.0,0.0,0.0,0.0,0.0,0.0,0.0,0.0,0.0,0.0,0.0,0.0,0.0,0.0,0.0
5.0,2024-04-29,대전 놀러갔을 때 꼭 가야하는 장소 중 하나… 빵 별로 안 좋아하는 저도 맛있게 먹었습니다 딱 하나 단점이라면 사람이 너무 많아 질서가 부족해서 불편한 거 빼고 다 좋아요,0,95,대전 놀러갔을 때 꼭 가야하는 장소 중 하나 빵 별로 안 좋아하는 저도 맛있게 먹었습니다 딱 하나 단점이라면 사람이 너무 많아 질서가 부족해서 불편한 거 빼고 다 좋아요,대전 놀러갔 가야하 장소 하나 별로 좋아하 저도 맛있게 먹었습니다 하나 단점이라면 사람 많아 질서 부족해서 불편한 빼고 좋아요,2024,4,2024-04,2,0,월,0,94,19,긍정,0,0.0,0.0,0.0,0.0,0.0,0.0,0.0,0.0,0.0,0.0,0.0,0.0,0.20720816936021969,0.0,0.0,0.0,0.36540748657667654,0.0,0.0,0.0,0.0,0.0,0.0,0.0,0.0,0.0,0.0,0.0,0.0,0.0,0.0,0.0,0.0,0.0,0.0,0.0,0.0,0.0,0.0,0.0,0.37398542422878067,0.0,0.0,0.0,0.0,0.0,0.0,0.0,0.0,0.0,0.21196988423158267,0.0,0.0,0.0,0.0,0.0,0.0,0.0,0.0,0.0,0.0,0.0,0.0,0.0,0.0,0.0,0.0,0.0,0.0,0.0,0.0,0.0,0.0,0.0,0.0,0.0,0.0,0.0,0.0,0.32350469697090134,0.0,0.0,0.0,0.0,0.0,0.0,0.0,0.0,0.0,0.0,0.0,0.0,0.0,0.0,0.0,0.0,0.7308149731533531,0.0,0.0,0.0
5.0,2024-04-30,사람 엄청 많음. 예약 후 픽업하시길,0,20,사람 엄청 많음 예약 후 픽업하시길,사람 많음 예약 픽업하시길,2024,4,2024-04,2,1,화,0,19,4,긍정,0,0.0,0.0,0.0,0.0,0.0,0.0,0.0,0.0,0.0,0.0,0.0,0.0,0.0,0.0,0.0,0.0,0.0,0.0,0.0,0.8649967270267728,0.0,0.0,0.0,0.0,0.0,0.0,0.0,0.0,0.0,0.0,0.0,0.0,0.0,0.0,0.0,0.0,0.0,0.0,0.0,0.0,0.0,0.0,0.0,0.0,0.0,0.0,0.0,0.0,0.0,0.0,0.5017775027170616,0.0,0.0,0.0,0.0,0.0,0.0,0.0,0.0,0.0,0.0,0.0,0.0,0.0,0.0,0.0,0.0,0.0,0.0,0.0,0.0,0.0,0.0,0.0,0.0,0.0,0.0,0.0,0.0,0.0,0.0,0.0,0.0,0.0,0.0,0.0,0.0,0.0,0.0,0.0,0.0,0.0,0.0,0.0,0.0,0.0,0.0,0.0,0.0,0.0
5.0,2024-05-01,"이게 무슨 맛인지 의아한 메뉴도 있었으나... 독특한 메뉴도 많았고 대부분 가격 대비 괜찮았던 것 같습니다. 튀소를 비롯해 빵들이 대체적으로 다양하게 단 편입니다.(팥, 설탕, 캐러멜 등...)
내부가 너무 ...",0,119,이게 무슨 맛인지 의아한 메뉴도 있었으나 독특한 메뉴도 많았고 대부분 가격 대비 괜찮았던 것 같습니다 튀소를 비롯해 빵들이 대체적으로 다양하게 단 편입니다 팥 설탕 캐러멜 등 내부가 너무,이게 무슨 맛인지 의아한 메뉴 있었으나 독특한 메뉴 많았고 대부분 가격 대비 괜찮았던 튀소 비롯해 빵들 대체적 다양하게 편입니다 설탕 캐러멜 내부,2024,5,2024-05,2,2,수,0,104,22,긍정,0,0.3761290487687226,0.0,0.0,0.0,0.0,0.0,0.0,0.5731734654353708,0.0,0.0,0.0,0.0,0.0,0.0,0.0,0.0,0.0,0.0,0.0,0.0,0.0,0.0,0.0,0.0,0.0,0.0,0.0,0.0,0.0,0.0,0.0,0.0,0.0,0.0,0.0,0.0,0.0,0.0,0.0,0.0,0.0,0.0,0.0,0.0,0.0,0.5240367823589802,0.0,0.0,0.0,0.0,0.0,0.0,0.0,0.0,0.0,0.0,0.0,0.0,0.0,0.0,0.0,0.0,0.0,0.0,0.0,0.0,0.0,0.0,0.0,0.0,0.0,0.0,0.0,0.0,0.0,0.0,0.0,0.0,0.0,0.0,0.0,0.0,0.0,0.0,0.0,0.0,0.0,0.0,0.0,0.0,0.0,0.0,0.5053558824511599,0.0,0.0,0.0,0.0,0.0,0.0,0.0
4.0,2024-05-03,소문마따나 맛있는데 늦게갔더니 빵 종류도 적고 식어서 아쉬웠어요 ㅠ,0,37,소문마따나 맛있는데 늦게갔더니 빵 종류도 적고 식어서 아쉬웠어요,소문마따나 맛있는데 늦게갔더니 종류 적고 식어서 아쉬웠어요,2024,5,2024-05,2,4,금,0,35,7,긍정,0,0.0,0.0,0.0,0.0,0.0,0.0,0.0,0.0,0.0,0.0,0.0,0.0,0.0,0.0,0.0,0.0,0.0,0.0,0.0,0.0,0.0,0.0,0.0,0.0,0.0,0.0,0.0,0.0,0.0,0.0,0.0,0.0,0.0,0.0,0.0,0.0,0.0,0.0,0.0,0.0,0.0,0.0,0.0,0.0,0.0,0.0,0.0,0.0,0.0,0.0,0.0,0.0,0.0,0.0,0.0,0.0,0.0,0.0,0.0,0.0,0.0,0.0,0.0,0.0,0.0,0.0,0.0,0.0,0.0,0.0,0.0,0.0,0.0,0.0,0.0,0.0,0.0,1.0,0.0,0.0,0.0,0.0,0.0,0.0,0.0,0.0,0.0,0.0,0.0,0.0,0.0,0.0,0.0,0.0,0.0,0.0,0.0,0.0,0.0,0.0
4.0,2024-05-04,서울에서 대전으로 처음 놀러 가보는거고 또 성심당도 태어나서 처음 가봤습니다. 튀소세트랑 반반세트 사자해서 튀소세트 상자에 담겨져 있는 걸로 사려고 했는데 상자에 튀김소보로 담으시는 여자 직원 분 바쁘고 정신 없...,0,121,서울에서 대전으로 처음 놀러 가보는거고 또 성심당도 태어나서 처음 가봤습니다 튀소세트랑 반반세트 사자해서 튀소세트 상자에 담겨져 있는 걸로 사려고 했는데 상자에 튀김소보로 담으시는 여자 직원 분 바쁘고 정신 없,서울 대전 처음 놀러 가보는거고 성심당 태어나서 처음 가봤습니다 튀소세트 반반세트 사자해서 튀소세트 상자 담겨져 걸로 사려고 했는데 상자 튀김소보로 담으시 여자 직원 바쁘고 정신,2024,5,2024-05,2,5,토,1,117,25,긍정,0,0.0,0.0,0.0,0.0,0.0,0.0,0.0,0.0,0.0,0.0,0.0,0.0,0.20363931886473016,0.0,0.0,0.0,0.0,0.0,0.0,0.0,0.0,0.0,0.0,0.0,0.0,0.0,0.0,0.0,0.0,0.0,0.0,0.0,0.0,0.0,0.0,0.0,0.0,0.0,0.0,0.0,0.0,0.0,0.0,0.0,0.0,0.0,0.0,0.0,0.0,0.0,0.0,0.0,0.0,0.0,0.0,0.0,0.1882137308176365,0.0,0.0,0.0,0.0,0.0,0.0,0.0,0.0,0.0,0.0,0.0,0.0,0.0,0.0,0.0,0.0,0.0,0.0,0.0,0.3771014526293846,0.0,0.0,0.0,0.0,0.0,0.0,0.0,0.0,0.0,0.7350881704175423,0.0,0.0,0.0,0.0,0.31359367006657085,0.0,0.0,0.0,0.0,0.0,0.0,0.3771014526293846,0.0
4.0,2024-05-04,"성심당은 성심당이지
빵도 달지않고, 진짜 맛있어요",0,27,성심당은 성심당이지 빵도 달지않고 진짜 맛있어요,성심당 성심당이지 빵도 달지않고 맛있어요,2024,5,2024-05,2,5,토,1,26,5,긍정,0,0.0,0.0,0.0,0.0,0.0,0.0,0.0,0.0,0.0,0.0,0.0,0.0,0.0,0.0,0.0,0.0,0.0,0.0,0.0,0.0,0.0,0.0,0.0,0.0,0.0,0.0,0.0,0.0,0.5989919394004408,0.0,0.0,0.0,0.0,0.0,0.0,0.0,0.0,0.0,0.0,0.0,0.0,0.0,0.0,0.0,0.6709409923947026,0.0,0.0,0.0,0.0,0.0,0.0,0.0,0.0,0.0,0.0,0.0,0.4370890541499641,0.0,0.0,0.0,0.0,0.0,0.0,0.0,0.0,0.0,0.0,0.0,0.0,0.0,0.0,0.0,0.0,0.0,0.0,0.0,0.0,0.0,0.0,0.0,0.0,0.0,0.0,0.0,0.0,0.0,0.0,0.0,0.0,0.0,0.0,0.0,0.0,0.0,0.0,0.0,0.0,0.0,0.0,0.0
5.0,2024-05-09,"명성대로 싸고 맛있고 직원분들도 친절하십니다ㅎㅎ
평일 오전에 가니까 웨이팅 없어서 좋았습니다! 진짜 가성비 갑..!캐리어 둘 곳 없어서 망설였는데 앞에 보관하게 해...",0,94,명성대로 싸고 맛있고 직원분들도 친절하십니다 평일 오전에 가니까 웨이팅 없어서 좋았습니다 진짜 가성비 갑 캐리어 둘 곳 없어서 망설였는데 앞에 보관하게 해,명성대 싸고 맛있고 직원분들 친절하십니다 평일 오전 가니까 웨이팅 없어서 좋았습니다 가성비 캐리어 없어서 망설였는데 앞에 보관하게,2024,5,2024-05,2,3,목,0,86,17,긍정,1,0.0,0.0,0.0,0.2405958062626908,0.0,0.0,0.0,0.0,0.0,0.0,0.0,0.0,0.0,0.0,0.0,0.0,0.0,0.0,0.0,0.0,0.0,0.0,0.0,0.0,0.0,0.26551044512918703,0.0,0.0,0.0,0.0,0.0,0.0,0.0,0.0,0.0,0.0,0.0,0.0,0.0,0.0,0.0,0.0,0.0,0.0,0.0,0.0,0.0,0.0,0.0,0.0,0.0,0.0,0.0,0.0,0.0,0.0,0.0,0.0,0.0,0.3399452667833951,0.0,0.6526982518455294,0.2858435799821853,0.24601897941654535,0.0,0.0,0.0,0.0,0.0,0.0,0.0,0.0,0.0,0.0,0.0,0.0,0.0,0.0,0.0,0.0,0.0,0.0,0.0,0.0,0.0,0.3479254790415366,0.0,0.0,0.0,0.0,0.0,0.0,0.0,0.0,0.0,0.2583719020114021,0.0,0.0,0.0,0.0
3.0,2024-05-10,"빵은 다른곳 보다 훨씬 고퀄이어서 좋았는데
인기있는 상점인데, 사람들은 많고, 공간은 좁아서 빵을 제대로 고르지 못 한다는...",0,71,빵은 다른곳 보다 훨씬 고퀄이어서 좋았는데 인기있는 상점인데 사람들은 많고 공간은 좁아서 빵을 제대로 고르지 못 한다는,빵은 다른곳 훨씬 고퀄이어서 좋았는데 인기있 상점인데 사람들 많고 공간 좁아서 빵을 제대 고르지,2024,5,2024-05,2,4,금,0,66,14,중립,0,0.0,0.0,0.0,0.0,0.0,0.0,0.0,0.0,0.0,0.0,0.0,0.0,0.0,0.0,0.0,0.514376071722705,0.0,0.0,0.0,0.0,0.0,0.0,0.0,0.0,0.0,0.0,0.0,0.0,0.0,0.0,0.0,0.0,0.0,0.0,0.0,0.0,0.0,0.0,0.0,0.0,0.0,0.0,0.0,0.0,0.0,0.0,0.46181923218417126,0.4752998931312608,0.0,0.0,0.0,0.5442703971495721,0.0,0.0,0.0,0.0,0.0,0.0,0.0,0.0,0.0,0.0,0.0,0.0,0.0,0.0,0.0,0.0,0.0,0.0,0.0,0.0,0.0,0.0,0.0,0.0,0.0,0.0,0.0,0.0,0.0,0.0,0.0,0.0,0.0,0.0,0.0,0.0,0.0,0.0,0.0,0.0,0.0,0.0,0.0,0.0,0.0,0.0,0.0,0.0
5.0,2024-05-12,본점에서는 망고시루 안 팔고 케잌부띠끄에서만 판대요! 꼭 확인 후 웨이팅 하세요 ㅜ 1시간 넘게 웨이팅했는데 전 넘 맛있게 잘 먹었습니다 👍,1,78,본점에서는 망고시루 안 팔고 케잌부띠끄에서만 판대요 꼭 확인 후 웨이팅 하세요 1시간 넘게 웨이팅했는데 전 넘 맛있게 잘 먹었습니다,본점 망고시루 팔고 케잌부띠끄 판대요 확인 웨이팅 하세요 1시간 넘게 웨이팅했는데 맛있게 먹었습니다,2024,5,2024-05,2,6,일,1,73,13,긍정,1,0.0,0.0,0.0,0.0,0.0,0.0,0.0,0.0,0.0,0.0,0.0,0.0,0.0,0.0,0.0,0.0,0.0,0.0,0.0,0.0,0.0,0.0,0.0,0.0,0.0,0.0,0.0,0.0,0.0,0.0,0.0,0.6669256691560611,0.0,0.0,0.0,0.0,0.0,0.0,0.0,0.0,0.0,0.5769037308001146,0.0,0.0,0.0,0.0,0.0,0.0,0.0,0.0,0.0,0.0,0.0,0.0,0.0,0.0,0.0,0.0,0.0,0.0,0.0,0.0,0.0,0.47158481443919403,0.0,0.0,0.0,0.0,0.0,0.0,0.0,0.0,0.0,0.0,0.0,0.0,0.0,0.0,0.0,0.0,0.0,0.0,0.0,0.0,0.0,0.0,0.0,0.0,0.0,0.0,0.0,0.0,0.0,0.0,0.0,0.0,0.0,0.0,0.0,0.0
5.0,2024-05-12,망고시루 너무 맛있어요 또 가야될 것 같음,0,23,망고시루 너무 맛있어요 또 가야될 것 같음,망고시루 맛있어요 가야될 같음,2024,5,2024-05,2,6,일,1,23,4,긍정,0,0.0,0.0,0.0,0.0,0.0,0.0,0.0,0.0,0.0,0.0,0.0,0.0,0.0,0.0,0.0,0.0,0.0,0.0,0.0,0.0,0.0,0.0,0.0,0.0,0.0,0.0,0.0,0.0,0.5744326413701832,0.0,0.0,0.818551855735771,0.0,0.0,0.0,0.0,0.0,0.0,0.0,0.0,0.0,0.0,0.0,0.0,0.0,0.0,0.0,0.0,0.0,0.0,0.0,0.0,0.0,0.0,0.0,0.0,0.0,0.0,0.0,0.0,0.0,0.0,0.0,0.0,0.0,0.0,0.0,0.0,0.0,0.0,0.0,0.0,0.0,0.0,0.0,0.0,0.0,0.0,0.0,0.0,0.0,0.0,0.0,0.0,0.0,0.0,0.0,0.0,0.0,0.0,0.0,0.0,0.0,0.0,0.0,0.0,0.0,0.0,0.0,0.0
5.0,2024-05-13,"빵이 맛있다아🥖 줄이 진짜 길다아...
내부가 매우 혼잡하다아... 혼돈 그자체...
결제는 줄이 따로 없다 재빠르게 ...",1,69,빵이 맛있다아 줄이 진짜 길다아 내부가 매우 혼잡하다아 혼돈 그자체 결제는 줄이 따로 없다 재빠르게,빵이 맛있다아 줄이 길다아 내부 혼잡하다아 혼돈 그자체 결제 줄이 따로 없다 재빠르게,2024,5,2024-05,2,0,월,0,55,13,긍정,0,0.0,0.0,0.0,0.0,0.0,0.0,0.0,0.47700286418861493,0.0,0.0,0.0,0.0,0.0,0.0,0.0,0.0,0.0,0.0,0.0,0.0,0.0,0.0,0.0,0.0,0.0,0.0,0.0,0.0,0.0,0.0,0.0,0.0,0.0,0.0,0.0,0.0,0.0,0.0,0.0,0.0,0.0,0.0,0.0,0.0,0.0,0.0,0.0,0.0,0.3990246249161236,0.0,0.0,0.0,0.0,0.0,0.0,0.0,0.0,0.0,0.0,0.0,0.0,0.0,0.0,0.0,0.0,0.0,0.0,0.0,0.0,0.0,0.0,0.0,0.0,0.0,0.0,0.0,0.0,0.0,0.0,0.0,0.0,0.0,0.0,0.0,0.7831012809760973,0.0,0.0,0.0,0.0,0.0,0.0,0.0,0.0,0.0,0.0,0.0,0.0,0.0,0.0,0.0
4.0,2024-05-13,"좀 늦게가서 주차는 편하게 했는데.....,",0,24,좀 늦게가서 주차는 편하게 했는데,늦게가서 주차 편하게 했는데,2024,5,2024-05,2,0,월,0,18,4,긍정,0,0.0,0.0,0.0,0.0,0.0,0.0,0.0,0.0,0.0,0.0,0.0,0.0,0.0,0.0,0.0,0.0,0.0,0.0,0.0,0.0,0.0,0.0,0.0,0.0,0.0,0.0,0.0,0.0,0.0,0.0,0.0,0.0,0.0,0.0,0.0,0.0,0.0,0.0,0.0,0.0,0.0,0.0,0.0,0.0,0.0,0.0,0.0,0.0,0.0,0.0,0.0,0.0,0.0,0.0,0.0,0.0,0.0,0.0,0.0,0.0,0.0,0.0,0.0,0.0,0.0,0.0,0.0,0.0,0.0,0.0,0.0,0.0,0.0,0.0,0.0,0.0,0.0,0.0,0.0,0.0,0.0,0.0,0.6819153894546216,0.0,0.0,0.0,0.0,0.0,0.0,0.0,0.0,0.0,0.0,0.0,0.0,0.0,0.0,0.0,0.731431064164595,0.0
5.0,2024-05-15,"성심당
왜이렇게 사람이 많아졌나요...
분명 작년까지만 해도 사람이 이정도로 많지는 않았는데
케익부띠끄...",0,60,성심당 왜이렇게 사람이 많아졌나요 분명 작년까지만 해도 사람이 이정도로 많지는 않았는데 케익부띠끄,성심당 왜이렇게 사람 많아졌나요 분명 작년 해도 사람 이정 많지 않았는데 케익부띠끄,2024,5,2024-05,2,2,수,0,54,12,긍정,0,0.0,0.0,0.0,0.0,0.0,0.0,0.0,0.0,0.0,0.0,0.0,0.0,0.0,0.0,0.0,0.0,0.0,0.0,0.0,0.0,0.5270535005090642,0.0,0.0,0.0,0.0,0.0,0.0,0.0,0.0,0.0,0.0,0.0,0.0,0.0,0.0,0.0,0.0,0.0,0.0,0.0,0.0,0.0,0.0,0.0,0.0,0.0,0.0,0.0,0.0,0.0,0.5974536024613291,0.0,0.0,0.0,0.0,0.0,0.2698960741402206,0.0,0.0,0.0,0.0,0.0,0.0,0.0,0.0,0.0,0.0,0.5407586427148607,0.0,0.0,0.0,0.0,0.0,0.0,0.0,0.0,0.0,0.0,0.0,0.0,0.0,0.0,0.0,0.0,0.0,0.0,0.0,0.0,0.0,0.0,0.0,0.0,0.0,0.0,0.0,0.0,0.0,0.0,0.0,0.0
1.0,2024-05-16,공휴일에 방문했습니다. 빵은 말할 것도 없이 너무 맛있습니다. 근데 사람이 너무너무너무 많고 안전지침이 없어요. 누구 하나 넘어지면 압사사고 날까봐 무섭습니다. 앞으로는 다른 지점 가려고요. 자유방향으로 직원 손님 할 것 ...,0,127,공휴일에 방문했습니다 빵은 말할 것도 없이 너무 맛있습니다 근데 사람이 너무너무너무 많고 안전지침이 없어요 누구 하나 넘어지면 압사사고 날까봐 무섭습니다 앞으로는 다른 지점 가려고요 자유방향으로 직원 손님 할 것,공휴일 방문했습니다 빵은 말할 것도 없이 맛있습니다 사람 너무너무너무 많고 안전지침 누구 하나 넘어지면 압사사고 날까봐 무섭습니다 다른 지점 가려고요 자유방향 직원 손님,2024,5,2024-05,2,3,목,0,118,23,부정,0,0.0,0.0,0.0,0.0,0.0,0.0,0.0,0.0,0.0,0.465978896260328,0.0,0.0,0.0,0.0,0.0,0.465978896260328,0.0,0.0,0.0,0.0,0.0,0.0,0.0,0.0,0.0,0.0,0.0,0.0,0.0,0.0,0.0,0.0,0.0,0.0,0.0,0.0,0.0,0.0,0.0,0.0,0.0,0.0,0.0,0.0,0.0,0.0,0.418367081820601,0.0,0.0,0.0,0.3136395678421058,0.0,0.0,0.0,0.0,0.0,0.0,0.0,0.0,0.0,0.0,0.0,0.0,0.0,0.0,0.0,0.0,0.0,0.0,0.0,0.0,0.0,0.0,0.0,0.0,0.0,0.0,0.0,0.0,0.0,0.0,0.0,0.0,0.0,0.0,0.0,0.0,0.0,0.0,0.0,0.0,0.0,0.0,0.0,0.0,0.0,0.5406723063120069,0.0,0.0,0.0
3.0,2024-05-18,"성심당 가려고 대전까지 갈만한 빵맛은 아닌거같아요
솔직히 동네에 더 맛있는 빵집 많아요
가격이 저렴하긴한데 빵이 막 특출나게 맛있다...",0,76,성심당 가려고 대전까지 갈만한 빵맛은 아닌거같아요 솔직히 동네에 더 맛있는 빵집 많아요 가격이 저렴하긴한데 빵이 막 특출나게 맛있다,성심당 가려고 대전 갈만한 빵맛 아닌거같아요 솔직히 동네 맛있 빵집 많아요 가격 저렴하긴한데 빵이 특출나게 맛있다,2024,5,2024-05,2,5,토,1,73,16,중립,0,0.2749164222120933,0.0,0.0,0.0,0.0,0.0,0.0,0.0,0.0,0.0,0.0,0.0,0.2520129677363843,0.0,0.0,0.0,0.0,0.0,0.0,0.0,0.0,0.0,0.0,0.0,0.41893812493405674,0.0,0.0,0.43508744259561327,0.0,0.0,0.0,0.0,0.0,0.0,0.0,0.0,0.0,0.0,0.0,0.0,0.0,0.0,0.0,0.0,0.0,0.0,0.0,0.0,0.35045204277594366,0.3348723477778655,0.0,0.0,0.0,0.0,0.0,0.0,0.23292309725116012,0.0,0.45485261001557736,0.0,0.0,0.0,0.0,0.0,0.0,0.0,0.0,0.0,0.0,0.0,0.0,0.0,0.0,0.0,0.0,0.0,0.0,0.0,0.0,0.0,0.0,0.0,0.0,0.0,0.0,0.0,0.0,0.0,0.0,0.0,0.0,0.0,0.0,0.0,0.0,0.0,0.0,0.0,0.0,0.0
5.0,2024-05-19,"망고케익사러 울산에서 찾아왔어요~ 8시부터 갔는데도 줄이~~~~~그래도 케익도 사고 빵도 많이 샀어요.
딸기시루 사러 겨울에 또 여행갈께요.",0,78,망고케익사러 울산에서 찾아왔어요 8시부터 갔는데도 줄이 그래도 케익도 사고 빵도 많이 샀어요 딸기시루 사러 겨울에 또 여행갈께요,망고케익사러 울산 찾아왔어요 8시 갔는데 줄이 그래 케익 사고 빵도 샀어요 딸기시루 사러 겨울 여행갈께요,2024,5,2024-05,2,6,일,1,71,15,긍정,0,0.0,0.0,0.0,0.0,0.4018710455514682,0.4230523312189893,0.0,0.0,0.0,0.0,0.0,0.0,0.0,0.0,0.45102215176099625,0.0,0.0,0.0,0.0,0.0,0.0,0.0,0.0,0.0,0.0,0.0,0.0,0.0,0.0,0.0,0.0,0.0,0.0,0.0,0.0,0.0,0.0,0.0,0.0,0.0,0.0,0.0,0.0,0.0,0.3545309332365288,0.0,0.0,0.0,0.0,0.0,0.0,0.0,0.0,0.0,0.0,0.0,0.0,0.0,0.0,0.0,0.0,0.0,0.0,0.0,0.0,0.0,0.0,0.0,0.0,0.0,0.0,0.0,0.0,0.0,0.0,0.0,0.0,0.0,0.0,0.0,0.0,0.0,0.0,0.0,0.3409918648260164,0.0,0.0,0.0,0.0,0.46275022627692014,0.0,0.0,0.0,0.0,0.0,0.0,0.0,0.0,0.0,0.0
5.0,2024-05-25,여유로운 오픈런을 기대하며 토요일 아침 7시 반 방문했지만.. 외부 대기줄은 없었지만 내부는 이미 북적하다. 명란바게뜨는 나올때까지 줄서있다가 삼. 몇해전 방문했을땐 이정도까진 아니었는데..,0,106,여유로운 오픈런을 기대하며 토요일 아침 7시 반 방문했지만 외부 대기줄은 없었지만 내부는 이미 북적하다 명란바게뜨는 나올때까지 줄서있다가 삼 몇해전 방문했을땐 이정도까진 아니었는데,여유로운 오픈런 기대하며 토요일 아침 7시 방문했지 외부 대기줄 없었지 내부 이미 북적하다 명란바게뜨 나올때 줄서있다 몇해전 방문했을땐 이정도까진 아니었는데,2024,5,2024-05,2,5,토,1,100,20,긍정,1,0.0,0.0,0.0,0.0,0.0,0.0,0.0,0.5546406778867167,0.0,0.0,0.0,0.5883764604542586,0.0,0.0,0.0,0.0,0.0,0.0,0.0,0.0,0.0,0.0,0.0,0.0,0.0,0.0,0.0,0.0,0.0,0.0,0.0,0.0,0.0,0.0,0.0,0.0,0.0,0.0,0.0,0.0,0.0,0.0,0.0,0.0,0.0,0.0,0.0,0.0,0.0,0.0,0.0,0.0,0.0,0.0,0.0,0.0,0.0,0.0,0.0,0.0,0.0,0.0,0.0,0.0,0.0,0.0,0.0,0.0,0.0,0.0,0.0,0.0,0.0,0.0,0.0,0.0,0.0,0.0,0.0,0.0,0.0,0.0,0.0,0.0,0.0,0.0,0.0,0.0,0.0,0.0,0.5883764604542586,0.0,0.0,0.0,0.0,0.0,0.0,0.0,0.0,0.0
5.0,2024-05-28,좋아요 '''''',0,10,좋아요,좋아요,2024,5,2024-05,2,1,화,0,3,1,긍정,0,0.0,0.0,0.0,0.0,0.0,0.0,0.0,0.0,0.0,0.0,0.0,0.0,0.0,0.0,0.0,0.0,0.0,0.0,0.0,0.0,0.0,0.0,0.0,0.0,0.0,0.0,0.0,0.0,0.0,0.0,0.0,0.0,0.0,0.0,0.0,0.0,0.0,0.0,0.0,0.0,0.0,0.0,0.0,0.0,0.0,0.0,0.0,0.0,0.0,0.0,0.0,0.0,0.0,0.0,0.0,0.0,0.0,0.0,0.0,0.0,0.0,0.0,0.0,0.0,0.0,0.0,0.0,0.0,0.0,0.0,0.0,0.0,0.0,0.0,0.0,0.0,0.0,0.0,0.0,1.0,0.0,0.0,0.0,0.0,0.0,0.0,0.0,0.0,0.0,0.0,0.0,0.0,0.0,0.0,0.0,0.0,0.0,0.0,0.0,0.0
5.0,2024-06-01,나의사랑 너의사랑 우리대전 성심당😍😘🥰,3,21,나의사랑 너의사랑 우리대전 성심당,나의사 너의사 우리대전 성심당,2024,6,2024-06,2,5,토,1,18,4,긍정,0,0.0,0.0,0.0,0.0,0.0,0.0,0.0,0.0,0.0,0.0,0.0,0.0,0.0,0.0,0.0,0.0,0.0,0.0,0.0,0.0,0.0,0.0,0.0,0.0,0.0,0.0,0.0,0.0,0.0,0.0,0.0,0.0,0.0,0.0,0.0,0.0,0.0,0.0,0.0,0.0,0.0,0.0,0.0,0.0,0.0,0.0,0.0,0.0,0.0,0.0,0.0,0.0,0.0,0.0,0.0,0.0,1.0,0.0,0.0,0.0,0.0,0.0,0.0,0.0,0.0,0.0,0.0,0.0,0.0,0.0,0.0,0.0,0.0,0.0,0.0,0.0,0.0,0.0,0.0,0.0,0.0,0.0,0.0,0.0,0.0,0.0,0.0,0.0,0.0,0.0,0.0,0.0,0.0,0.0,0.0,0.0,0.0,0.0,0.0,0.0
5.0,2024-06-01,빵을좋아하는사람입니다 직원도친절하고 모든빵이 다 맛있더군요굿,0,33,빵을좋아하는사람입니다 직원도친절하고 모든빵이 다 맛있더군요굿,빵을좋아하는사람입니다 직원도친절 모든빵 맛있더군요굿,2024,6,2024-06,2,5,토,1,33,4,긍정,0,0.0,0.0,0.0,0.0,0.0,0.0,0.0,0.0,0.0,0.0,0.0,0.0,0.0,0.0,0.0,0.0,0.0,0.0,0.0,0.0,0.0,0.0,0.0,0.0,0.0,0.0,0.0,0.0,0.0,0.0,0.0,0.0,0.0,0.0,0.0,0.0,0.0,0.0,0.0,0.0,0.0,0.0,0.0,0.0,0.0,0.0,0.0,0.0,0.0,0.0,0.0,0.0,0.0,0.0,0.0,0.0,0.0,0.0,0.0,0.0,0.0,0.0,0.0,0.0,0.0,0.0,0.0,0.0,0.0,0.0,0.0,0.0,0.0,0.0,0.0,0.0,0.0,0.0,0.0,0.0,0.0,0.0,0.0,0.0,0.0,0.0,0.0,0.0,0.0,0.0,0.0,0.0,0.0,0.0,0.0,0.0,0.0,0.0,0.0,0.0
5.0,2024-06-04,명란바게트를 더 사왔어야했는데,0,16,명란바게트를 더 사왔어야했는데,명란바게트 사왔어야했는데,2024,6,2024-06,2,1,화,0,16,2,긍정,0,0.0,0.0,0.0,0.0,0.0,0.0,0.0,0.0,0.0,0.0,0.0,0.0,0.0,0.0,0.0,0.0,0.0,0.0,0.0,0.0,0.0,0.0,0.0,0.0,0.0,0.0,0.0,0.0,0.0,0.0,0.0,0.0,0.0,0.0,0.0,0.0,1.0,0.0,0.0,0.0,0.0,0.0,0.0,0.0,0.0,0.0,0.0,0.0,0.0,0.0,0.0,0.0,0.0,0.0,0.0,0.0,0.0,0.0,0.0,0.0,0.0,0.0,0.0,0.0,0.0,0.0,0.0,0.0,0.0,0.0,0.0,0.0,0.0,0.0,0.0,0.0,0.0,0.0,0.0,0.0,0.0,0.0,0.0,0.0,0.0,0.0,0.0,0.0,0.0,0.0,0.0,0.0,0.0,0.0,0.0,0.0,0.0,0.0,0.0,0.0
5.0,2024-06-05,보통은 명성에 비해 별루일때가 많은데 여긴 싸고 맛있고 그냥 행복합니다,0,39,보통은 명성에 비해 별루일때가 많은데 여긴 싸고 맛있고 그냥 행복합니다,보통 명성 비해 별루일때 많은데 여긴 싸고 맛있고 행복합니다,2024,6,2024-06,2,2,수,0,39,9,긍정,0,0.0,0.0,0.0,0.0,0.0,0.0,0.0,0.0,0.0,0.0,0.0,0.0,0.0,0.0,0.0,0.0,0.0,0.0,0.0,0.0,0.0,0.0,0.0,0.0,0.0,0.6155406782480262,0.0,0.0,0.0,0.0,0.0,0.0,0.0,0.0,0.0,0.0,0.0,0.0,0.0,0.0,0.0,0.0,0.0,0.0,0.0,0.0,0.0,0.0,0.0,0.0,0.0,0.0,0.0,0.0,0.0,0.0,0.0,0.0,0.0,0.7881051157186838,0.0,0.0,0.0,0.0,0.0,0.0,0.0,0.0,0.0,0.0,0.0,0.0,0.0,0.0,0.0,0.0,0.0,0.0,0.0,0.0,0.0,0.0,0.0,0.0,0.0,0.0,0.0,0.0,0.0,0.0,0.0,0.0,0.0,0.0,0.0,0.0,0.0,0.0,0.0,0.0
5.0,2024-06-06,"대전에 일이 있어 들렀다가 다행히 볼일본 곳과 가까워 찾아 갔습니다.
처음에 문화원으로 잘못 찾아갔다는...^^

문...",0,68,대전에 일이 있어 들렀다가 다행히 볼일본 곳과 가까워 찾아 갔습니다 처음에 문화원으로 잘못 찾아갔다는 문,대전 일이 있어 들렀다 다행히 볼일본 곳과 가까워 찾아 갔습니다 처음 문화원 잘못 찾아갔다,2024,6,2024-06,2,3,목,0,58,14,긍정,0,0.0,0.0,0.0,0.0,0.0,0.0,0.0,0.0,0.0,0.0,0.0,0.0,0.4846390386140219,0.0,0.0,0.0,0.0,0.0,0.0,0.0,0.0,0.0,0.0,0.0,0.0,0.0,0.0,0.0,0.0,0.0,0.0,0.0,0.0,0.0,0.0,0.0,0.0,0.0,0.0,0.0,0.0,0.0,0.0,0.0,0.0,0.0,0.0,0.0,0.0,0.0,0.0,0.0,0.0,0.0,0.0,0.0,0.0,0.0,0.0,0.0,0.0,0.0,0.0,0.0,0.0,0.0,0.0,0.0,0.0,0.0,0.0,0.0,0.0,0.0,0.0,0.0,0.0,0.0,0.0,0.0,0.0,0.0,0.0,0.0,0.0,0.0,0.8747142403386815,0.0,0.0,0.0,0.0,0.0,0.0,0.0,0.0,0.0,0.0,0.0,0.0,0.0
1.0,2024-06-07,유치원 시절 아버지를 따라 극장에서 '리쎌웨폰2'를 보고 성심당에 들러서 빵을 먹던 때부터 최애 빵집이었다. 전국의 어느 유명 케익보다도 부드럽고 맛있었다....,0,90,유치원 시절 아버지를 따라 극장에서 리쎌웨폰2 를 보고 성심당에 들러서 빵을 먹던 때부터 최애 빵집이었다 전국의 어느 유명 케익보다도 부드럽고 맛있었다,유치원 시절 아버지 따라 극장 리쎌웨폰2 보고 성심당 들러서 빵을 먹던 최애 빵집이었다 전국 어느 유명 케익 부드럽고 맛있었다,2024,6,2024-06,2,4,금,0,84,19,부정,0,0.0,0.0,0.0,0.0,0.0,0.0,0.0,0.0,0.0,0.0,0.0,0.0,0.0,0.0,0.0,0.0,0.0,0.0,0.0,0.0,0.0,0.0,0.0,0.0,0.0,0.0,0.0,0.0,0.0,0.5016926820206298,0.0,0.0,0.0,0.0,0.0,0.0,0.0,0.0,0.0,0.0,0.0,0.0,0.0,0.0,0.0,0.0,0.0,0.3903728572004461,0.0,0.0,0.0,0.0,0.0,0.0,0.0,0.0,0.2569091850665307,0.0,0.0,0.0,0.0,0.0,0.0,0.0,0.0,0.0,0.0,0.0,0.0,0.0,0.0,0.0,0.0,0.0,0.0,0.0,0.0,0.0,0.0,0.0,0.0,0.0,0.0,0.0,0.0,0.0,0.0,0.0,0.5147383586816502,0.5147383586816502,0.0,0.0,0.0,0.0,0.0,0.0,0.0,0.0,0.0,0.0
5.0,2024-06-09,줄 길어도 금방 들어가네요 빵 엄청 담았는데도 2만원.. 또 가고싶다,0,38,줄 길어도 금방 들어가네요 빵 엄청 담았는데도 2만원 또 가고싶다,길어 금방 들어가네요 담았는데 2만원 가고싶다,2024,6,2024-06,2,6,일,1,36,6,긍정,0,0.0,0.0,0.0,0.0,0.0,0.0,1.0,0.0,0.0,0.0,0.0,0.0,0.0,0.0,0.0,0.0,0.0,0.0,0.0,0.0,0.0,0.0,0.0,0.0,0.0,0.0,0.0,0.0,0.0,0.0,0.0,0.0,0.0,0.0,0.0,0.0,0.0,0.0,0.0,0.0,0.0,0.0,0.0,0.0,0.0,0.0,0.0,0.0,0.0,0.0,0.0,0.0,0.0,0.0,0.0,0.0,0.0,0.0,0.0,0.0,0.0,0.0,0.0,0.0,0.0,0.0,0.0,0.0,0.0,0.0,0.0,0.0,0.0,0.0,0.0,0.0,0.0,0.0,0.0,0.0,0.0,0.0,0.0,0.0,0.0,0.0,0.0,0.0,0.0,0.0,0.0,0.0,0.0,0.0,0.0,0.0,0.0,0.0,0.0,0.0
3.0,2024-06-15,빵엄청담으면 2만원??  엄청담으니 7~8만원이구만요. 18개정도? ㅋㅋ,0,40,빵엄청담으면 2만원 엄청담으니 7 8만원이구만요 18개정도,빵엄청담으면 2만원 엄청담으니 8만원이구만요 18개정,2024,6,2024-06,2,5,토,1,32,5,중립,0,0.0,0.0,0.0,0.0,0.0,0.0,0.0,0.0,0.0,0.0,0.0,0.0,0.0,0.0,0.0,0.0,0.0,0.0,0.0,0.0,0.0,0.0,0.0,0.0,0.0,0.0,0.0,0.0,0.0,0.0,0.0,0.0,0.0,0.0,0.0,0.0,0.0,0.0,0.0,0.0,0.0,0.0,0.0,0.0,0.0,0.0,0.0,0.0,0.0,0.0,0.0,0.0,0.0,0.0,0.0,0.0,0.0,0.0,0.0,0.0,0.0,0.0,0.0,0.0,0.0,0.0,0.0,0.0,0.0,0.0,0.0,0.0,0.0,0.0,0.0,0.0,0.0,0.0,0.0,0.0,0.0,0.0,0.0,0.0,0.0,0.0,0.0,0.0,0.0,0.0,0.0,0.0,0.0,0.0,0.0,0.0,0.0,0.0,0.0,0.0
1.0,2024-06-17,"빵맛은 최고인지 몰라도 최악의서비스입니다. 대기자가 많아도 처응 입장할 인원을 제한을 어느정도 둬야지, 빵을 사러간거지 사람에 치여서 빵도 못집을 정도로 입장시키는건 아니지 않나요?
매장안에 어느정도 붐비는지 비슷한정도를 퍼왔는데 빵담은 쟁판 안엎어진게 다행입니다",0,147,빵맛은 최고인지 몰라도 최악의서비스입니다 대기자가 많아도 처응 입장할 인원을 제한을 어느정도 둬야지 빵을 사러간거지 사람에 치여서 빵도 못집을 정도로 입장시키는건 아니지 않나요 매장안에 어느정도 붐비는지 비슷한정도를 퍼왔는데 빵담은 쟁판 안엎어진게 다행입니다,빵맛 최고인지 최악의서비스입니다 대기자 많아 처응 입장할 인원 제한 어느정 둬야지 빵을 사러간거지 사람 치여서 빵도 못집 입장시키는건 아니지 않나요 매장안 어느정 붐비는지 비슷한정 퍼왔는데 빵담 쟁판 안엎어진게 다행입니다,2024,6,2024-06,2,0,월,0,144,29,부정,1,0.0,0.0,0.0,0.0,0.0,0.0,0.0,0.0,0.0,0.0,0.0,0.0,0.0,0.0,0.0,0.0,0.6180419718888644,0.0,0.0,0.0,0.0,0.0,0.0,0.0,0.0,0.0,0.0,0.0,0.0,0.0,0.0,0.0,0.0,0.0,0.0,0.0,0.0,0.0,0.0,0.0,0.0,0.0,0.0,0.0,0.49722329357374867,0.0,0.0,0.49219483483948906,0.0,0.0,0.35852107590590243,0.0,0.0,0.0,0.0,0.0,0.0,0.0,0.0,0.0,0.0,0.0,0.0,0.0,0.0,0.0,0.0,0.0,0.0,0.0,0.0,0.0,0.0,0.0,0.0,0.0,0.0,0.0,0.0,0.0,0.0,0.0,0.0,0.0,0.0,0.0,0.0,0.0,0.0,0.0,0.0,0.0,0.0,0.0,0.0,0.0,0.0,0.0,0.0,0.0
5.0,2024-06-17,"리뷰처럼 빵 잔뜩 담았는데 진짜 2만원 초반대 나와서 소름 돋았어요 ㅎㅎ 
다른 빵집 같으면 이만큼에 4만원 가까이 깨질텐데 가성비 좋고 재료도 건강해보이고 맛도...",0,93,리뷰처럼 빵 잔뜩 담았는데 진짜 2만원 초반대 나와서 소름 돋았어요 다른 빵집 같으면 이만큼에 4만원 가까이 깨질텐데 가성비 좋고 재료도 건강해보이고 맛도,리뷰 잔뜩 담았는데 2만원 초반대 나와서 소름 돋았어요 다른 빵집 같으면 이만큼 4만원 가까 깨질텐데 가성비 좋고 재료 건강해보이고 맛도,2024,6,2024-06,2,0,월,0,86,20,긍정,0,0.0,0.0,0.0,0.3873757675489527,0.0,0.0,0.0,0.0,0.0,0.47172133453588067,0.0,0.0,0.0,0.0,0.0,0.0,0.0,0.0,0.0,0.0,0.0,0.0,0.47172133453588067,0.0,0.0,0.0,0.0,0.0,0.0,0.0,0.0,0.0,0.0,0.0,0.0,0.0,0.0,0.0,0.0,0.0,0.0,0.0,0.0,0.0,0.0,0.0,0.0,0.0,0.0,0.41241953330545145,0.0,0.0,0.0,0.0,0.0,0.0,0.0,0.0,0.0,0.0,0.0,0.0,0.0,0.0,0.0,0.0,0.0,0.0,0.0,0.0,0.0,0.0,0.0,0.0,0.0,0.0,0.0,0.0,0.4845700241981015,0.0,0.0,0.0,0.0,0.0,0.0,0.0,0.0,0.0,0.0,0.0,0.0,0.0,0.0,0.0,0.0,0.0,0.0,0.0,0.0,0.0
5.0,2024-06-20,"청주 사는데 성심당이 뭐 별건가 
남이 사다 준 튀소 먹어봤는데
열광할 정도 ...",0,46,청주 사는데 성심당이 뭐 별건가 남이 사다 준 튀소 먹어봤는데 열광할 정도,청주 사는데 성심당 별건 남이 사다 튀소 먹어봤는데 열광할,2024,6,2024-06,2,3,목,0,41,9,긍정,0,0.0,0.0,0.0,0.0,0.0,0.0,0.0,0.0,0.0,0.0,0.0,0.0,0.0,0.0,0.0,0.0,0.0,0.0,0.0,0.0,0.0,0.0,0.0,0.0,0.0,0.0,0.0,0.0,0.0,0.0,0.0,0.0,0.0,0.7301891249047945,0.0,0.0,0.0,0.0,0.0,0.0,0.0,0.0,0.0,0.0,0.0,0.0,0.0,0.0,0.0,0.0,0.0,0.0,0.0,0.0,0.0,0.0,0.3644420312956587,0.0,0.0,0.0,0.0,0.0,0.0,0.0,0.0,0.0,0.0,0.0,0.0,0.0,0.0,0.0,0.0,0.0,0.0,0.0,0.0,0.0,0.0,0.0,0.0,0.0,0.0,0.0,0.0,0.0,0.0,0.0,0.0,0.0,0.0,0.0,0.5779323902463543,0.0,0.0,0.0,0.0,0.0,0.0,0.0
5.0,2024-06-20,주말 늦게 가니 오히려 대기줄도 적고 좋았습니다.,0,27,주말 늦게 가니 오히려 대기줄도 적고 좋았습니다,주말 늦게 가니 오히려 대기줄 적고 좋았습니다,2024,6,2024-06,2,3,목,0,26,7,긍정,1,0.0,0.0,0.0,0.0,0.0,0.0,0.0,0.0,0.0,0.0,0.0,0.7615352331627532,0.0,0.0,0.0,0.0,0.0,0.0,0.0,0.0,0.0,0.0,0.0,0.0,0.0,0.0,0.0,0.0,0.0,0.0,0.0,0.0,0.0,0.0,0.0,0.0,0.0,0.0,0.0,0.0,0.0,0.0,0.0,0.0,0.0,0.0,0.0,0.0,0.0,0.0,0.0,0.0,0.0,0.0,0.0,0.0,0.0,0.0,0.0,0.0,0.0,0.0,0.0,0.0,0.0,0.0,0.0,0.0,0.0,0.0,0.0,0.0,0.0,0.0,0.0,0.0,0.0,0.0,0.0,0.0,0.0,0.6481235134229828,0.0,0.0,0.0,0.0,0.0,0.0,0.0,0.0,0.0,0.0,0.0,0.0,0.0,0.0,0.0,0.0,0.0,0.0
5.0,2024-06-22,"10년만에 생각나서 갔는데 와우... 무개념 천지네요..
줄없다고 방송했지 양아치처럼 새치기해서 빵집어 가라고 하지 않았는데  ...",0,74,10년만에 생각나서 갔는데 와우 무개념 천지네요 줄없다고 방송했지 양아치처럼 새치기해서 빵집어 가라고 하지 않았는데,10년 생각나서 갔는데 와우 무개념 천지네요 줄없다고 방송했지 양아치 새치기해서 빵집어 가라고 하지 않았는데,2024,6,2024-06,2,5,토,1,64,14,긍정,0,0.0,0.0,0.0,0.0,0.7071067811865476,0.0,0.0,0.0,0.0,0.0,0.0,0.0,0.0,0.0,0.0,0.0,0.0,0.0,0.0,0.0,0.0,0.0,0.0,0.0,0.0,0.0,0.0,0.0,0.0,0.0,0.0,0.0,0.0,0.0,0.0,0.0,0.0,0.0,0.0,0.0,0.0,0.0,0.0,0.0,0.0,0.0,0.0,0.0,0.0,0.0,0.0,0.0,0.0,0.0,0.0,0.0,0.0,0.0,0.0,0.0,0.0,0.0,0.0,0.0,0.0,0.0,0.0,0.0,0.0,0.0,0.0,0.0,0.0,0.0,0.0,0.0,0.0,0.0,0.0,0.0,0.0,0.0,0.0,0.0,0.0,0.0,0.0,0.0,0.0,0.0,0.0,0.0,0.0,0.0,0.0,0.0,0.0,0.7071067811865476,0.0,0.0
4.0,2024-06-23,"가성비 좋은 빵집
유명한 만큼 리젠률일 좋아서 빵이 적당하게 딱 먹기 좋은 상태로 있음
하지만 안이 도떼기시장이라 난 잘 모르겟음 🥲",1,74,가성비 좋은 빵집 유명한 만큼 리젠률일 좋아서 빵이 적당하게 딱 먹기 좋은 상태로 있음 하지만 안이 도떼기시장이라 난 잘 모르겟음,가성비 좋은 빵집 유명한 만큼 리젠률일 좋아서 빵이 적당하게 먹기 좋은 상태 있음 하지 안이 도떼기시장이라 모르겟음,2024,6,2024-06,2,6,일,1,72,17,긍정,0,0.0,0.0,0.0,0.24993344505503132,0.0,0.0,0.0,0.0,0.0,0.0,0.0,0.0,0.0,0.0,0.0,0.0,0.0,0.0,0.0,0.0,0.0,0.0,0.0,0.0,0.0,0.0,0.0,0.0,0.0,0.0,0.0,0.0,0.0,0.0,0.0,0.0,0.0,0.0,0.0,0.0,0.0,0.0,0.0,0.0,0.0,0.0,0.0,0.0,0.27847131204172193,0.26609159220057255,0.0,0.0,0.0,0.0,0.0,0.0,0.0,0.0,0.0,0.0,0.0,0.0,0.0,0.0,0.33901489223597986,0.0,0.0,0.0,0.0,0.0,0.0,0.0,0.0,0.33289076699510606,0.0,0.0,0.0,0.0,0.0,0.0,0.6780297844719597,0.0,0.0,0.0,0.0,0.0,0.0,0.0,0.0,0.0,0.0,0.0,0.0,0.0,0.0,0.0,0.0,0.32204117350642364,0.0,0.0
5.0,2024-06-23,아내가 맛있어하니 맛있어요! 빵알못인 저도 크루아상과 퀸아망을 샀답니다 허허,0,42,아내가 맛있어하니 맛있어요 빵알못인 저도 크루아상과 퀸아망을 샀답니다 허허,아내 맛있어하니 맛있어요 빵알못인 저도 크루아상 퀸아망 샀답니다 허허,2024,6,2024-06,2,6,일,1,41,9,긍정,0,0.0,0.0,0.0,0.0,0.0,0.0,0.0,0.0,0.0,0.0,0.0,0.0,0.0,0.0,0.0,0.0,0.0,0.0,0.0,0.0,0.0,0.0,0.0,0.0,0.0,0.0,0.0,0.0,1.0,0.0,0.0,0.0,0.0,0.0,0.0,0.0,0.0,0.0,0.0,0.0,0.0,0.0,0.0,0.0,0.0,0.0,0.0,0.0,0.0,0.0,0.0,0.0,0.0,0.0,0.0,0.0,0.0,0.0,0.0,0.0,0.0,0.0,0.0,0.0,0.0,0.0,0.0,0.0,0.0,0.0,0.0,0.0,0.0,0.0,0.0,0.0,0.0,0.0,0.0,0.0,0.0,0.0,0.0,0.0,0.0,0.0,0.0,0.0,0.0,0.0,0.0,0.0,0.0,0.0,0.0,0.0,0.0,0.0,0.0,0.0
4.0,2024-06-24,"“본점”이라는 역사적인 의미는 있지만
빵의 종류나 쾌적함이랑 거리가 멀어요
다른 지점 방문하시는게 시간도 절약하고 더 메리트가 있...",0,75,본점 이라는 역사적인 의미는 있지만 빵의 종류나 쾌적함이랑 거리가 멀어요 다른 지점 방문하시는게 시간도 절약하고 더 메리트가 있,본점 역사적인 의미 있지 빵의 종류나 쾌적함 거리 멀어요 다른 지점 방문하시는게 시간 절약 메리트,2024,6,2024-06,2,0,월,0,71,15,긍정,0,0.0,0.0,0.0,0.0,0.0,0.0,0.0,0.0,0.0,0.6975431656871363,0.0,0.0,0.0,0.0,0.0,0.0,0.0,0.0,0.0,0.0,0.0,0.0,0.0,0.0,0.0,0.0,0.0,0.0,0.0,0.0,0.0,0.0,0.0,0.0,0.0,0.0,0.0,0.0,0.0,0.0,0.0,0.7165427635550919,0.0,0.0,0.0,0.0,0.0,0.0,0.0,0.0,0.0,0.0,0.0,0.0,0.0,0.0,0.0,0.0,0.0,0.0,0.0,0.0,0.0,0.0,0.0,0.0,0.0,0.0,0.0,0.0,0.0,0.0,0.0,0.0,0.0,0.0,0.0,0.0,0.0,0.0,0.0,0.0,0.0,0.0,0.0,0.0,0.0,0.0,0.0,0.0,0.0,0.0,0.0,0.0,0.0,0.0,0.0,0.0,0.0,0.0
5.0,2024-06-29,"대전을 방문해야 하는 이유
빵이 전체적으로 많이 달자 않고 금방 물리지 않는 맛 + 말도 안되게 저렴한 가격
성심당만 방문하기 위해 대전을 또 오고 싶다",0,85,대전을 방문해야 하는 이유 빵이 전체적으로 많이 달자 않고 금방 물리지 않는 맛 말도 안되게 저렴한 가격 성심당만 방문하기 위해 대전을 또 오고 싶다,대전 방문해야 이유 빵이 전체적 달자 않고 금방 물리지 않는 말도 안되게 저렴한 가격 성심당 방문하기 위해 대전 오고 싶다,2024,6,2024-06,2,5,토,1,83,20,긍정,0,0.2940965602390658,0.0,0.0,0.0,0.0,0.0,0.4405817440528904,0.0,0.0,0.0,0.0,0.0,0.5391903935788163,0.0,0.0,0.0,0.0,0.0,0.0,0.0,0.0,0.0,0.0,0.0,0.0,0.0,0.0,0.0,0.0,0.0,0.0,0.0,0.0,0.0,0.0,0.0,0.0,0.0,0.0,0.0,0.0,0.0,0.0,0.0,0.0,0.0,0.0,0.0,0.37490208653175605,0.0,0.0,0.0,0.0,0.0,0.0,0.0,0.2491734802548375,0.0,0.0,0.0,0.0,0.0,0.0,0.0,0.0,0.0,0.47542576895558786,0.0,0.0,0.0,0.0,0.0,0.0,0.0,0.0,0.0,0.0,0.0,0.0,0.0,0.0,0.0,0.0,0.0,0.0,0.0,0.0,0.0,0.0,0.0,0.0,0.0,0.0,0.0,0.0,0.0,0.0,0.0,0.0,0.0
5.0,2024-06-30,"이 가격에 이 맛..?
대전사람들 너무 부러워요",0,26,이 가격에 이 맛 대전사람들 너무 부러워요,가격 대전사람들 부러워요,2024,6,2024-06,2,6,일,1,23,3,긍정,0,1.0,0.0,0.0,0.0,0.0,0.0,0.0,0.0,0.0,0.0,0.0,0.0,0.0,0.0,0.0,0.0,0.0,0.0,0.0,0.0,0.0,0.0,0.0,0.0,0.0,0.0,0.0,0.0,0.0,0.0,0.0,0.0,0.0,0.0,0.0,0.0,0.0,0.0,0.0,0.0,0.0,0.0,0.0,0.0,0.0,0.0,0.0,0.0,0.0,0.0,0.0,0.0,0.0,0.0,0.0,0.0,0.0,0.0,0.0,0.0,0.0,0.0,0.0,0.0,0.0,0.0,0.0,0.0,0.0,0.0,0.0,0.0,0.0,0.0,0.0,0.0,0.0,0.0,0.0,0.0,0.0,0.0,0.0,0.0,0.0,0.0,0.0,0.0,0.0,0.0,0.0,0.0,0.0,0.0,0.0,0.0,0.0,0.0,0.0,0.0
4.0,2024-07-01,"사람이 많아서 웨이팅이 길고 시끄러움
음식은 맛있었다",0,29,사람이 많아서 웨이팅이 길고 시끄러움 음식은 맛있었다,사람 많아서 웨이팅 길고 시끄러움 음식 맛있었다,2024,7,2024-07,3,0,월,0,29,7,긍정,1,0.0,0.0,0.0,0.0,0.0,0.0,0.0,0.0,0.0,0.0,0.0,0.0,0.0,0.0,0.0,0.0,0.0,0.5113481738564037,0.0,0.0,0.0,0.0,0.0,0.0,0.0,0.0,0.0,0.0,0.0,0.6367930735823184,0.0,0.0,0.0,0.0,0.0,0.0,0.0,0.0,0.0,0.0,0.0,0.0,0.0,0.0,0.0,0.0,0.0,0.0,0.0,0.0,0.36092570817451136,0.0,0.0,0.0,0.0,0.0,0.0,0.0,0.0,0.0,0.0,0.0,0.0,0.4502779804854246,0.0,0.0,0.0,0.0,0.0,0.0,0.0,0.0,0.0,0.0,0.0,0.0,0.0,0.0,0.0,0.0,0.0,0.0,0.0,0.0,0.0,0.0,0.0,0.0,0.0,0.0,0.0,0.0,0.0,0.0,0.0,0.0,0.0,0.0,0.0,0.0
5.0,2024-07-04,"성심당은 언제나 최고ㅠㅠ
탁순희빵이 제일 맛있는데 단종됐나봄.. 작년부터 안보임ㅠㅠㅠ",0,47,성심당은 언제나 최고 탁순희빵이 제일 맛있는데 단종됐나봄 작년부터 안보임,성심당 언제나 최고 탁순희빵 제일 맛있는데 단종됐나봄 작년 안보임,2024,7,2024-07,3,3,목,0,40,9,긍정,0,0.0,0.0,0.0,0.0,0.0,0.0,0.0,0.0,0.0,0.0,0.0,0.0,0.0,0.0,0.0,0.0,0.0,0.0,0.0,0.0,0.0,0.0,0.0,0.0,0.0,0.0,0.0,0.0,0.0,0.0,0.0,0.0,0.0,0.0,0.0,0.0,0.0,0.0,0.0,0.0,0.0,0.0,0.0,0.0,0.0,0.0,0.0,0.0,0.0,0.0,0.0,0.0,0.0,0.0,0.0,0.0,0.5195860052542637,0.0,0.0,0.0,0.0,0.0,0.0,0.0,0.0,0.0,0.0,0.0,0.0,0.0,0.0,0.0,0.0,0.0,0.0,0.0,0.0,0.0,0.0,0.0,0.0,0.0,0.0,0.0,0.0,0.0,0.0,0.8544181547368457,0.0,0.0,0.0,0.0,0.0,0.0,0.0,0.0,0.0,0.0,0.0,0.0
5.0,2024-07-06,"27도의 금요일 점심시간.
웨이팅 35분. 빵 담는데 10분. 계산 하는데 5분. 
눈물 닦는데 5분. 도합 1시간.",0,65,27도의 금요일 점심시간 웨이팅 35분 빵 담는데 10분 계산 하는데 5분 눈물 닦는데 5분 도합 1시간,27 금요일 점심시간 웨이팅 35분 담는데 10분 계산 하는데 5분 눈물 닦는데 5분 도합 1시간,2024,7,2024-07,3,5,토,1,58,15,긍정,1,0.0,0.0,0.0,0.0,0.0,0.0,0.0,0.0,0.0,0.0,0.0,0.0,0.0,0.0,0.0,0.0,0.0,0.0,0.0,0.0,0.0,0.0,0.0,0.0,0.0,0.0,0.0,0.0,0.0,0.0,0.0,0.0,0.0,0.0,0.0,0.0,0.0,0.0,0.0,0.0,0.0,0.0,0.0,0.0,0.0,0.0,0.0,0.0,0.0,0.0,0.0,0.0,0.0,0.0,0.0,0.0,0.0,0.0,0.0,0.0,0.0,0.0,0.0,1.0,0.0,0.0,0.0,0.0,0.0,0.0,0.0,0.0,0.0,0.0,0.0,0.0,0.0,0.0,0.0,0.0,0.0,0.0,0.0,0.0,0.0,0.0,0.0,0.0,0.0,0.0,0.0,0.0,0.0,0.0,0.0,0.0,0.0,0.0,0.0,0.0
5.0,2024-07-08,성심당은 좋은 것,0,9,성심당은 좋은 것,성심당 좋은,2024,7,2024-07,3,0,월,0,9,2,긍정,0,0.0,0.0,0.0,0.0,0.0,0.0,0.0,0.0,0.0,0.0,0.0,0.0,0.0,0.0,0.0,0.0,0.0,0.0,0.0,0.0,0.0,0.0,0.0,0.0,0.0,0.0,0.0,0.0,0.0,0.0,0.0,0.0,0.0,0.0,0.0,0.0,0.0,0.0,0.0,0.0,0.0,0.0,0.0,0.0,0.0,0.0,0.0,0.0,0.0,0.0,0.0,0.0,0.0,0.0,0.0,0.0,0.4791811065521474,0.0,0.0,0.0,0.0,0.0,0.0,0.0,0.0,0.0,0.0,0.0,0.0,0.0,0.0,0.0,0.0,0.0,0.0,0.0,0.0,0.0,0.0,0.0,0.8777160515357229,0.0,0.0,0.0,0.0,0.0,0.0,0.0,0.0,0.0,0.0,0.0,0.0,0.0,0.0,0.0,0.0,0.0,0.0,0.0
5.0,2024-07-11,"명실상부한 대전의 마스코트, 성심당에 다녀왔어요. 오로지 빵을 사기 위해 대전 오신다는 분들도 있는 정도로 국내에서 가장 유명한 빵집입니다. 당일 만든 빵은 당...",0,92,명실상부한 대전의 마스코트 성심당에 다녀왔어요 오로지 빵을 사기 위해 대전 오신다는 분들도 있는 정도로 국내에서 가장 유명한 빵집입니다 당일 만든 빵은 당,명실상부한 대전 마스코트 성심당 다녀왔어요 오로지 빵을 사기 위해 대전 오신다 분들 국내 가장 유명한 빵집입니다 당일 만든 빵은,2024,7,2024-07,3,3,목,0,86,19,긍정,0,0.0,0.0,0.0,0.0,0.0,0.0,0.0,0.0,0.0,0.0,0.0,0.0,0.5883706679689726,0.0,0.0,0.0,0.0,0.0,0.0,0.0,0.0,0.0,0.0,0.0,0.0,0.0,0.0,0.0,0.0,0.0,0.0,0.0,0.0,0.0,0.0,0.0,0.0,0.0,0.0,0.0,0.0,0.0,0.0,0.0,0.0,0.0,0.4014347514853491,0.4131527688393666,0.0,0.0,0.0,0.0,0.0,0.0,0.0,0.0,0.27190092546829125,0.0,0.0,0.0,0.0,0.0,0.0,0.0,0.49804093577083874,0.0,0.0,0.0,0.0,0.0,0.0,0.0,0.0,0.0,0.0,0.0,0.0,0.0,0.0,0.0,0.0,0.0,0.0,0.0,0.0,0.0,0.0,0.0,0.0,0.0,0.0,0.0,0.0,0.0,0.0,0.0,0.0,0.0,0.0,0.0
5.0,2024-07-11,주차가능 소보로 떡케이크 잠봉뵈르 주먹밥,0,22,주차가능 소보로 떡케이크 잠봉뵈르 주먹밥,주차가능 소보 떡케이크 잠봉뵈르 주먹밥,2024,7,2024-07,3,3,목,0,22,5,긍정,0,0.0,0.0,0.0,0.0,0.0,0.0,0.0,0.0,0.0,0.0,0.0,0.0,0.0,0.0,0.0,0.0,0.0,0.0,0.0,0.0,0.0,0.0,0.0,0.0,0.0,0.0,0.0,0.0,0.0,0.0,0.0,0.0,0.0,0.0,0.0,0.0,0.0,0.0,0.0,0.0,0.0,0.0,0.0,0.0,0.0,0.0,0.0,0.0,0.0,0.0,0.0,0.0,0.0,0.0,0.0,0.0,0.0,0.0,0.0,0.0,0.0,0.0,0.0,0.0,0.0,0.0,0.0,0.0,0.0,0.0,0.0,0.0,0.0,0.0,0.0,0.0,0.0,0.0,0.0,0.0,0.0,0.0,0.0,0.0,0.0,0.0,0.0,0.0,0.0,0.0,0.0,0.0,0.0,0.0,0.0,0.0,0.0,0.0,0.0,0.0
5.0,2024-07-13,튀김소보로 맛있어요,0,10,튀김소보로 맛있어요,튀김소보로 맛있어요,2024,7,2024-07,3,5,토,1,10,2,긍정,0,0.0,0.0,0.0,0.0,0.0,0.0,0.0,0.0,0.0,0.0,0.0,0.0,0.0,0.0,0.0,0.0,0.0,0.0,0.0,0.0,0.0,0.0,0.0,0.0,0.0,0.0,0.0,0.0,0.6352326543533977,0.0,0.0,0.0,0.0,0.0,0.0,0.0,0.0,0.0,0.0,0.0,0.0,0.0,0.0,0.0,0.0,0.0,0.0,0.0,0.0,0.0,0.0,0.0,0.0,0.0,0.0,0.0,0.0,0.0,0.0,0.0,0.0,0.0,0.0,0.0,0.0,0.0,0.0,0.0,0.0,0.0,0.0,0.0,0.0,0.0,0.0,0.0,0.0,0.0,0.0,0.0,0.0,0.0,0.0,0.0,0.0,0.0,0.0,0.0,0.0,0.0,0.0,0.772320836727287,0.0,0.0,0.0,0.0,0.0,0.0,0.0,0.0
4.0,2024-07-15,"줄 디지는 거임
단. 빵은 가성비 좋거 맛남^^
본점은 주차 못한다고 생각하고 가긔",0,46,줄 디지는 거임 단 빵은 가성비 좋거 맛남 본점은 주차 못한다고 생각하고 가긔,디지 거임 빵은 가성비 좋거 맛남 본점 주차 못한다고 생각 가긔,2024,7,2024-07,3,0,월,0,43,11,긍정,0,0.0,0.0,0.0,0.3705212222935464,0.0,0.0,0.0,0.0,0.0,0.0,0.0,0.0,0.0,0.0,0.0,0.0,0.0,0.0,0.0,0.0,0.0,0.0,0.0,0.0,0.0,0.0,0.0,0.0,0.0,0.0,0.0,0.0,0.0,0.0,0.0,0.0,0.0,0.0,0.0,0.0,0.0,0.46348660059125923,0.0,0.0,0.0,0.0,0.4050954957306809,0.0,0.0,0.0,0.0,0.0,0.0,0.0,0.0,0.47022064140378445,0.0,0.0,0.0,0.0,0.0,0.0,0.0,0.0,0.0,0.0,0.0,0.0,0.0,0.0,0.0,0.0,0.0,0.0,0.0,0.0,0.0,0.0,0.0,0.0,0.0,0.0,0.5125274457421596,0.0,0.0,0.0,0.0,0.0,0.0,0.0,0.0,0.0,0.0,0.0,0.0,0.0,0.0,0.0,0.0,0.0
5.0,2024-07-16,사람이너~~~~무많아요ㅎ,0,13,사람이너 무많아요,사람이너 무많아요,2024,7,2024-07,3,1,화,0,9,2,긍정,0,0.0,0.0,0.0,0.0,0.0,0.0,0.0,0.0,0.0,0.0,0.0,0.0,0.0,0.0,0.0,0.0,0.0,0.0,0.0,0.0,0.0,0.0,0.0,0.0,0.0,0.0,0.0,0.0,0.0,0.0,0.0,0.0,0.0,0.0,0.0,0.0,0.0,0.0,0.0,0.0,0.0,0.0,0.0,0.0,0.0,0.0,0.0,0.0,0.0,0.0,0.0,0.0,0.0,0.0,0.0,0.0,0.0,0.0,0.0,0.0,0.0,0.0,0.0,0.0,0.0,0.0,0.0,0.0,0.0,0.0,0.0,0.0,0.0,0.0,0.0,0.0,0.0,0.0,0.0,0.0,0.0,0.0,0.0,0.0,0.0,0.0,0.0,0.0,0.0,0.0,0.0,0.0,0.0,0.0,0.0,0.0,0.0,0.0,0.0,0.0
5.0,2024-07-19,대전 살면서 이렇게 기다리는것도신기하네요ㅋㅋㅋㅋㅋ 냉방기도 밖에 설치되어있고 우산도 제공되어서 기다리기 좋았네요,0,62,대전 살면서 이렇게 기다리는것도신기하네요 냉방기도 밖에 설치되어있고 우산도 제공되어서 기다리기 좋았네요,대전 살면서 이렇게 기다리는것도신기하네요 냉방기 밖에 설치되어있고 우산 제공되어서 기다리기 좋았네요,2024,7,2024-07,3,4,금,0,57,11,긍정,1,0.0,0.0,0.0,0.0,0.0,0.0,0.0,0.0,0.0,0.0,0.0,0.0,0.379014995394888,0.0,0.0,0.0,0.0,0.0,0.0,0.0,0.0,0.0,0.0,0.0,0.0,0.0,0.0,0.0,0.0,0.0,0.0,0.0,0.0,0.0,0.0,0.0,0.0,0.0,0.6543499191051424,0.0,0.0,0.0,0.0,0.0,0.0,0.0,0.0,0.0,0.0,0.0,0.0,0.0,0.0,0.0,0.0,0.0,0.0,0.0,0.0,0.0,0.0,0.0,0.0,0.0,0.0,0.6543499191051424,0.0,0.0,0.0,0.0,0.0,0.0,0.0,0.0,0.0,0.0,0.0,0.0,0.0,0.0,0.0,0.0,0.0,0.0,0.0,0.0,0.0,0.0,0.0,0.0,0.0,0.0,0.0,0.0,0.0,0.0,0.0,0.0,0.0,0.0
5.0,2024-07-26,"망고시루 절망편. 그러나 맛있다. 두 번 먹음.
귤시루 희망편. 

빵추천: 성심당에 있는 빵 진짜 많이 먹었는데 특히 <미스터홍, 보...",0,78,망고시루 절망편 그러나 맛있다 두 번 먹음 귤시루 희망편 빵추천 성심당에 있는 빵 진짜 많이 먹었는데 특히 미스터홍 보,망고시루 절망편 그러나 맛있다 먹음 귤시루 희망편 빵추천 성심당 먹었는데 특히 미스터홍,2024,7,2024-07,3,4,금,0,66,12,긍정,0,0.0,0.0,0.0,0.0,0.0,0.0,0.0,0.0,0.0,0.0,0.0,0.0,0.0,0.0,0.0,0.0,0.0,0.0,0.0,0.0,0.0,0.0,0.0,0.0,0.0,0.0,0.0,0.5525330258538436,0.0,0.0,0.0,0.5776335153000786,0.0,0.0,0.0,0.0,0.0,0.0,0.0,0.0,0.0,0.0,0.0,0.0,0.0,0.0,0.0,0.0,0.0,0.0,0.0,0.0,0.0,0.0,0.0,0.0,0.29579732972217515,0.0,0.0,0.0,0.0,0.0,0.0,0.0,0.0,0.0,0.0,0.0,0.0,0.0,0.0,0.0,0.0,0.0,0.0,0.0,0.0,0.0,0.0,0.0,0.0,0.0,0.0,0.0,0.0,0.0,0.0,0.0,0.0,0.0,0.0,0.0,0.0,0.0,0.5230207616071281,0.0,0.0,0.0,0.0,0.0
4.0,2024-07-30,웨이팅이 좀 길고 점원이 빵을 던지며 계산해서 기분은 나빴지만 빵은 맛있네요…..,0,45,웨이팅이 좀 길고 점원이 빵을 던지며 계산해서 기분은 나빴지만 빵은 맛있네요,웨이팅 길고 점원 빵을 던지며 계산해서 기분 나빴지 빵은 맛있네요,2024,7,2024-07,3,1,화,0,42,10,긍정,1,0.0,0.0,0.0,0.0,0.0,0.0,0.0,0.0,0.0,0.0,0.0,0.0,0.0,0.0,0.0,0.0,0.0,0.0,0.0,0.0,0.0,0.0,0.0,0.0,0.0,0.0,0.6022879822626274,0.0,0.0,0.0,0.0,0.0,0.0,0.0,0.0,0.0,0.0,0.0,0.0,0.0,0.0,0.0,0.0,0.0,0.0,0.0,0.46604470510724505,0.4796487090505707,0.0,0.0,0.0,0.0,0.0,0.0,0.0,0.0,0.0,0.0,0.0,0.0,0.0,0.0,0.0,0.4358768578046272,0.0,0.0,0.0,0.0,0.0,0.0,0.0,0.0,0.0,0.0,0.0,0.0,0.0,0.0,0.0,0.0,0.0,0.0,0.0,0.0,0.0,0.0,0.0,0.0,0.0,0.0,0.0,0.0,0.0,0.0,0.0,0.0,0.0,0.0,0.0,0.0
5.0,2024-07-30,"젊은 시절을 대전에서 보내서... 어릴 때부터 즐겨가던 빵집이에요. 전 튀김소보로와 부추빵은 좋아하지 않고, 다른 빵들은 다 좋아해요",0,74,젊은 시절을 대전에서 보내서 어릴 때부터 즐겨가던 빵집이에요 전 튀김소보로와 부추빵은 좋아하지 않고 다른 빵들은 다 좋아해요,젊은 시절 대전 보내서 어릴 즐겨가던 빵집이에요 튀김소보로 부추빵 좋아하지 않고 다른 빵들 좋아해요,2024,7,2024-07,3,1,화,0,69,14,긍정,0,0.0,0.0,0.0,0.0,0.0,0.0,0.0,0.0,0.0,0.47213274079350764,0.0,0.0,0.3106428971817341,0.0,0.0,0.0,0.0,0.0,0.0,0.0,0.0,0.0,0.0,0.0,0.0,0.0,0.0,0.0,0.0,0.0,0.0,0.0,0.0,0.0,0.0,0.0,0.0,0.0,0.0,0.0,0.0,0.0,0.47837346319176166,0.0,0.0,0.47213274079350764,0.0,0.0,0.0,0.0,0.0,0.0,0.0,0.0,0.0,0.0,0.0,0.0,0.0,0.0,0.0,0.0,0.0,0.0,0.0,0.0,0.0,0.0,0.0,0.0,0.0,0.0,0.0,0.0,0.0,0.0,0.0,0.0,0.0,0.0,0.0,0.0,0.0,0.0,0.0,0.0,0.0,0.0,0.0,0.0,0.0,0.47837346319176166,0.0,0.0,0.0,0.0,0.0,0.0,0.0,0.0
4.0,2024-08-01,"빵이 맛있다.
빵집에 대해 더 할 말이 있을까?
자주 가고픈 곳",0,35,빵이 맛있다 빵집에 대해 더 할 말이 있을까 자주 가고픈 곳,빵이 맛있다 빵집 대해 말이 있을까 자주 가고픈,2024,8,2024-08,3,3,목,0,33,8,긍정,0,0.0,0.0,0.0,0.0,0.0,0.0,0.0,0.0,0.0,0.0,0.0,0.0,0.0,0.0,0.0,0.0,0.0,0.0,0.0,0.0,0.0,0.5725389674580659,0.0,0.0,0.0,0.0,0.0,0.5476598565173273,0.0,0.0,0.0,0.0,0.0,0.0,0.0,0.0,0.0,0.0,0.0,0.0,0.0,0.0,0.0,0.0,0.0,0.0,0.0,0.0,0.44112630398589364,0.4215155942942294,0.0,0.0,0.0,0.0,0.0,0.0,0.0,0.0,0.0,0.0,0.0,0.0,0.0,0.0,0.0,0.0,0.0,0.0,0.0,0.0,0.0,0.0,0.0,0.0,0.0,0.0,0.0,0.0,0.0,0.0,0.0,0.0,0.0,0.0,0.0,0.0,0.0,0.0,0.0,0.0,0.0,0.0,0.0,0.0,0.0,0.0,0.0,0.0,0.0,0.0
5.0,2024-08-01,평일 사람 너무 많음,0,11,평일 사람 너무 많음,평일 사람 많음,2024,8,2024-08,3,3,목,0,11,3,긍정,0,0.0,0.0,0.0,0.0,0.0,0.0,0.0,0.0,0.0,0.0,0.0,0.0,0.0,0.0,0.0,0.0,0.0,0.0,0.0,0.7227866203622482,0.0,0.0,0.0,0.0,0.0,0.0,0.0,0.0,0.0,0.0,0.0,0.0,0.0,0.0,0.0,0.0,0.0,0.0,0.0,0.0,0.0,0.0,0.0,0.0,0.0,0.0,0.0,0.0,0.0,0.0,0.41928258689405234,0.0,0.0,0.0,0.0,0.0,0.0,0.0,0.0,0.0,0.0,0.0,0.0,0.0,0.0,0.0,0.0,0.0,0.0,0.0,0.0,0.0,0.0,0.0,0.0,0.0,0.0,0.0,0.0,0.0,0.0,0.0,0.0,0.0,0.0,0.0,0.0,0.0,0.0,0.0,0.0,0.0,0.0,0.0,0.0,0.5493465333946786,0.0,0.0,0.0,0.0
5.0,2024-08-01,평일에도 사람이 정말 많네요. 그래도 30-40분 기다리면 맘껏 빵쇼핑 가능합니다. 주말엔 3시간 줄설거 평일에 오세요. 저렴하고 맛은 평범한 곳인 줄 알았는데 좋은 재료를 듬뿍 써서 너무 맛납니다! 튀김소보로랑 마라고로게가 제 입맛에 최고였어요,0,137,평일에도 사람이 정말 많네요 그래도 30 40분 기다리면 맘껏 빵쇼핑 가능합니다 주말엔 3시간 줄설거 평일에 오세요 저렴하고 맛은 평범한 곳인 줄 알았는데 좋은 재료를 듬뿍 써서 너무 맛납니다 튀김소보로랑 마라고로게가 제 입맛에 최고였어요,평일 사람 많네요 그래 30 40분 기다리면 맘껏 빵쇼핑 가능합니다 주말엔 3시간 줄설거 평일 오세요 저렴 맛은 평범한 곳인 알았는데 좋은 재료 듬뿍 써서 맛납니다 튀김소보로 마라고로게 입맛 최고였어요,2024,8,2024-08,3,3,목,0,133,29,긍정,1,0.0,0.0,0.0,0.0,0.0,0.366375077558299,0.0,0.0,0.0,0.0,0.0,0.0,0.0,0.0,0.0,0.0,0.0,0.0,0.0,0.0,0.0,0.0,0.0,0.35975670499860607,0.0,0.0,0.0,0.0,0.0,0.0,0.0,0.0,0.0,0.0,0.0,0.0,0.0,0.0,0.0,0.0,0.0,0.0,0.0,0.0,0.0,0.0,0.0,0.0,0.0,0.0,0.22138550872303928,0.0,0.0,0.0,0.0,0.0,0.0,0.0,0.0,0.0,0.0,0.0,0.0,0.0,0.0,0.0,0.0,0.0,0.0,0.0,0.0,0.0,0.0,0.0,0.0,0.3248031591029636,0.0,0.0,0.0,0.0,0.366375077558299,0.0,0.0,0.0,0.0,0.0,0.0,0.0,0.0,0.0,0.0,0.33326334806693864,0.0,0.0,0.0,0.5801212144855911,0.0,0.0,0.0,0.0
3.0,2024-08-03,빵은 정말 그냥 그랬어요. 줄 서서 먹어야 할 정도는 아닌 것 같아요. 근데 그 무슨 메아리인가? 그 빵은 엄청 맛있게 먹긴 했어요! 근데 빵은 그저그런데 망고시루케이크는 진짜 대박이...,0,105,빵은 정말 그냥 그랬어요 줄 서서 먹어야 할 정도는 아닌 것 같아요 근데 그 무슨 메아리인가 그 빵은 엄청 맛있게 먹긴 했어요 근데 빵은 그저그런데 망고시루케이크는 진짜 대박이,빵은 그랬어요 서서 먹어야 아닌 무슨 메아리인 빵은 맛있게 먹긴 빵은 그저그런데 망고시루케이크 대박,2024,8,2024-08,3,5,토,1,98,14,중립,1,0.0,0.0,0.0,0.0,0.0,0.0,0.0,0.0,0.0,0.0,0.0,0.0,0.0,0.0,0.0,0.0,0.0,0.0,0.0,0.0,0.0,0.0,0.0,0.0,0.0,0.0,0.0,0.0,0.0,0.0,0.0,0.0,0.0,0.0,0.0,0.0,0.0,0.0,0.0,0.0,0.0,0.0,0.0,0.0,0.0,0.0,1.0,0.0,0.0,0.0,0.0,0.0,0.0,0.0,0.0,0.0,0.0,0.0,0.0,0.0,0.0,0.0,0.0,0.0,0.0,0.0,0.0,0.0,0.0,0.0,0.0,0.0,0.0,0.0,0.0,0.0,0.0,0.0,0.0,0.0,0.0,0.0,0.0,0.0,0.0,0.0,0.0,0.0,0.0,0.0,0.0,0.0,0.0,0.0,0.0,0.0,0.0,0.0,0.0,0.0
4.0,2024-08-05,줄서서 먹는거비하면 엄청 맛있는거는 아닌데 가격이 다른 프랜차이즈 빵집에 비하면 저렴합니다.,0,51,줄서서 먹는거비하면 엄청 맛있는거는 아닌데 가격이 다른 프랜차이즈 빵집에 비하면 저렴합니다,줄서서 먹는거비하면 맛있는거 아닌데 가격 다른 프랜차이즈 빵집 비하면 저렴합니다,2024,8,2024-08,3,0,월,0,50,10,긍정,1,0.4753909411249063,0.0,0.0,0.0,0.0,0.0,0.0,0.0,0.0,0.6623320904493227,0.0,0.0,0.0,0.0,0.0,0.0,0.0,0.0,0.0,0.0,0.0,0.0,0.0,0.0,0.0,0.0,0.0,0.0,0.0,0.0,0.0,0.0,0.0,0.0,0.0,0.0,0.0,0.0,0.0,0.0,0.0,0.0,0.0,0.0,0.0,0.0,0.0,0.0,0.0,0.5790679192093152,0.0,0.0,0.0,0.0,0.0,0.0,0.0,0.0,0.0,0.0,0.0,0.0,0.0,0.0,0.0,0.0,0.0,0.0,0.0,0.0,0.0,0.0,0.0,0.0,0.0,0.0,0.0,0.0,0.0,0.0,0.0,0.0,0.0,0.0,0.0,0.0,0.0,0.0,0.0,0.0,0.0,0.0,0.0,0.0,0.0,0.0,0.0,0.0,0.0,0.0
1.0,2024-08-09,"사람 진짜ㅡ많고 대기표 있었음 좋겠음.
  줄 진짜 너무 길어서 포기 주차할곳도 없음",0,47,사람 진짜 많고 대기표 있었음 좋겠음 줄 진짜 너무 길어서 포기 주차할곳도 없음,사람 많고 대기표 있었음 좋겠음 길어서 포기 주차할곳 없음,2024,8,2024-08,3,4,금,0,44,9,부정,1,0.0,0.0,0.0,0.0,0.0,0.0,0.0,0.0,0.0,0.0,0.0,0.0,0.0,0.0,0.0,0.8295878085398234,0.0,0.0,0.0,0.0,0.0,0.0,0.0,0.0,0.0,0.0,0.0,0.0,0.0,0.0,0.0,0.0,0.0,0.0,0.0,0.0,0.0,0.0,0.0,0.0,0.0,0.0,0.0,0.0,0.0,0.0,0.0,0.0,0.0,0.0,0.5583762780796597,0.0,0.0,0.0,0.0,0.0,0.0,0.0,0.0,0.0,0.0,0.0,0.0,0.0,0.0,0.0,0.0,0.0,0.0,0.0,0.0,0.0,0.0,0.0,0.0,0.0,0.0,0.0,0.0,0.0,0.0,0.0,0.0,0.0,0.0,0.0,0.0,0.0,0.0,0.0,0.0,0.0,0.0,0.0,0.0,0.0,0.0,0.0,0.0,0.0
5.0,2024-08-10,빵사러 대전까지 운전해간 스스로를 칭찬하게 되는 바로 그곳 성...,0,37,빵사러 대전까지 운전해간 스스로를 칭찬하게 되는 바로 그곳 성,빵사러 대전 운전해간 스스 칭찬하게 바로 그곳,2024,8,2024-08,3,5,토,1,34,7,긍정,0,0.0,0.0,0.0,0.0,0.0,0.0,0.0,0.0,0.0,0.0,0.0,0.0,1.0,0.0,0.0,0.0,0.0,0.0,0.0,0.0,0.0,0.0,0.0,0.0,0.0,0.0,0.0,0.0,0.0,0.0,0.0,0.0,0.0,0.0,0.0,0.0,0.0,0.0,0.0,0.0,0.0,0.0,0.0,0.0,0.0,0.0,0.0,0.0,0.0,0.0,0.0,0.0,0.0,0.0,0.0,0.0,0.0,0.0,0.0,0.0,0.0,0.0,0.0,0.0,0.0,0.0,0.0,0.0,0.0,0.0,0.0,0.0,0.0,0.0,0.0,0.0,0.0,0.0,0.0,0.0,0.0,0.0,0.0,0.0,0.0,0.0,0.0,0.0,0.0,0.0,0.0,0.0,0.0,0.0,0.0,0.0,0.0,0.0,0.0,0.0
5.0,2024-08-11,"어제 갔는데 웨이팅 30분 정도 하고 가서 사왔어요 생각보다 종류가 되게 많았고 역시 유명하다는 튀소는 빵이 비맞아서 축축해져 있음에도 맛있더라고요!
남은...",0,89,어제 갔는데 웨이팅 30분 정도 하고 가서 사왔어요 생각보다 종류가 되게 많았고 역시 유명하다는 튀소는 빵이 비맞아서 축축해져 있음에도 맛있더라고요 남은,어제 갔는데 웨이팅 30분 가서 사왔어요 생각 종류 되게 많았고 유명하다 튀소 빵이 비맞아서 축축해져 있음 맛있더라고요 남은,2024,8,2024-08,3,6,일,1,85,18,긍정,1,0.0,0.0,0.0,0.0,0.4019603289122212,0.0,0.0,0.0,0.0,0.0,0.0,0.0,0.0,0.0,0.0,0.0,0.0,0.0,0.0,0.0,0.0,0.0,0.0,0.0,0.0,0.0,0.0,0.0,0.0,0.0,0.0,0.0,0.0,0.0,0.0,0.0,0.0,0.0,0.0,0.0,0.0,0.0,0.0,0.0,0.0,0.0,0.0,0.0,0.3475779788098295,0.0,0.0,0.0,0.0,0.0,0.0,0.39589933238595504,0.0,0.0,0.0,0.0,0.0,0.0,0.0,0.31898974938707625,0.0,0.0,0.0,0.0,0.0,0.0,0.0,0.0,0.0,0.41550240528646376,0.0,0.0,0.0,0.3902296487795964,0.0,0.0,0.0,0.0,0.0,0.0,0.0,0.0,0.0,0.0,0.0,0.0,0.0,0.0,0.3663403792159612,0.0,0.0,0.0,0.0,0.0,0.0,0.0
3.0,2024-08-13,"가성비 좋으나 한시간 기다려서 먹을 맛은 아닌 듯.
기다리는 계단 참에 바퀴벌레 나와서 잡음",0,51,가성비 좋으나 한시간 기다려서 먹을 맛은 아닌 듯 기다리는 계단 참에 바퀴벌레 나와서 잡음,가성비 좋으나 한시간 기다려서 먹을 맛은 아닌 기다리 계단 참에 바퀴벌레 나와서 잡음,2024,8,2024-08,3,1,화,0,50,13,중립,1,0.0,0.0,0.0,0.4533663413826354,0.0,0.0,0.0,0.0,0.0,0.0,0.0,0.0,0.0,0.0,0.0,0.0,0.0,0.0,0.0,0.0,0.0,0.0,0.0,0.6038466323680693,0.0,0.0,0.0,0.0,0.0,0.0,0.0,0.0,0.0,0.0,0.6556128469447998,0.0,0.0,0.0,0.0,0.0,0.0,0.0,0.0,0.0,0.0,0.0,0.0,0.0,0.0,0.0,0.0,0.0,0.0,0.0,0.0,0.0,0.0,0.0,0.0,0.0,0.0,0.0,0.0,0.0,0.0,0.0,0.0,0.0,0.0,0.0,0.0,0.0,0.0,0.0,0.0,0.0,0.0,0.0,0.0,0.0,0.0,0.0,0.0,0.0,0.0,0.0,0.0,0.0,0.0,0.0,0.0,0.0,0.0,0.0,0.0,0.0,0.0,0.0,0.0,0.0
5.0,2024-08-15,"사람은 진짜 많지만 놀이기구 줄 기다린다고 생각하면 생각보다 금방 들어가요!!
웨이팅 시 사용할 우산, 부채, 가게 앞 에어컨 등 웨이팅 고객을 ...",0,84,사람은 진짜 많지만 놀이기구 줄 기다린다고 생각하면 생각보다 금방 들어가요 웨이팅 시 사용할 우산 부채 가게 앞 에어컨 등 웨이팅 고객을,사람 많지 놀이기구 기다린다고 생각하면 생각 금방 들어가요 웨이팅 사용할 우산 부채 가게 에어컨 웨이팅 고객,2024,8,2024-08,3,3,목,0,76,16,긍정,1,0.0,0.0,0.0,0.0,0.0,0.0,0.4085746384621521,0.0,0.0,0.0,0.0,0.0,0.0,0.0,0.0,0.0,0.0,0.0,0.0,0.0,0.4512371630375736,0.0,0.0,0.0,0.0,0.0,0.0,0.0,0.0,0.0,0.0,0.0,0.0,0.0,0.0,0.0,0.0,0.0,0.0,0.0,0.0,0.0,0.0,0.0,0.0,0.0,0.0,0.0,0.0,0.0,0.2557551257707585,0.0,0.0,0.0,0.0,0.3960000864979283,0.0,0.0,0.0,0.0,0.0,0.0,0.0,0.6381418609015871,0.0,0.0,0.0,0.0,0.0,0.0,0.0,0.0,0.0,0.0,0.0,0.0,0.0,0.0,0.0,0.0,0.0,0.0,0.0,0.0,0.0,0.0,0.0,0.0,0.0,0.0,0.0,0.0,0.0,0.0,0.0,0.0,0.0,0.0,0.0,0.0
5.0,2024-08-17,"진짜 사람이 정신옶게 많음 한국의 돈키호테 수준
근데 맛있어서 또 갈거임
성심당 갔으니 대전도 들려줘야지!",0,59,진짜 사람이 정신옶게 많음 한국의 돈키호테 수준 근데 맛있어서 또 갈거임 성심당 갔으니 대전도 들려줘야지,사람 정신옶게 많음 한국 돈키호테 수준 맛있어서 갈거임 성심당 갔으니 대전 들려줘야지,2024,8,2024-08,3,5,토,1,58,12,긍정,0,0.0,0.0,0.0,0.0,0.0,0.0,0.0,0.0,0.0,0.0,0.0,0.0,0.4078884948384809,0.0,0.0,0.0,0.0,0.0,0.0,0.7193032502659961,0.0,0.0,0.0,0.0,0.0,0.0,0.0,0.0,0.0,0.0,0.0,0.0,0.0,0.0,0.0,0.0,0.0,0.0,0.0,0.0,0.0,0.0,0.0,0.0,0.0,0.0,0.0,0.0,0.0,0.0,0.4172619124876363,0.0,0.0,0.0,0.0,0.0,0.37699112233888527,0.0,0.0,0.0,0.0,0.0,0.0,0.0,0.0,0.0,0.0,0.0,0.0,0.0,0.0,0.0,0.0,0.0,0.0,0.0,0.0,0.0,0.0,0.0,0.0,0.0,0.0,0.0,0.0,0.0,0.0,0.0,0.0,0.0,0.0,0.0,0.0,0.0,0.0,0.0,0.0,0.0,0.0,0.0
5.0,2024-08-17,"일요일 8시 도착해서 8시 반에 들어갔는데 나오니 줄이 두 배 되어있어서.. 기다리는 거 안좋아하시면 무조건 오픈런하셔야 합니다.

튀소 ...",0,80,일요일 8시 도착해서 8시 반에 들어갔는데 나오니 줄이 두 배 되어있어서 기다리는 거 안좋아하시면 무조건 오픈런하셔야 합니다 튀소,일요일 8시 도착해서 8시 반에 들어갔는데 나오니 줄이 되어있어서 기다리 안좋아하시면 무조건 오픈런하셔야 튀소,2024,8,2024-08,3,5,토,1,72,14,긍정,1,0.0,0.0,0.0,0.0,0.0,0.0,0.0,0.0,0.0,0.0,0.0,0.0,0.0,0.0,0.0,0.0,0.0,0.0,0.0,0.0,0.0,0.0,0.0,0.0,0.0,0.0,0.0,0.0,0.0,0.0,0.0,0.0,0.0,0.0,0.0,0.0,0.0,0.652962261431035,0.0,0.0,0.0,0.0,0.0,0.0,0.0,0.0,0.0,0.0,0.0,0.0,0.0,0.0,0.0,0.0,0.0,0.0,0.0,0.0,0.0,0.0,0.0,0.0,0.0,0.0,0.0,0.0,0.0,0.0,0.0,0.0,0.0,0.0,0.0,0.0,0.0,0.0,0.0,0.0,0.0,0.0,0.0,0.0,0.0,0.0,0.5160934759402159,0.0,0.0,0.0,0.0,0.0,0.0,0.0,0.5543354663367793,0.0,0.0,0.0,0.0,0.0,0.0,0.0
5.0,2024-08-19,대전가면 꼭 들리는 성심당~~~,0,17,대전가면 꼭 들리는 성심당,대전가면 들리 성심당,2024,8,2024-08,3,0,월,0,14,3,긍정,0,0.0,0.0,0.0,0.0,0.0,0.0,0.0,0.0,0.0,0.0,0.0,0.0,0.0,0.0,0.0,0.0,0.0,0.0,0.0,0.0,0.0,0.0,0.0,0.0,0.0,0.0,0.0,0.0,0.0,0.0,0.0,0.0,0.0,0.0,0.0,0.0,0.0,0.0,0.0,0.0,0.0,0.0,0.0,0.0,0.0,0.0,0.0,0.0,0.0,0.0,0.0,0.0,0.0,0.0,0.0,0.0,1.0,0.0,0.0,0.0,0.0,0.0,0.0,0.0,0.0,0.0,0.0,0.0,0.0,0.0,0.0,0.0,0.0,0.0,0.0,0.0,0.0,0.0,0.0,0.0,0.0,0.0,0.0,0.0,0.0,0.0,0.0,0.0,0.0,0.0,0.0,0.0,0.0,0.0,0.0,0.0,0.0,0.0,0.0,0.0
5.0,2024-08-22,"부추빵, 야키소바빵 미쳤습니다",0,16,부추빵 야키소바빵 미쳤습니다,부추빵 야키소바빵 미쳤습니다,2024,8,2024-08,3,3,목,0,15,3,긍정,0,0.0,0.0,0.0,0.0,0.0,0.0,0.0,0.0,0.0,0.0,0.0,0.0,0.0,0.0,0.0,0.0,0.0,0.0,0.0,0.0,0.0,0.0,0.0,0.0,0.0,0.0,0.0,0.0,0.0,0.0,0.0,0.0,0.0,0.0,0.0,0.0,0.0,0.0,0.0,0.0,0.0,0.0,1.0,0.0,0.0,0.0,0.0,0.0,0.0,0.0,0.0,0.0,0.0,0.0,0.0,0.0,0.0,0.0,0.0,0.0,0.0,0.0,0.0,0.0,0.0,0.0,0.0,0.0,0.0,0.0,0.0,0.0,0.0,0.0,0.0,0.0,0.0,0.0,0.0,0.0,0.0,0.0,0.0,0.0,0.0,0.0,0.0,0.0,0.0,0.0,0.0,0.0,0.0,0.0,0.0,0.0,0.0,0.0,0.0,0.0
5.0,2024-08-26,월요일 오전도 사람 많아요!!,0,16,월요일 오전도 사람 많아요,월요일 오전 사람 많아요,2024,8,2024-08,3,0,월,0,14,4,긍정,0,0.0,0.0,0.0,0.0,0.0,0.0,0.0,0.0,0.0,0.0,0.0,0.0,0.0,0.0,0.0,0.0,0.0,0.0,0.0,0.0,0.0,0.0,0.0,0.0,0.0,0.0,0.0,0.0,0.0,0.0,0.0,0.0,0.0,0.0,0.0,0.0,0.0,0.0,0.0,0.0,0.0,0.0,0.0,0.0,0.0,0.0,0.0,0.0,0.0,0.0,0.5678616598694318,0.0,0.0,0.0,0.0,0.0,0.0,0.0,0.0,0.0,0.0,0.0,0.8231240096427354,0.0,0.0,0.0,0.0,0.0,0.0,0.0,0.0,0.0,0.0,0.0,0.0,0.0,0.0,0.0,0.0,0.0,0.0,0.0,0.0,0.0,0.0,0.0,0.0,0.0,0.0,0.0,0.0,0.0,0.0,0.0,0.0,0.0,0.0,0.0,0.0,0.0
5.0,2024-08-26,"오래도록 가고 싶어도 못가본 성심당을 드디어 방문!!
설명이 필요치 않네요",0,41,오래도록 가고 싶어도 못가본 성심당을 드디어 방문 설명이 필요치 않네요,오래도록 가고 싶어 못가본 성심당 드디어 방문 설명 필요치 않네요,2024,8,2024-08,3,0,월,0,39,10,긍정,0,0.0,0.6832590621865781,0.0,0.0,0.0,0.0,0.0,0.0,0.0,0.0,0.0,0.0,0.0,0.0,0.0,0.0,0.0,0.0,0.0,0.0,0.0,0.0,0.0,0.0,0.0,0.0,0.0,0.0,0.0,0.0,0.0,0.0,0.0,0.0,0.0,0.0,0.0,0.0,0.0,0.64088723348938,0.0,0.0,0.0,0.0,0.0,0.0,0.0,0.0,0.0,0.0,0.0,0.0,0.0,0.0,0.0,0.0,0.34988656431798965,0.0,0.0,0.0,0.0,0.0,0.0,0.0,0.0,0.0,0.0,0.0,0.0,0.0,0.0,0.0,0.0,0.0,0.0,0.0,0.0,0.0,0.0,0.0,0.0,0.0,0.0,0.0,0.0,0.0,0.0,0.0,0.0,0.0,0.0,0.0,0.0,0.0,0.0,0.0,0.0,0.0,0.0,0.0
5.0,2024-08-27,줄에 한번 놀라고 빵 맛에 한 번 더 놀란다,0,24,줄에 한번 놀라고 빵 맛에 한 번 더 놀란다,줄에 한번 놀라고 맛에 놀란다,2024,8,2024-08,3,1,화,0,24,5,긍정,0,0.0,0.0,0.0,0.0,0.0,0.0,0.0,0.0,0.0,0.0,0.0,0.0,0.0,0.0,0.0,0.0,0.0,0.0,0.0,0.0,0.0,0.0,0.0,0.0,0.0,0.0,0.0,0.0,0.0,0.0,0.0,0.0,0.0,0.0,0.0,0.0,0.0,0.0,0.0,0.0,0.0,0.0,0.0,0.0,0.0,0.0,0.0,0.0,0.0,0.0,0.0,0.0,0.0,0.0,0.0,0.0,0.0,0.0,0.0,0.0,0.0,0.0,0.0,0.0,0.0,0.0,0.0,0.0,0.0,0.0,0.0,0.0,0.0,0.0,0.0,0.0,0.0,0.0,0.0,0.0,0.0,0.0,0.0,0.0,0.0,0.0,0.0,0.0,0.0,0.0,0.0,0.0,0.0,0.0,0.0,0.0,0.0,0.0,0.0,0.0
4.0,2024-08-27,"대전하면 성심당!
주차할 곳은 마땅히 없어서 주변 공영주차장에 주차했음. 주변 주차장 다 주차비 저렴해서 좋음
빵 종류 엄청많고 가격도 정말 저렴해서
먹고...",0,89,대전하면 성심당 주차할 곳은 마땅히 없어서 주변 공영주차장에 주차했음 주변 주차장 다 주차비 저렴해서 좋음 빵 종류 엄청많고 가격도 정말 저렴해서 먹고,대전하면 성심당 주차할 곳은 마땅히 없어서 주변 공영주차장 주차했음 주변 주차장 주차비 저렴해서 좋음 종류 엄청많고 가격 저렴해서 먹고,2024,8,2024-08,3,1,화,0,84,19,긍정,0,0.40243658971972335,0.0,0.0,0.0,0.0,0.0,0.0,0.0,0.0,0.0,0.0,0.0,0.0,0.0,0.0,0.0,0.0,0.0,0.0,0.0,0.0,0.0,0.0,0.0,0.0,0.0,0.0,0.0,0.0,0.0,0.0,0.0,0.0,0.0,0.0,0.0,0.0,0.0,0.0,0.0,0.0,0.0,0.0,0.0,0.0,0.0,0.0,0.0,0.0,0.0,0.0,0.0,0.0,0.0,0.0,0.0,0.340964632707158,0.0,0.0,0.0,0.0,0.6245449310103095,0.0,0.0,0.0,0.0,0.0,0.0,0.0,0.0,0.0,0.0,0.0,0.0,0.0,0.0,0.0,0.5759614046504848,0.0,0.0,0.0,0.0,0.0,0.0,0.0,0.0,0.0,0.0,0.0,0.0,0.0,0.0,0.0,0.0,0.0,0.0,0.0,0.0,0.0,0.0
5.0,2024-08-28,"대전 여행의 목적..
8월초 한여름에 갔는데도 길바닥에서 40분~1시간정도 웨이팅하고 들어갔어요 그래도 우산빌려줘서 그나마 다행 빵은 말모 너무맛있음",0,83,대전 여행의 목적 8월초 한여름에 갔는데도 길바닥에서 40분 1시간정도 웨이팅하고 들어갔어요 그래도 우산빌려줘서 그나마 다행 빵은 말모 너무맛있음,대전 여행 목적 8월초 한여름 갔는데 길바닥 40분 1시간정 웨이팅 들어갔어요 그래 우산빌려줘서 그나마 다행 빵은 말모 너무맛있음,2024,8,2024-08,3,2,수,0,81,18,긍정,1,0.0,0.0,0.0,0.0,0.5100051944649591,0.5368858713275036,0.0,0.0,0.0,0.0,0.0,0.0,0.31713045660308453,0.0,0.0,0.0,0.0,0.0,0.0,0.0,0.0,0.0,0.0,0.0,0.0,0.0,0.0,0.0,0.0,0.0,0.0,0.0,0.0,0.0,0.0,0.0,0.0,0.0,0.0,0.0,0.0,0.0,0.0,0.0,0.0,0.0,0.43274484254748063,0.0,0.0,0.0,0.0,0.0,0.0,0.0,0.0,0.0,0.0,0.0,0.0,0.0,0.0,0.0,0.0,0.40473255061946994,0.0,0.0,0.0,0.0,0.0,0.0,0.0,0.0,0.0,0.0,0.0,0.0,0.0,0.0,0.0,0.0,0.0,0.0,0.0,0.0,0.0,0.0,0.0,0.0,0.0,0.0,0.0,0.0,0.0,0.0,0.0,0.0,0.0,0.0,0.0,0.0
5.0,2024-08-30,부추빵이 진짜 맛있네요. 튀김소보로도 정말 맛있었고 또 가고싶은 곳입니다. 가격도 저렴하고 유명한 이유가 있네요,0,62,부추빵이 진짜 맛있네요 튀김소보로도 정말 맛있었고 또 가고싶은 곳입니다 가격도 저렴하고 유명한 이유가 있네요,부추빵 맛있네요 튀김소보로 맛있었고 가고싶 곳입니다 가격 저렴 유명한 이유 있네요,2024,8,2024-08,3,4,금,0,60,11,긍정,0,0.26249183595239334,0.0,0.0,0.0,0.0,0.0,0.0,0.0,0.0,0.0,0.0,0.0,0.0,0.0,0.0,0.0,0.0,0.0,0.0,0.0,0.0,0.0,0.0,0.0,0.0,0.0,0.4243347247951037,0.0,0.0,0.0,0.0,0.0,0.0,0.0,0.0,0.0,0.0,0.0,0.0,0.0,0.0,0.0,0.3705473040877277,0.0,0.0,0.0,0.0,0.0,0.0,0.0,0.0,0.0,0.0,0.0,0.0,0.0,0.0,0.0,0.0,0.0,0.0,0.0,0.0,0.0,0.4073634201349123,0.0,0.4243347247951037,0.0,0.0,0.0,0.0,0.0,0.0,0.0,0.0,0.3611406284636082,0.0,0.0,0.0,0.0,0.0,0.0,0.0,0.0,0.0,0.0,0.0,0.0,0.0,0.0,0.0,0.3705473040877277,0.0,0.0,0.0,0.0,0.0,0.0,0.0,0.0
5.0,2024-08-30,"튀소구마, 튀김 소보로 사러 대전왔는데 빵 맛있네요~~ 
맛있는 빵들 가득 사고 갑니다!!",0,50,튀소구마 튀김 소보로 사러 대전왔는데 빵 맛있네요 맛있는 빵들 가득 사고 갑니다,튀소구마 튀김 소보 사러 대전왔는데 맛있네요 맛있 빵들 가득 사고 갑니다,2024,8,2024-08,3,4,금,0,44,11,긍정,0,0.0,0.0,0.0,0.0,0.0,0.0,0.0,0.0,0.0,0.0,0.0,0.0,0.0,0.0,0.0,0.0,0.0,0.0,0.0,0.0,0.0,0.0,0.0,0.0,0.49467431963455616,0.0,0.5247626740490274,0.0,0.0,0.0,0.0,0.0,0.0,0.0,0.0,0.0,0.0,0.0,0.0,0.0,0.0,0.0,0.0,0.0,0.0,0.45226716589192867,0.0,0.0,0.0,0.0,0.0,0.0,0.0,0.0,0.0,0.0,0.0,0.0,0.0,0.0,0.0,0.0,0.0,0.0,0.0,0.0,0.0,0.0,0.0,0.0,0.0,0.0,0.0,0.0,0.0,0.0,0.0,0.0,0.0,0.0,0.0,0.0,0.0,0.0,0.0,0.0,0.0,0.0,0.0,0.0,0.0,0.0,0.0,0.5247626740490274,0.0,0.0,0.0,0.0,0.0,0.0
5.0,2024-08-31,제 최애 빵집입니다 🙂 처음에는 튀소 먹으러 갔었는데 다른 빵도 다 맛있고 저렴하고 심지어 좋은 재료를 써서 안 들릴 수가 없는 곳이이요. 대전 출신도 아닌데 성심당 때...,1,97,제 최애 빵집입니다 처음에는 튀소 먹으러 갔었는데 다른 빵도 다 맛있고 저렴하고 심지어 좋은 재료를 써서 안 들릴 수가 없는 곳이이요 대전 출신도 아닌데 성심당 때,최애 빵집입니다 처음 튀소 먹으러 갔었는데 다른 빵도 맛있고 저렴 심지어 좋은 재료 써서 들릴 수가 곳이이요 대전 출신 아닌데 성심당,2024,8,2024-08,3,5,토,1,91,21,긍정,0,0.0,0.0,0.0,0.0,0.0,0.0,0.0,0.0,0.0,0.32383035346370614,0.0,0.0,0.21306634872701458,0.0,0.0,0.0,0.0,0.0,0.0,0.0,0.0,0.0,0.0,0.0,0.0,0.2934661691462749,0.0,0.0,0.0,0.0,0.0,0.0,0.0,0.0,0.0,0.0,0.0,0.0,0.0,0.0,0.0,0.0,0.0,0.0,0.3022866218378119,0.0,0.0,0.0,0.0,0.0,0.0,0.0,0.0,0.0,0.0,0.0,0.19692666735072525,0.0,0.0,0.0,0.0,0.0,0.0,0.0,0.0,0.0,0.0,0.0,0.0,0.0,0.0,0.0,0.0,0.0,0.0,0.31978140562737584,0.0,0.0,0.0,0.0,0.3607105842566378,0.0,0.0,0.0,0.0,0.0,0.3845587220985687,0.0,0.3945585266112979,0.0,0.0,0.0,0.31228642635054116,0.0,0.0,0.0,0.0,0.0,0.0,0.0
4.0,2024-09-01,"성심당에서 빵을 사서 다른 곳에서 먹어 불편하지만 또다른 즐거움이 있는 카페라 좋네요.
빵은 전반적으로 조금색...",0,64,성심당에서 빵을 사서 다른 곳에서 먹어 불편하지만 또다른 즐거움이 있는 카페라 좋네요 빵은 전반적으로 조금색,성심당 빵을 사서 다른 먹어 불편하지 또다른 즐거움 카페라 좋네요 빵은 전반적 조금색,2024,9,2024-09,3,6,일,1,60,13,긍정,0,0.0,0.0,0.0,0.0,0.0,0.0,0.0,0.0,0.0,0.4706596443090681,0.0,0.0,0.0,0.0,0.0,0.0,0.0,0.0,0.0,0.0,0.0,0.0,0.0,0.0,0.0,0.0,0.0,0.0,0.0,0.0,0.0,0.0,0.0,0.0,0.0,0.0,0.0,0.0,0.0,0.0,0.0,0.0,0.0,0.0,0.0,0.0,0.42256957021139463,0.43490452013462655,0.0,0.0,0.0,0.0,0.5734569777282983,0.0,0.0,0.0,0.286216020885301,0.0,0.0,0.0,0.0,0.0,0.0,0.0,0.0,0.0,0.0,0.0,0.0,0.0,0.0,0.0,0.0,0.0,0.0,0.0,0.0,0.0,0.0,0.0,0.0,0.0,0.0,0.0,0.0,0.0,0.0,0.0,0.0,0.0,0.0,0.0,0.0,0.0,0.0,0.0,0.0,0.0,0.0,0.0
4.0,2024-09-02,평일에 방문했는데도 사람이 정말 많았습니다. 매장이 정말 혼잡해서 빨리 고르고 나와야합니다. 진열대 앞에서 애기들이 기침하고 있는데 제제하는 직원이 없어 다소 위생적이진 않습니다.. 직원들...,0,108,평일에 방문했는데도 사람이 정말 많았습니다 매장이 정말 혼잡해서 빨리 고르고 나와야합니다 진열대 앞에서 애기들이 기침하고 있는데 제제하는 직원이 없어 다소 위생적이진 않습니다 직원들,평일 방문했는데 사람 많았습니다 매장 혼잡해서 빨리 고르고 나와야합니다 진열대 애기들 기침 있는데 제제하 직원 없어 다소 위생적이진 않습니다 직원들,2024,9,2024-09,3,0,월,0,101,20,긍정,0,0.0,0.0,0.0,0.0,0.0,0.0,0.0,0.0,0.0,0.0,0.0,0.0,0.0,0.0,0.0,0.0,0.0,0.0,0.0,0.0,0.0,0.0,0.0,0.0,0.0,0.0,0.0,0.0,0.0,0.0,0.0,0.0,0.5712438460677853,0.0,0.0,0.0,0.0,0.0,0.0,0.0,0.0,0.0,0.0,0.5712438460677853,0.0,0.0,0.0,0.0,0.0,0.0,0.35758103402292296,0.0,0.0,0.0,0.0,0.0,0.0,0.0,0.0,0.0,0.0,0.0,0.0,0.0,0.0,0.0,0.0,0.0,0.0,0.0,0.0,0.0,0.0,0.0,0.0,0.0,0.0,0.0,0.0,0.0,0.0,0.0,0.0,0.0,0.0,0.0,0.0,0.0,0.0,0.0,0.0,0.0,0.0,0.0,0.0,0.468504792682493,0.0,0.0,0.0,0.0
4.0,2024-09-03,"튀김소보로, 보문산 메아리 다 필요 없고 무조건 판타롱부추빵. 🤤",1,36,튀김소보로 보문산 메아리 다 필요 없고 무조건 판타롱부추빵,튀김소보로 보문산 메아리 필요 없고 무조건 판타롱부추빵,2024,9,2024-09,3,1,화,0,32,7,긍정,0,0.0,0.0,0.0,0.0,0.0,0.0,0.0,0.0,0.0,0.0,0.0,0.0,0.0,0.0,0.0,0.0,0.0,0.0,0.0,0.0,0.0,0.0,0.0,0.0,0.0,0.0,0.0,0.0,0.0,0.0,0.0,0.0,0.0,0.0,0.0,0.0,0.0,0.5883842773836387,0.0,0.0,0.0,0.0,0.0,0.0,0.0,0.0,0.0,0.0,0.0,0.0,0.0,0.0,0.0,0.0,0.0,0.0,0.0,0.0,0.0,0.0,0.6151134187267758,0.0,0.0,0.0,0.0,0.0,0.0,0.0,0.0,0.0,0.0,0.0,0.0,0.0,0.0,0.0,0.0,0.0,0.0,0.0,0.0,0.0,0.0,0.0,0.0,0.0,0.0,0.0,0.0,0.0,0.0,0.5248232314122455,0.0,0.0,0.0,0.0,0.0,0.0,0.0,0.0
4.0,2024-09-04,"월요일이라서 줄은 안 섰으나, 가게 안쪽은 정말 사람이 많고 정신 없더라고요.. 빵 종류가 정말 많고 가격이 다른 프렌차이즈 빵집들에 비해 저렴합니다 18개 구매했는데 6만 얼마 나왔고 개인적으로 샌드위치가 맛있다고 해서 세 개나...",0,131,월요일이라서 줄은 안 섰으나 가게 안쪽은 정말 사람이 많고 정신 없더라고요 빵 종류가 정말 많고 가격이 다른 프렌차이즈 빵집들에 비해 저렴합니다 18개 구매했는데 6만 얼마 나왔고 개인적으로 샌드위치가 맛있다고 해서 세 개나,월요일이라서 줄은 섰으나 가게 안쪽 사람 많고 정신 없더라고요 종류 많고 가격 다른 프렌차이즈 빵집들 비해 저렴합니다 18개 구매했는데 6만 얼마 나왔고 개인적 샌드위치 맛있다고 개나,2024,9,2024-09,3,2,수,0,125,26,긍정,0,0.2156830269668395,0.0,0.0,0.0,0.0,0.0,0.0,0.0,0.0,0.3004975016716829,0.0,0.0,0.0,0.0,0.0,0.6009950033433658,0.0,0.0,0.0,0.0,0.0,0.0,0.0,0.0,0.0,0.0,0.0,0.0,0.0,0.0,0.0,0.0,0.0,0.0,0.0,0.0,0.0,0.0,0.0,0.0,0.0,0.0,0.0,0.0,0.0,0.0,0.0,0.0,0.0,0.0,0.20225788617964727,0.0,0.0,0.0,0.32311157976962335,0.0,0.0,0.0,0.0,0.0,0.0,0.0,0.0,0.0,0.0,0.0,0.0,0.0,0.0,0.0,0.0,0.0,0.0,0.0,0.0,0.0,0.36612951887242867,0.3086824169184163,0.0,0.0,0.0,0.0,0.0,0.35685022728922894,0.0,0.0,0.0,0.0,0.0,0.0,0.0,0.0,0.0,0.0,0.0,0.0,0.0,0.0,0.0,0.0
5.0,2024-09-06,"매년 가도 맛 있 다
저렴한 가격에, 어느날 불현듯 생각나는 튀소
백년 천년 자리 지켜 주시길…",0,53,매년 가도 맛 있 다 저렴한 가격에 어느날 불현듯 생각나는 튀소 백년 천년 자리 지켜 주시길,매년 가도 저렴한 가격 어느날 불현듯 생각나 튀소 백년 천년 자리 지켜 주시길,2024,9,2024-09,3,4,금,0,51,13,긍정,0,0.5970621064369649,0.0,0.0,0.0,0.0,0.0,0.0,0.0,0.0,0.0,0.0,0.0,0.0,0.0,0.0,0.0,0.0,0.0,0.0,0.0,0.0,0.0,0.0,0.0,0.0,0.0,0.0,0.0,0.0,0.0,0.0,0.0,0.0,0.0,0.0,0.0,0.0,0.0,0.0,0.0,0.0,0.0,0.0,0.0,0.0,0.0,0.0,0.0,0.0,0.0,0.0,0.0,0.0,0.0,0.0,0.0,0.0,0.0,0.0,0.0,0.0,0.0,0.0,0.0,0.0,0.0,0.0,0.0,0.0,0.0,0.0,0.0,0.0,0.0,0.0,0.0,0.0,0.0,0.0,0.0,0.0,0.0,0.0,0.0,0.0,0.0,0.0,0.0,0.0,0.0,0.0,0.0,0.8021950143556456,0.0,0.0,0.0,0.0,0.0,0.0,0.0
5.0,2024-09-10,"두말하면 입아픈 곳
대전 갈 일이 생기면 무조건 들렀다 가는 곳",0,35,두말하면 입아픈 곳 대전 갈 일이 생기면 무조건 들렀다 가는 곳,두말하면 입아픈 대전 일이 생기면 무조건 들렀다 가는,2024,9,2024-09,3,1,화,0,35,8,긍정,0,0.0,0.0,0.0,0.0,0.0,0.0,0.0,0.0,0.0,0.0,0.0,0.0,0.5012153627525069,0.0,0.0,0.0,0.0,0.0,0.0,0.0,0.0,0.0,0.0,0.0,0.0,0.0,0.0,0.0,0.0,0.0,0.0,0.0,0.0,0.0,0.0,0.0,0.0,0.8653225757721064,0.0,0.0,0.0,0.0,0.0,0.0,0.0,0.0,0.0,0.0,0.0,0.0,0.0,0.0,0.0,0.0,0.0,0.0,0.0,0.0,0.0,0.0,0.0,0.0,0.0,0.0,0.0,0.0,0.0,0.0,0.0,0.0,0.0,0.0,0.0,0.0,0.0,0.0,0.0,0.0,0.0,0.0,0.0,0.0,0.0,0.0,0.0,0.0,0.0,0.0,0.0,0.0,0.0,0.0,0.0,0.0,0.0,0.0,0.0,0.0,0.0,0.0
4.0,2024-09-12,"주차가 곤란하다는점.주차는 성심당 문화원 이곳에가능한데
주차대수가 적음 대중교통 이용추천",0,49,주차가 곤란하다는점 주차는 성심당 문화원 이곳에가능한데 주차대수가 적음 대중교통 이용추천,주차 곤란하다는점 주차 성심당 문화원 이곳에가능한데 주차대수 적음 대중교통 이용추천,2024,9,2024-09,3,3,목,0,49,10,긍정,0,0.0,0.0,0.0,0.0,0.0,0.0,0.0,0.0,0.0,0.0,0.0,0.0,0.0,0.0,0.0,0.0,0.0,0.0,0.0,0.0,0.0,0.0,0.0,0.0,0.0,0.0,0.0,0.0,0.0,0.0,0.0,0.0,0.0,0.0,0.0,0.0,0.0,0.0,0.0,0.0,0.0,0.0,0.0,0.0,0.0,0.0,0.0,0.0,0.0,0.0,0.0,0.0,0.0,0.0,0.0,0.0,0.2585709119225694,0.0,0.0,0.0,0.0,0.0,0.0,0.0,0.0,0.0,0.0,0.0,0.0,0.0,0.0,0.0,0.0,0.0,0.0,0.0,0.0,0.0,0.0,0.0,0.0,0.0,0.96599227921735,0.0,0.0,0.0,0.0,0.0,0.0,0.0,0.0,0.0,0.0,0.0,0.0,0.0,0.0,0.0,0.0,0.0
3.0,2024-09-14,"대전은 성심당이 관광지? 필수코스인건
20년전이나 지금이나 변함이 없는듯 
그만큼 대전에 갈 곳이 적고...",0,60,대전은 성심당이 관광지 필수코스인건 20년전이나 지금이나 변함이 없는듯 그만큼 대전에 갈 곳이 적고,대전 성심당 관광지 필수코스인건 20년전 지금 변함 없는듯 그만큼 대전 곳이 적고,2024,9,2024-09,3,5,토,1,55,12,중립,0,0.0,0.0,0.0,0.0,0.0,0.0,0.0,0.0,0.0,0.0,0.0,0.0,0.9077566169885702,0.0,0.0,0.0,0.0,0.0,0.0,0.0,0.0,0.0,0.0,0.0,0.0,0.0,0.0,0.0,0.0,0.0,0.0,0.0,0.0,0.0,0.0,0.0,0.0,0.0,0.0,0.0,0.0,0.0,0.0,0.0,0.0,0.0,0.0,0.0,0.0,0.0,0.0,0.0,0.0,0.0,0.0,0.0,0.4194972280164268,0.0,0.0,0.0,0.0,0.0,0.0,0.0,0.0,0.0,0.0,0.0,0.0,0.0,0.0,0.0,0.0,0.0,0.0,0.0,0.0,0.0,0.0,0.0,0.0,0.0,0.0,0.0,0.0,0.0,0.0,0.0,0.0,0.0,0.0,0.0,0.0,0.0,0.0,0.0,0.0,0.0,0.0,0.0
5.0,2024-09-25,"지나가다가.. 빵돌이는 아니지만.. 들어가서 보는 것이..
진짜 사람도 많고.. 빵도 많고..",0,52,지나가다가 빵돌이는 아니지만 들어가서 보는 것이 진짜 사람도 많고 빵도 많고,지나가다 빵돌 아니지 들어가서 보는 사람 많고 빵도 많고,2024,9,2024-09,3,2,수,0,42,9,긍정,0,0.0,0.0,0.0,0.0,0.0,0.0,0.0,0.0,0.0,0.0,0.0,0.0,0.0,0.0,0.0,0.8667513994114372,0.0,0.0,0.0,0.0,0.0,0.0,0.0,0.0,0.0,0.0,0.0,0.0,0.0,0.0,0.0,0.0,0.0,0.0,0.0,0.0,0.0,0.0,0.0,0.0,0.0,0.0,0.0,0.0,0.404544153595911,0.0,0.0,0.0,0.0,0.0,0.2916951137912378,0.0,0.0,0.0,0.0,0.0,0.0,0.0,0.0,0.0,0.0,0.0,0.0,0.0,0.0,0.0,0.0,0.0,0.0,0.0,0.0,0.0,0.0,0.0,0.0,0.0,0.0,0.0,0.0,0.0,0.0,0.0,0.0,0.0,0.0,0.0,0.0,0.0,0.0,0.0,0.0,0.0,0.0,0.0,0.0,0.0,0.0,0.0,0.0,0.0
5.0,2024-09-25,사람은 많지만 친절하게 안내가 잘되서 좋았어요!,0,26,사람은 많지만 친절하게 안내가 잘되서 좋았어요,사람 많지 친절하게 안내 잘되서 좋았어요,2024,9,2024-09,3,2,수,0,25,6,긍정,0,0.0,0.0,0.0,0.0,0.0,0.0,0.0,0.0,0.0,0.0,0.0,0.0,0.0,0.0,0.0,0.0,0.0,0.0,0.0,0.0,0.8699774705421791,0.0,0.0,0.0,0.0,0.0,0.0,0.0,0.0,0.0,0.0,0.0,0.0,0.0,0.0,0.0,0.0,0.0,0.0,0.0,0.0,0.0,0.0,0.0,0.0,0.0,0.0,0.0,0.0,0.0,0.49309147300377415,0.0,0.0,0.0,0.0,0.0,0.0,0.0,0.0,0.0,0.0,0.0,0.0,0.0,0.0,0.0,0.0,0.0,0.0,0.0,0.0,0.0,0.0,0.0,0.0,0.0,0.0,0.0,0.0,0.0,0.0,0.0,0.0,0.0,0.0,0.0,0.0,0.0,0.0,0.0,0.0,0.0,0.0,0.0,0.0,0.0,0.0,0.0,0.0,0.0
5.0,2024-09-25,"대한민국 빵집의 성지이자 끝판왕 성심당 본점이다.
빵의 퀄리티는 말할것도 없고 종류도 많으며 가격도 남는게 있나 싶을 정도로 싸다.
손님들의 행렬로 마치 놀이기구 타러 간 거 마...",0,102,대한민국 빵집의 성지이자 끝판왕 성심당 본점이다 빵의 퀄리티는 말할것도 없고 종류도 많으며 가격도 남는게 있나 싶을 정도로 싸다 손님들의 행렬로 마치 놀이기구 타러 간 거 마,대한민국 빵집 성지이자 끝판왕 성심당 본점이다 빵의 퀄리티 말할것 없고 종류 많으며 가격 남는게 있나 싶을 싸다 손님들 행렬 마치 놀이기구 타러,2024,9,2024-09,3,2,수,0,97,22,긍정,0,0.35383492456473176,0.0,0.0,0.0,0.0,0.0,0.0,0.0,0.0,0.0,0.0,0.0,0.0,0.0,0.0,0.0,0.0,0.0,0.0,0.0,0.0,0.0,0.0,0.0,0.0,0.0,0.0,0.0,0.0,0.0,0.0,0.0,0.0,0.0,0.0,0.0,0.0,0.0,0.0,0.0,0.0,0.0,0.0,0.0,0.0,0.0,0.0,0.0,0.0,0.431002014944684,0.0,0.0,0.0,0.0,0.0,0.0,0.299786843878192,0.0,0.0,0.0,0.5854242451502902,0.0,0.0,0.0,0.0,0.0,0.0,0.0,0.0,0.0,0.0,0.0,0.0,0.0,0.0,0.0,0.0,0.5064034070774587,0.0,0.0,0.0,0.0,0.0,0.0,0.0,0.0,0.0,0.0,0.0,0.0,0.0,0.0,0.0,0.0,0.0,0.0,0.0,0.0,0.0,0.0
5.0,2024-09-29,근처 주차장 여러곳 할인권줘서 주차비 부담은 별로 없었어요. 줄은 길었지만 금방 빠져서 기다릴만했고 직원분들이 다들 친절하셔서 감사했었습니다. 빵값이 엄청 싸고 맛은 뭐 말할필요없이 맛있네요. 다들 왜 성심당 성심당하는지 알겠어요.,0,129,근처 주차장 여러곳 할인권줘서 주차비 부담은 별로 없었어요 줄은 길었지만 금방 빠져서 기다릴만했고 직원분들이 다들 친절하셔서 감사했었습니다 빵값이 엄청 싸고 맛은 뭐 말할필요없이 맛있네요 다들 왜 성심당 성심당하는지 알겠어요,근처 주차장 여러곳 할인권줘서 주차비 부담 별로 없었어요 줄은 길었지 금방 빠져서 기다릴만했고 직원분들 다들 친절하셔서 감사했었습니다 빵값 싸고 맛은 말할필요없 맛있네요 다들 성심당 성심당하는지 알겠어요,2024,9,2024-09,3,6,일,1,125,26,긍정,1,0.0,0.0,0.0,0.0,0.0,0.0,0.27501594812728164,0.0,0.6074650971491404,0.0,0.0,0.0,0.0,0.0,0.0,0.0,0.0,0.0,0.0,0.0,0.0,0.0,0.0,0.27975027861644014,0.0,0.0,0.2967659699439722,0.0,0.0,0.0,0.0,0.0,0.0,0.0,0.0,0.0,0.0,0.0,0.0,0.0,0.3037325485745702,0.0,0.0,0.0,0.0,0.0,0.0,0.0,0.0,0.0,0.0,0.0,0.0,0.0,0.0,0.0,0.15553681432663316,0.0,0.0,0.2967659699439722,0.0,0.0,0.0,0.0,0.0,0.0,0.0,0.0,0.0,0.0,0.0,0.0,0.0,0.0,0.0,0.0,0.0,0.0,0.0,0.0,0.0,0.0,0.0,0.3037325485745702,0.0,0.3037325485745702,0.0,0.0,0.0,0.0,0.0,0.0,0.0,0.0,0.0,0.0,0.0,0.0,0.0,0.0
5.0,2024-09-30,가성비좋고 맛있어요,0,10,가성비좋고 맛있어요,가성비좋고 맛있어요,2024,9,2024-09,3,0,월,0,10,2,긍정,0,0.0,0.0,0.0,0.0,0.0,0.0,0.0,0.0,0.0,0.0,0.0,0.0,0.0,0.0,0.0,0.0,0.0,0.0,0.0,0.0,0.0,0.0,0.0,0.0,0.0,0.0,0.0,0.0,1.0,0.0,0.0,0.0,0.0,0.0,0.0,0.0,0.0,0.0,0.0,0.0,0.0,0.0,0.0,0.0,0.0,0.0,0.0,0.0,0.0,0.0,0.0,0.0,0.0,0.0,0.0,0.0,0.0,0.0,0.0,0.0,0.0,0.0,0.0,0.0,0.0,0.0,0.0,0.0,0.0,0.0,0.0,0.0,0.0,0.0,0.0,0.0,0.0,0.0,0.0,0.0,0.0,0.0,0.0,0.0,0.0,0.0,0.0,0.0,0.0,0.0,0.0,0.0,0.0,0.0,0.0,0.0,0.0,0.0,0.0,0.0
5.0,2024-10-01,사람이 굉장히 많았는데도 인원 통제가 잘 되었음.,0,27,사람이 굉장히 많았는데도 인원 통제가 잘 되었음,사람 굉장히 많았는데 인원 통제 되었음,2024,10,2024-10,4,1,화,0,26,6,긍정,0,0.0,0.0,0.0,0.0,0.0,0.0,0.0,0.0,0.0,0.0,0.0,0.0,0.0,0.0,0.0,0.0,0.0,0.0,0.0,0.0,0.0,0.0,0.0,0.0,0.0,0.0,0.0,0.0,0.0,0.0,0.0,0.0,0.0,0.0,0.0,0.0,0.0,0.0,0.0,0.0,0.0,0.0,0.0,0.0,0.0,0.0,0.0,0.0,0.0,0.0,1.0,0.0,0.0,0.0,0.0,0.0,0.0,0.0,0.0,0.0,0.0,0.0,0.0,0.0,0.0,0.0,0.0,0.0,0.0,0.0,0.0,0.0,0.0,0.0,0.0,0.0,0.0,0.0,0.0,0.0,0.0,0.0,0.0,0.0,0.0,0.0,0.0,0.0,0.0,0.0,0.0,0.0,0.0,0.0,0.0,0.0,0.0,0.0,0.0,0.0
5.0,2024-10-01,맛도 좋고 가격도 저렴하고 성심당이 있는 대전시가 부럽다.,0,32,맛도 좋고 가격도 저렴하고 성심당이 있는 대전시가 부럽다,맛도 좋고 가격 저렴 성심당 대전시 부럽다,2024,10,2024-10,4,1,화,0,31,7,긍정,0,0.3627356149108268,0.0,0.0,0.0,0.0,0.0,0.0,0.0,0.0,0.0,0.0,0.0,0.0,0.0,0.0,0.0,0.0,0.0,0.0,0.0,0.0,0.0,0.5053765592078956,0.0,0.0,0.0,0.0,0.0,0.0,0.0,0.0,0.0,0.0,0.0,0.0,0.0,0.0,0.0,0.0,0.0,0.0,0.0,0.0,0.0,0.0,0.0,0.0,0.0,0.0,0.0,0.0,0.0,0.0,0.0,0.0,0.0,0.30732795890654974,0.0,0.0,0.0,0.0,0.0,0.0,0.0,0.0,0.0,0.0,0.0,0.0,0.0,0.0,0.0,0.0,0.0,0.0,0.49905768482181606,0.0,0.0,0.5191419458809661,0.0,0.0,0.0,0.0,0.0,0.0,0.0,0.0,0.0,0.0,0.0,0.0,0.0,0.0,0.0,0.0,0.0,0.0,0.0,0.0,0.0
4.0,2024-10-03,"맛, 가격, 신선함 모두 아주 좋습니다. 대신 사람들 동선을 한방향으로 잡으면 회전도 질서도 더 좋을것같네요. 

An abso...",0,74,맛 가격 신선함 모두 아주 좋습니다 대신 사람들 동선을 한방향으로 잡으면 회전도 질서도 더 좋을것같네요 An abso,가격 신선함 모두 좋습니다 대신 사람들 동선 한방향 잡으면 회전 질서 좋을것같네요 An abso,2024,10,2024-10,4,3,목,0,65,14,긍정,0,0.5613647144230371,0.0,0.0,0.0,0.0,0.0,0.0,0.0,0.0,0.0,0.0,0.0,0.0,0.0,0.0,0.0,0.0,0.0,0.0,0.0,0.0,0.0,0.0,0.0,0.0,0.0,0.0,0.0,0.0,0.0,0.0,0.0,0.0,0.0,0.0,0.0,0.0,0.0,0.0,0.0,0.0,0.0,0.0,0.0,0.0,0.0,0.0,0.0,0.0,0.0,0.0,0.827568521272252,0.0,0.0,0.0,0.0,0.0,0.0,0.0,0.0,0.0,0.0,0.0,0.0,0.0,0.0,0.0,0.0,0.0,0.0,0.0,0.0,0.0,0.0,0.0,0.0,0.0,0.0,0.0,0.0,0.0,0.0,0.0,0.0,0.0,0.0,0.0,0.0,0.0,0.0,0.0,0.0,0.0,0.0,0.0,0.0,0.0,0.0,0.0,0.0
5.0,2024-10-03,"비오는 휴일에 갔는데 30분 정도 기다려서 들어갔어요
안에 시장통처럼 정신 없어서 두 번은 못 갈 것 같아요
그래도 싸고 맛있는 빵 팔아주셔서 감사합니다..!",0,88,비오는 휴일에 갔는데 30분 정도 기다려서 들어갔어요 안에 시장통처럼 정신 없어서 두 번은 못 갈 것 같아요 그래도 싸고 맛있는 빵 팔아주셔서 감사합니다,비오 휴일 갔는데 30분 기다려서 들어갔어요 안에 시장통 정신 없어서 번은 그래 싸고 맛있 팔아주셔서 감사합니다,2024,10,2024-10,4,3,목,0,85,16,긍정,1,0.0,0.0,0.0,0.0,0.38310864376809023,0.403301025665654,0.0,0.0,0.0,0.0,0.0,0.0,0.0,0.0,0.0,0.0,0.0,0.0,0.0,0.0,0.0,0.0,0.0,0.0,0.3960156053271572,0.0,0.0,0.0,0.0,0.0,0.0,0.0,0.0,0.0,0.0,0.0,0.0,0.0,0.0,0.0,0.0,0.0,0.0,0.0,0.0,0.0,0.0,0.0,0.0,0.0,0.0,0.0,0.0,0.0,0.0,0.0,0.0,0.0,0.0,0.4201030855415081,0.0,0.403301025665654,0.0,0.0,0.0,0.0,0.0,0.0,0.0,0.0,0.0,0.0,0.0,0.0,0.0,0.0,0.44114552057128187,0.0,0.0,0.0,0.0,0.0,0.0,0.0,0.0,0.0,0.0,0.0,0.0,0.0,0.0,0.0,0.0,0.0,0.0,0.0,0.0,0.0,0.0,0.0
5.0,2024-10-03,"최고다!
줄 선 가치가 있다.",0,16,최고다 줄 선 가치가 있다,최고다 가치 있다,2024,10,2024-10,4,3,목,0,14,3,긍정,0,0.0,0.0,0.0,0.0,0.0,0.0,0.0,0.0,0.0,0.0,0.0,0.0,0.0,0.0,0.0,0.0,0.0,0.0,0.0,0.0,0.0,0.0,0.0,0.0,0.0,0.0,0.0,0.0,0.0,0.0,0.0,0.0,0.0,0.0,0.0,0.0,0.0,0.0,0.0,0.0,0.0,0.0,0.0,0.0,0.0,0.0,0.0,0.0,0.0,0.0,0.0,0.0,0.0,0.0,0.0,0.0,0.0,0.0,0.0,0.0,0.0,0.0,0.0,0.0,0.0,0.0,0.0,0.0,0.0,0.0,0.0,0.0,0.0,0.0,0.0,0.0,0.0,0.0,0.0,0.0,0.0,0.0,0.0,0.0,0.0,0.0,0.0,0.0,0.0,0.0,0.0,0.0,0.0,0.0,0.0,0.0,0.0,0.0,0.0,0.0
5.0,2024-10-04,우유고로케 & 부추빵 두가지를 먹으러 다시 대전에 가고싶다,0,32,우유고로케 부추빵 두가지를 먹으러 다시 대전에 가고싶다,우유고로케 부추빵 두가지 먹으러 대전 가고싶다,2024,10,2024-10,4,4,금,0,30,6,긍정,0,0.0,0.0,0.0,0.0,0.0,0.0,0.0,0.0,0.0,0.0,0.0,0.0,0.5446187345858818,0.0,0.0,0.0,0.0,0.0,0.0,0.0,0.0,0.0,0.0,0.0,0.0,0.0,0.0,0.0,0.0,0.0,0.0,0.0,0.0,0.0,0.0,0.0,0.0,0.0,0.0,0.0,0.0,0.0,0.8386837508489553,0.0,0.0,0.0,0.0,0.0,0.0,0.0,0.0,0.0,0.0,0.0,0.0,0.0,0.0,0.0,0.0,0.0,0.0,0.0,0.0,0.0,0.0,0.0,0.0,0.0,0.0,0.0,0.0,0.0,0.0,0.0,0.0,0.0,0.0,0.0,0.0,0.0,0.0,0.0,0.0,0.0,0.0,0.0,0.0,0.0,0.0,0.0,0.0,0.0,0.0,0.0,0.0,0.0,0.0,0.0,0.0,0.0
5.0,2024-10-06,빵 저렴하고 너무 맛있어요 역시 성심당😍 근데 웨이팅 진짜 지옥... 평일 오전 일찍이 답입니다ㅎ,1,54,빵 저렴하고 너무 맛있어요 역시 성심당 근데 웨이팅 진짜 지옥 평일 오전 일찍이 답입니다,저렴 맛있어요 성심당 웨이팅 지옥 평일 오전 일찍 답입니다,2024,10,2024-10,4,6,일,1,49,9,긍정,1,0.0,0.0,0.0,0.0,0.0,0.0,0.0,0.0,0.0,0.0,0.0,0.0,0.0,0.0,0.0,0.0,0.0,0.0,0.0,0.0,0.0,0.0,0.0,0.0,0.0,0.0,0.0,0.0,0.3939888656102814,0.0,0.0,0.0,0.0,0.0,0.0,0.0,0.0,0.0,0.0,0.0,0.0,0.0,0.0,0.0,0.0,0.0,0.0,0.0,0.0,0.0,0.0,0.0,0.0,0.0,0.0,0.0,0.2874967245595767,0.0,0.0,0.0,0.0,0.0,0.46124667069059594,0.39698437582419016,0.0,0.0,0.0,0.0,0.0,0.0,0.0,0.0,0.0,0.0,0.0,0.4668545298092628,0.0,0.0,0.0,0.0,0.0,0.0,0.0,0.0,0.0,0.0,0.0,0.0,0.0,0.0,0.0,0.0,0.0,0.0,0.0,0.41691746097702587,0.0,0.0,0.0,0.0
5.0,2024-10-08,가성비는 말할것도 없고 친절하시고 맛도있고 집 근처면 매일 오고싶다,0,37,가성비는 말할것도 없고 친절하시고 맛도있고 집 근처면 매일 오고싶다,가성비 말할것 없고 친절하시고 맛도있고 근처면 매일 오고싶다,2024,10,2024-10,4,1,화,0,37,8,긍정,0,0.0,0.0,0.0,0.568769343403553,0.0,0.0,0.0,0.0,0.0,0.0,0.0,0.0,0.0,0.0,0.0,0.0,0.0,0.0,0.0,0.0,0.0,0.0,0.0,0.0,0.0,0.0,0.0,0.0,0.0,0.0,0.0,0.0,0.0,0.0,0.0,0.0,0.0,0.0,0.0,0.0,0.0,0.0,0.0,0.0,0.0,0.0,0.0,0.0,0.0,0.0,0.0,0.0,0.0,0.0,0.0,0.0,0.0,0.0,0.0,0.0,0.8224970723378237,0.0,0.0,0.0,0.0,0.0,0.0,0.0,0.0,0.0,0.0,0.0,0.0,0.0,0.0,0.0,0.0,0.0,0.0,0.0,0.0,0.0,0.0,0.0,0.0,0.0,0.0,0.0,0.0,0.0,0.0,0.0,0.0,0.0,0.0,0.0,0.0,0.0,0.0,0.0
5.0,2024-10-09,"한글날 성심당 오전에 가니 20분정도 줄서면 되었어요~ 성심당은 어느지점이던지 직원분들도 참 친절하셔서 좋아요~~^^
성심당가고싶어서 빵순이인 제가 초1딸과 7개...",0,93,한글날 성심당 오전에 가니 20분정도 줄서면 되었어요 성심당은 어느지점이던지 직원분들도 참 친절하셔서 좋아요 성심당가고싶어서 빵순이인 제가 초1딸과 7개,한글날 성심당 오전 가니 20분정 줄서면 되었어요 성심당 어느지점이던지 직원분들 친절하셔서 좋아요 성심당가고싶어서 빵순이인 초1딸 7개,2024,10,2024-10,4,2,수,0,85,16,긍정,1,0.0,0.0,0.0,0.0,0.0,0.0,0.0,0.0,0.0,0.0,0.0,0.0,0.0,0.0,0.0,0.0,0.0,0.0,0.0,0.0,0.0,0.0,0.0,0.0,0.0,0.0,0.0,0.0,0.0,0.0,0.0,0.0,0.0,0.0,0.0,0.0,0.0,0.0,0.0,0.0,0.0,0.0,0.0,0.0,0.0,0.0,0.0,0.0,0.0,0.0,0.0,0.0,0.0,0.0,0.0,0.0,0.5496326172974442,0.0,0.0,0.0,0.0,0.0,0.4409027880574506,0.0,0.0,0.0,0.0,0.0,0.0,0.0,0.0,0.0,0.0,0.0,0.0,0.0,0.0,0.0,0.0,0.46422288990343213,0.0,0.0,0.0,0.0,0.0,0.5366617426048123,0.0,0.0,0.0,0.0,0.0,0.0,0.0,0.0,0.0,0.0,0.0,0.0,0.0,0.0
4.0,2024-10-13,예약하면 줄 안서고 바로 픽업할 수 있어서 좋네요,0,27,예약하면 줄 안서고 바로 픽업할 수 있어서 좋네요,예약하면 안서고 바로 픽업할 있어서 좋네요,2024,10,2024-10,4,6,일,1,27,6,긍정,0,0.0,0.0,0.0,0.0,0.0,0.0,0.0,0.0,0.0,0.0,0.0,0.0,0.0,0.0,0.0,0.0,0.0,0.0,0.0,0.0,0.0,0.0,0.0,0.0,0.0,0.0,0.0,0.0,0.0,0.0,0.0,0.0,0.0,0.0,0.0,0.0,0.0,0.0,0.0,0.0,0.0,0.0,0.0,0.0,0.0,0.0,0.0,0.0,0.0,0.0,0.0,0.0,0.0,0.0,0.0,0.0,0.0,0.0,0.0,0.0,0.0,0.0,0.0,0.0,0.0,0.0,0.0,0.0,0.0,0.0,0.0,0.0,1.0,0.0,0.0,0.0,0.0,0.0,0.0,0.0,0.0,0.0,0.0,0.0,0.0,0.0,0.0,0.0,0.0,0.0,0.0,0.0,0.0,0.0,0.0,0.0,0.0,0.0,0.0,0.0
5.0,2024-10-16,"대전 살고싶네요,,",0,10,대전 살고싶네요,대전 살고싶네요,2024,10,2024-10,4,2,수,0,8,2,긍정,0,0.0,0.0,0.0,0.0,0.0,0.0,0.0,0.0,0.0,0.0,0.0,0.0,1.0,0.0,0.0,0.0,0.0,0.0,0.0,0.0,0.0,0.0,0.0,0.0,0.0,0.0,0.0,0.0,0.0,0.0,0.0,0.0,0.0,0.0,0.0,0.0,0.0,0.0,0.0,0.0,0.0,0.0,0.0,0.0,0.0,0.0,0.0,0.0,0.0,0.0,0.0,0.0,0.0,0.0,0.0,0.0,0.0,0.0,0.0,0.0,0.0,0.0,0.0,0.0,0.0,0.0,0.0,0.0,0.0,0.0,0.0,0.0,0.0,0.0,0.0,0.0,0.0,0.0,0.0,0.0,0.0,0.0,0.0,0.0,0.0,0.0,0.0,0.0,0.0,0.0,0.0,0.0,0.0,0.0,0.0,0.0,0.0,0.0,0.0,0.0
5.0,2024-10-22,빵 가격이 착하고 맛있어요!,0,15,빵 가격이 착하고 맛있어요,가격 맛있어요,2024,10,2024-10,4,1,화,0,14,2,긍정,0,0.6525903302265038,0.0,0.0,0.0,0.0,0.0,0.0,0.0,0.0,0.0,0.0,0.0,0.0,0.0,0.0,0.0,0.0,0.0,0.0,0.0,0.0,0.0,0.0,0.0,0.0,0.0,0.0,0.0,0.7577109349183649,0.0,0.0,0.0,0.0,0.0,0.0,0.0,0.0,0.0,0.0,0.0,0.0,0.0,0.0,0.0,0.0,0.0,0.0,0.0,0.0,0.0,0.0,0.0,0.0,0.0,0.0,0.0,0.0,0.0,0.0,0.0,0.0,0.0,0.0,0.0,0.0,0.0,0.0,0.0,0.0,0.0,0.0,0.0,0.0,0.0,0.0,0.0,0.0,0.0,0.0,0.0,0.0,0.0,0.0,0.0,0.0,0.0,0.0,0.0,0.0,0.0,0.0,0.0,0.0,0.0,0.0,0.0,0.0,0.0,0.0,0.0
5.0,2024-10-23,"역시 성심당은 성심당이다. 말이 필요 없습니다. 특히 가성비가 진짜 대단합니다... 깜짝 놀랄 정도랍니다
하나 놀란 점이라면 제품명을 정확히는 모르지만...",0,87,역시 성심당은 성심당이다 말이 필요 없습니다 특히 가성비가 진짜 대단합니다 깜짝 놀랄 정도랍니다 하나 놀란 점이라면 제품명을 정확히는 모르지만,성심당 성심당이다 말이 필요 없습니다 특히 가성비 대단합니다 깜짝 놀랄 정도랍니다 하나 놀란 점이라면 제품명 정확히 모르지,2024,10,2024-10,4,2,수,0,79,17,긍정,0,0.0,0.0,0.0,0.36884491556894605,0.0,0.0,0.0,0.0,0.0,0.0,0.0,0.0,0.0,0.0,0.0,0.0,0.0,0.0,0.0,0.0,0.0,0.533386453965224,0.0,0.0,0.0,0.0,0.0,0.0,0.0,0.0,0.0,0.0,0.0,0.0,0.0,0.0,0.0,0.0,0.0,0.0,0.0,0.0,0.0,0.0,0.0,0.0,0.0,0.0,0.0,0.0,0.0,0.0,0.0,0.0,0.0,0.0,0.273139083196947,0.0,0.0,0.0,0.0,0.0,0.0,0.0,0.0,0.0,0.0,0.0,0.0,0.0,0.0,0.0,0.0,0.0,0.0,0.0,0.0,0.0,0.0,0.0,0.0,0.0,0.0,0.0,0.0,0.0,0.0,0.0,0.0,0.0,0.0,0.0,0.0,0.0,0.4829570687893547,0.0,0.5211524056569891,0.0,0.0,0.0
3.0,2024-10-23,"하도 성심당 성심당 하길래 대전간김에 왕창 사왔지만…
그냥 먹어봤으니 된 것 같다. 빵 종류 많고 확실히 저렴하긴 한 것 같은데 딱 그런 맛이랄까..? 특히 소금빵은 맛없어서 놀람. 요즘 워낙 맛있는 빵집 많아서 굳이 여기거 안 사먹을 듯",0,133,하도 성심당 성심당 하길래 대전간김에 왕창 사왔지만 그냥 먹어봤으니 된 것 같다 빵 종류 많고 확실히 저렴하긴 한 것 같은데 딱 그런 맛이랄까 특히 소금빵은 맛없어서 놀람 요즘 워낙 맛있는 빵집 많아서 굳이 여기거 안 사먹을 듯,하도 성심당 성심당 하길래 대전간김 왕창 사왔지 먹어봤으니 같다 종류 많고 확실히 저렴하긴 같은데 맛이랄까 특히 소금빵 맛없어서 놀람 요즘 워낙 맛있 빵집 많아서 굳이 여기거 사먹,2024,10,2024-10,4,2,수,0,127,27,중립,0,0.0,0.0,0.0,0.0,0.0,0.0,0.0,0.0,0.0,0.0,0.0,0.0,0.0,0.0,0.0,0.33507017324718097,0.0,0.31952089254205746,0.0,0.0,0.0,0.0,0.0,0.0,0.3664882672921894,0.0,0.0,0.0,0.0,0.0,0.0,0.0,0.0,0.0,0.0,0.0,0.0,0.0,0.0,0.0,0.0,0.0,0.0,0.0,0.0,0.0,0.0,0.0,0.0,0.2929472855221646,0.0,0.0,0.0,0.0,0.0,0.0,0.4075235804205908,0.38877975976986473,0.0,0.0,0.0,0.0,0.0,0.0,0.0,0.0,0.0,0.0,0.0,0.0,0.0,0.0,0.0,0.0,0.0,0.0,0.0,0.34419677481451405,0.0,0.0,0.0,0.0,0.0,0.0,0.0,0.0,0.0,0.0,0.0,0.0,0.0,0.0,0.0,0.0,0.3602860336917746,0.0,0.0,0.0,0.0,0.0
5.0,2024-10-23,사람이 많아서 웨이팅 필수에 빵 고를 때도 정신 없으나.. 빵 먹어보면 재방문 의향 생김,0,49,사람이 많아서 웨이팅 필수에 빵 고를 때도 정신 없으나 빵 먹어보면 재방문 의향 생김,사람 많아서 웨이팅 필수 고를 때도 정신 없으나 먹어보면 재방문 의향 생김,2024,10,2024-10,4,2,수,0,47,12,긍정,1,0.0,0.0,0.0,0.0,0.0,0.0,0.0,0.0,0.0,0.0,0.0,0.0,0.0,0.0,0.0,0.0,0.0,0.5059721502838598,0.0,0.0,0.0,0.0,0.0,0.0,0.0,0.0,0.0,0.0,0.0,0.0,0.0,0.0,0.0,0.0,0.0,0.0,0.0,0.0,0.0,0.0,0.0,0.0,0.0,0.0,0.0,0.0,0.0,0.0,0.0,0.0,0.3571311407656754,0.0,0.0,0.0,0.0,0.0,0.0,0.0,0.0,0.0,0.0,0.0,0.0,0.4455440141567077,0.0,0.0,0.0,0.0,0.0,0.0,0.0,0.0,0.0,0.0,0.0,0.0,0.6464828403613369,0.0,0.0,0.0,0.0,0.0,0.0,0.0,0.0,0.0,0.0,0.0,0.0,0.0,0.0,0.0,0.0,0.0,0.0,0.0,0.0,0.0,0.0,0.0
5.0,2024-10-29,"한 도시를 대표하는 빵집일만 하네요
다 맛있고 싸고 다 좋아요",0,34,한 도시를 대표하는 빵집일만 하네요 다 맛있고 싸고 다 좋아요,도시 대표하 빵집일 하네요 맛있고 싸고 좋아요,2024,10,2024-10,4,1,화,0,34,7,긍정,0,0.0,0.0,0.0,0.0,0.0,0.0,0.0,0.0,0.0,0.0,0.0,0.0,0.0,0.0,0.0,0.0,0.0,0.0,0.0,0.0,0.0,0.0,0.0,0.0,0.0,0.5048083730579563,0.0,0.0,0.0,0.0,0.0,0.0,0.0,0.0,0.0,0.0,0.0,0.0,0.0,0.0,0.0,0.0,0.0,0.0,0.0,0.0,0.0,0.0,0.0,0.0,0.0,0.0,0.0,0.0,0.0,0.0,0.0,0.0,0.0,0.6463294390176674,0.0,0.0,0.0,0.0,0.0,0.0,0.0,0.0,0.0,0.0,0.0,0.0,0.0,0.0,0.0,0.0,0.0,0.0,0.0,0.5722121658525677,0.0,0.0,0.0,0.0,0.0,0.0,0.0,0.0,0.0,0.0,0.0,0.0,0.0,0.0,0.0,0.0,0.0,0.0,0.0,0.0
5.0,2024-10-31,"역시 성심당이 최고
오전부터 붐벼서 
여전처럼 여유는 없지...",0,35,역시 성심당이 최고 오전부터 붐벼서 여전처럼 여유는 없지,성심당 최고 오전 붐벼서 여전 여유 없지,2024,10,2024-10,4,3,목,0,31,7,긍정,0,0.0,0.0,0.0,0.0,0.0,0.0,0.0,0.0,0.0,0.0,0.0,0.0,0.0,0.0,0.0,0.0,0.0,0.0,0.0,0.0,0.0,0.0,0.0,0.0,0.0,0.0,0.0,0.0,0.0,0.0,0.0,0.0,0.0,0.0,0.0,0.0,0.0,0.0,0.0,0.0,0.0,0.0,0.0,0.0,0.0,0.0,0.0,0.0,0.0,0.0,0.0,0.0,0.0,0.0,0.0,0.0,0.3991046482343065,0.0,0.0,0.0,0.0,0.0,0.6403053479556009,0.0,0.0,0.0,0.0,0.0,0.0,0.0,0.0,0.0,0.0,0.0,0.0,0.0,0.0,0.0,0.0,0.0,0.0,0.0,0.0,0.0,0.0,0.0,0.0,0.6562960773440805,0.0,0.0,0.0,0.0,0.0,0.0,0.0,0.0,0.0,0.0,0.0,0.0
5.0,2024-11-02,맛있더라고요 가격도 괜찮고,0,14,맛있더라고요 가격도 괜찮고,맛있더라고요 가격 괜찮고,2024,11,2024-11,4,5,토,1,14,3,긍정,0,1.0,0.0,0.0,0.0,0.0,0.0,0.0,0.0,0.0,0.0,0.0,0.0,0.0,0.0,0.0,0.0,0.0,0.0,0.0,0.0,0.0,0.0,0.0,0.0,0.0,0.0,0.0,0.0,0.0,0.0,0.0,0.0,0.0,0.0,0.0,0.0,0.0,0.0,0.0,0.0,0.0,0.0,0.0,0.0,0.0,0.0,0.0,0.0,0.0,0.0,0.0,0.0,0.0,0.0,0.0,0.0,0.0,0.0,0.0,0.0,0.0,0.0,0.0,0.0,0.0,0.0,0.0,0.0,0.0,0.0,0.0,0.0,0.0,0.0,0.0,0.0,0.0,0.0,0.0,0.0,0.0,0.0,0.0,0.0,0.0,0.0,0.0,0.0,0.0,0.0,0.0,0.0,0.0,0.0,0.0,0.0,0.0,0.0,0.0,0.0
4.0,2024-11-02,"빵 맛은 최고!! 가격도 최고!!
하지만 그만큼 사람이 정말 많습니다!!",0,40,빵 맛은 최고 가격도 최고 하지만 그만큼 사람이 정말 많습니다,맛은 최고 가격 최고 하지 그만큼 사람 많습니다,2024,11,2024-11,4,5,토,1,34,8,긍정,0,0.26594143815709637,0.0,0.0,0.0,0.0,0.0,0.0,0.0,0.0,0.0,0.0,0.0,0.0,0.0,0.0,0.0,0.0,0.0,0.0,0.0,0.0,0.0,0.0,0.4052613756112654,0.0,0.0,0.0,0.0,0.0,0.0,0.0,0.0,0.0,0.0,0.0,0.0,0.0,0.0,0.0,0.0,0.0,0.0,0.0,0.0,0.0,0.0,0.0,0.0,0.0,0.0,0.24938797403608176,0.0,0.0,0.0,0.0,0.0,0.0,0.0,0.0,0.0,0.0,0.0,0.0,0.0,0.0,0.0,0.0,0.0,0.0,0.0,0.0,0.0,0.0,0.0,0.0,0.0,0.0,0.0,0.0,0.0,0.0,0.0,0.0,0.0,0.0,0.0,0.0,0.7410387259584262,0.0,0.0,0.0,0.0,0.0,0.0,0.0,0.0,0.0,0.3920530754179738,0.0,0.0
1.0,2024-11-05,별로 동네 빵집. 맛없는 동네 빵집보다 못함.,0,25,별로 동네 빵집 맛없는 동네 빵집보다 못함,별로 동네 빵집 맛없 동네 빵집 못함,2024,11,2024-11,4,1,화,0,23,7,부정,0,0.0,0.0,0.0,0.0,0.0,0.0,0.0,0.0,0.0,0.0,0.0,0.0,0.0,0.0,0.0,0.0,0.0,0.0,0.0,0.0,0.0,0.0,0.0,0.0,0.0,0.0,0.0,0.0,0.0,0.0,0.0,0.0,0.0,0.0,0.0,0.0,0.0,0.0,0.0,0.0,0.5618252928623928,0.0,0.0,0.0,0.0,0.0,0.0,0.0,0.0,0.8272559098006412,0.0,0.0,0.0,0.0,0.0,0.0,0.0,0.0,0.0,0.0,0.0,0.0,0.0,0.0,0.0,0.0,0.0,0.0,0.0,0.0,0.0,0.0,0.0,0.0,0.0,0.0,0.0,0.0,0.0,0.0,0.0,0.0,0.0,0.0,0.0,0.0,0.0,0.0,0.0,0.0,0.0,0.0,0.0,0.0,0.0,0.0,0.0,0.0,0.0,0.0
5.0,2024-11-11,웨이팅은 빨리 줄어드나 빵고르는데 너무너무너무 정신없어요... 다들 조금만 배려하면 좋을텐데 왜이렇게 밀어대는건지ㅠㅠ 빵 저렴하고 맛있어요!! 드디어 가봐서 좋아요,0,91,웨이팅은 빨리 줄어드나 빵고르는데 너무너무너무 정신없어요 다들 조금만 배려하면 좋을텐데 왜이렇게 밀어대는건지 빵 저렴하고 맛있어요 드디어 가봐서 좋아요,웨이팅 빨리 줄어드나 빵고르는데 너무너무너무 정신없어요 다들 배려하면 좋을텐데 왜이렇게 밀어대는건지 저렴 맛있어요 드디어 가봐서 좋아요,2024,11,2024-11,4,0,월,0,84,16,긍정,1,0.0,0.0,0.0,0.0,0.0,0.0,0.0,0.0,0.4849537654002307,0.0,0.0,0.0,0.0,0.0,0.0,0.0,0.0,0.0,0.0,0.0,0.0,0.0,0.0,0.0,0.0,0.0,0.0,0.0,0.3403245261118733,0.0,0.0,0.0,0.0,0.0,0.0,0.0,0.0,0.0,0.0,0.0,0.0,0.0,0.0,0.43910348171557817,0.0,0.0,0.0,0.0,0.0,0.0,0.0,0.0,0.0,0.0,0.0,0.0,0.0,0.0,0.0,0.0,0.0,0.0,0.0,0.34291202459976244,0.0,0.0,0.0,0.0,0.0,0.0,0.0,0.0,0.0,0.0,0.0,0.403265321659315,0.0,0.0,0.0,0.4194944796156734,0.0,0.0,0.0,0.0,0.0,0.0,0.0,0.0,0.0,0.0,0.0,0.0,0.0,0.0,0.0,0.0,0.0,0.0,0.0,0.0
5.0,2024-11-15,알밤시루 크게 기대 안했는데 적당히 달달하고 맛있어요 행복해요 영원하라 성심당,0,43,알밤시루 크게 기대 안했는데 적당히 달달하고 맛있어요 행복해요 영원하라 성심당,알밤시루 크게 기대 안했는데 적당히 달달 맛있어요 행복해요 영원하라 성심당,2024,11,2024-11,4,4,금,0,43,10,긍정,0,0.0,0.0,0.0,0.0,0.0,0.0,0.0,0.0,0.0,0.0,0.0,0.0,0.0,0.0,0.0,0.0,0.0,0.0,0.0,0.0,0.0,0.0,0.0,0.0,0.0,0.0,0.0,0.0,0.8077994062291927,0.0,0.0,0.0,0.0,0.0,0.0,0.0,0.0,0.0,0.0,0.0,0.0,0.0,0.0,0.0,0.0,0.0,0.0,0.0,0.0,0.0,0.0,0.0,0.0,0.0,0.0,0.0,0.5894574787851653,0.0,0.0,0.0,0.0,0.0,0.0,0.0,0.0,0.0,0.0,0.0,0.0,0.0,0.0,0.0,0.0,0.0,0.0,0.0,0.0,0.0,0.0,0.0,0.0,0.0,0.0,0.0,0.0,0.0,0.0,0.0,0.0,0.0,0.0,0.0,0.0,0.0,0.0,0.0,0.0,0.0,0.0,0.0
5.0,2024-11-16,토요일 13시53분의 빵 라인업,0,17,토요일 13시53분의 빵 라인업,토요일 13시53분 라인업,2024,11,2024-11,4,5,토,1,17,3,긍정,0,0.0,0.0,0.0,0.0,0.0,0.0,0.0,0.0,0.0,0.0,0.0,0.0,0.0,0.0,0.0,0.0,0.0,0.0,0.0,0.0,0.0,0.0,0.0,0.0,0.0,0.0,0.0,0.0,0.0,0.0,0.0,0.0,0.0,0.0,0.0,0.0,0.0,0.0,0.0,0.0,0.0,0.0,0.0,0.0,0.0,0.0,0.0,0.0,0.0,0.0,0.0,0.0,0.0,0.0,0.0,0.0,0.0,0.0,0.0,0.0,0.0,0.0,0.0,0.0,0.0,0.0,0.0,0.0,0.0,0.0,0.0,0.0,0.0,0.0,0.0,0.0,0.0,0.0,0.0,0.0,0.0,0.0,0.0,0.0,0.0,0.0,0.0,0.0,0.0,0.0,1.0,0.0,0.0,0.0,0.0,0.0,0.0,0.0,0.0,0.0
5.0,2024-11-17,"주말에 줄서기 싫었는데...
앞으로는 평일에만 가야겠네요 😀",1,33,주말에 줄서기 싫었는데 앞으로는 평일에만 가야겠네요,주말 줄서기 싫었는데 평일 가야겠네요,2024,11,2024-11,4,6,일,1,28,5,긍정,1,0.0,0.0,0.0,0.0,0.0,0.0,0.0,0.0,0.0,0.0,0.0,0.0,0.0,0.0,0.0,0.0,0.0,0.0,0.0,0.0,0.0,0.0,0.0,0.0,0.0,0.0,0.0,0.0,0.0,0.0,0.0,0.0,0.0,0.0,0.0,0.0,0.0,0.0,0.0,0.0,0.0,0.0,0.0,0.0,0.0,0.0,0.0,0.0,0.0,0.0,0.0,0.0,0.0,0.0,0.0,0.0,0.0,0.0,0.0,0.0,0.0,0.0,0.0,0.0,0.0,0.0,0.0,0.0,0.0,0.0,0.0,0.0,0.0,0.0,0.0,0.0,0.0,0.0,0.0,0.0,0.0,0.7458717317467507,0.0,0.0,0.0,0.0,0.0,0.0,0.0,0.0,0.0,0.0,0.0,0.0,0.0,0.6660896034176657,0.0,0.0,0.0,0.0
5.0,2024-11-22,"대전의 자랑이라고하니 그냥5점 줌
퀸아망3300원굿! / 떠알밤9000원X 1인2개만 허용할정도로 인기라니 이해불가+밥한끼값 / 야채고로케X 기름이 너무 많아 냅킨몇장 다 젖음. 후렌치...",0,106,대전의 자랑이라고하니 그냥5점 줌 퀸아망3300원굿 떠알밤9000원X 1인2개만 허용할정도로 인기라니 이해불가 밥한끼값 야채고로케X 기름이 너무 많아 냅킨몇장 다 젖음 후렌치,대전 자랑이라고하니 그냥5점 퀸아망3300원굿 떠알밤9000원X 1인2개 허용할정 인기라니 이해불 밥한끼값 야채고로케X 기름 많아 냅킨몇장 젖음 후렌치,2024,11,2024-11,4,4,금,0,97,16,긍정,0,0.0,0.0,0.0,0.0,0.0,0.0,0.0,0.0,0.0,0.0,0.0,0.0,0.49327189773277313,0.0,0.0,0.0,0.8698751835218134,0.0,0.0,0.0,0.0,0.0,0.0,0.0,0.0,0.0,0.0,0.0,0.0,0.0,0.0,0.0,0.0,0.0,0.0,0.0,0.0,0.0,0.0,0.0,0.0,0.0,0.0,0.0,0.0,0.0,0.0,0.0,0.0,0.0,0.0,0.0,0.0,0.0,0.0,0.0,0.0,0.0,0.0,0.0,0.0,0.0,0.0,0.0,0.0,0.0,0.0,0.0,0.0,0.0,0.0,0.0,0.0,0.0,0.0,0.0,0.0,0.0,0.0,0.0,0.0,0.0,0.0,0.0,0.0,0.0,0.0,0.0,0.0,0.0,0.0,0.0,0.0,0.0,0.0,0.0,0.0,0.0,0.0,0.0
5.0,2024-11-26,"빵사러 왕복 5시간.
두번째 감.
나는 빵 안좋아 함.
근데도 1년에 한번은 무조건 가는 ...",0,53,빵사러 왕복 5시간 두번째 감 나는 빵 안좋아 함 근데도 1년에 한번은 무조건 가는,빵사러 왕복 5시간 두번째 나는 안좋아 1년 한번 무조건 가는,2024,11,2024-11,4,1,화,0,46,10,긍정,0,0.0,0.0,0.0,0.0,0.0,0.0,0.0,0.0,0.0,0.0,0.0,0.0,0.0,0.0,0.0,0.0,0.0,0.0,0.0,0.0,0.0,0.0,0.0,0.0,0.0,0.0,0.0,0.0,0.0,0.0,0.0,0.0,0.0,0.0,0.0,0.0,0.0,1.0,0.0,0.0,0.0,0.0,0.0,0.0,0.0,0.0,0.0,0.0,0.0,0.0,0.0,0.0,0.0,0.0,0.0,0.0,0.0,0.0,0.0,0.0,0.0,0.0,0.0,0.0,0.0,0.0,0.0,0.0,0.0,0.0,0.0,0.0,0.0,0.0,0.0,0.0,0.0,0.0,0.0,0.0,0.0,0.0,0.0,0.0,0.0,0.0,0.0,0.0,0.0,0.0,0.0,0.0,0.0,0.0,0.0,0.0,0.0,0.0,0.0,0.0
5.0,2024-12-07,항상 애용하는 대전의 자랑.,0,15,항상 애용하는 대전의 자랑,애용하 대전 자랑,2024,12,2024-12,4,5,토,1,14,3,긍정,0,0.0,0.0,0.0,0.0,0.0,0.0,0.0,0.0,0.0,0.0,0.0,0.0,1.0,0.0,0.0,0.0,0.0,0.0,0.0,0.0,0.0,0.0,0.0,0.0,0.0,0.0,0.0,0.0,0.0,0.0,0.0,0.0,0.0,0.0,0.0,0.0,0.0,0.0,0.0,0.0,0.0,0.0,0.0,0.0,0.0,0.0,0.0,0.0,0.0,0.0,0.0,0.0,0.0,0.0,0.0,0.0,0.0,0.0,0.0,0.0,0.0,0.0,0.0,0.0,0.0,0.0,0.0,0.0,0.0,0.0,0.0,0.0,0.0,0.0,0.0,0.0,0.0,0.0,0.0,0.0,0.0,0.0,0.0,0.0,0.0,0.0,0.0,0.0,0.0,0.0,0.0,0.0,0.0,0.0,0.0,0.0,0.0,0.0,0.0,0.0
5.0,2024-12-25,"너무너무너무 맛있어요
들어가는데 시간 오래 걸리는것도 아니고 줄도 안밀리게 할려고 계산 하는 곳도 많고 
빵도 가격 저렴하고 맛있어요 ㅠ 특히 명란바게트 미쳤어용..",0,92,너무너무너무 맛있어요 들어가는데 시간 오래 걸리는것도 아니고 줄도 안밀리게 할려고 계산 하는 곳도 많고 빵도 가격 저렴하고 맛있어요 특히 명란바게트 미쳤어용,너무너무너무 맛있어요 들어가는데 시간 오래 걸리는것 아니고 줄도 안밀리게 할려고 계산 곳도 많고 빵도 가격 저렴 맛있어요 특히 명란바게트 미쳤어용,2024,12,2024-12,4,2,수,0,87,20,긍정,0,0.2505703814220466,0.0,0.0,0.0,0.0,0.0,0.0,0.0,0.0,0.0,0.0,0.0,0.0,0.0,0.0,0.34910384312170345,0.0,0.0,0.0,0.0,0.0,0.0,0.0,0.0,0.0,0.0,0.0,0.0,0.5818655569237529,0.0,0.0,0.0,0.0,0.0,0.0,0.0,0.33290331533574524,0.0,0.0,0.0,0.0,0.0,0.0,0.0,0.3258787210003913,0.0,0.0,0.0,0.0,0.0,0.0,0.0,0.0,0.0,0.0,0.0,0.0,0.0,0.0,0.0,0.0,0.0,0.0,0.0,0.0,0.0,0.0,0.0,0.0,0.0,0.0,0.0,0.0,0.0,0.0,0.3447388932794687,0.0,0.0,0.0,0.0,0.0,0.0,0.0,0.0,0.0,0.0,0.0,0.0,0.0,0.0,0.0,0.0,0.0,0.0,0.3753758138659757,0.0,0.0,0.0,0.0,0.0
5.0,2024-12-25,평일인데도 길게 늘어진 줄에 당황했으나 금방 들어갈 수 있었음. 따로 줄이 없다고 계속 안내방송 해주셔서 원하는 빵을 담기위해 돌아다님. 그치만 사람이 너무 많아서 치이는 건 어쩔 수 없는 듯.. 빵을 계속 굽고 계셔서 ...,0,126,평일인데도 길게 늘어진 줄에 당황했으나 금방 들어갈 수 있었음 따로 줄이 없다고 계속 안내방송 해주셔서 원하는 빵을 담기위해 돌아다님 그치만 사람이 너무 많아서 치이는 건 어쩔 수 없는 듯 빵을 계속 굽고 계셔서,평일인데 길게 늘어진 줄에 당황했으나 금방 들어갈 있었음 따로 줄이 없다고 계속 안내방송 해주셔서 원하 빵을 담기위해 돌아다님 그치 사람 많아서 치이 어쩔 빵을 계속 굽고 계셔서,2024,12,2024-12,4,2,수,0,118,27,긍정,0,0.0,0.0,0.0,0.0,0.0,0.0,0.41417366866205796,0.0,0.0,0.0,0.0,0.0,0.0,0.0,0.0,0.0,0.0,0.3673113246225187,0.0,0.0,0.0,0.0,0.0,0.0,0.0,0.0,0.0,0.0,0.0,0.0,0.0,0.0,0.0,0.0,0.0,0.0,0.0,0.0,0.0,0.0,0.0,0.0,0.0,0.0,0.0,0.0,0.0,0.711848841787181,0.0,0.0,0.2592599460365515,0.0,0.0,0.0,0.0,0.0,0.0,0.0,0.0,0.0,0.0,0.0,0.0,0.0,0.0,0.0,0.0,0.0,0.0,0.0,0.0,0.0,0.0,0.0,0.0,0.0,0.0,0.0,0.0,0.0,0.0,0.0,0.0,0.0,0.34582953867250266,0.0,0.0,0.0,0.0,0.0,0.0,0.0,0.0,0.0,0.0,0.0,0.0,0.0,0.0,0.0
4.0,2024-12-29,"포장해서 먹었는데 식어도 맛있네요 부추빵은 비추 넘 심심하고 풋내나서 먹다버렸고 소보로랑 크루와상 맛나요 명란바게트도 짭짤하니 맛있네요
사기전에 대기가 길었어요 고를때도 후다닥!! 이용방법. 숙지하시고 가세요 미...",0,121,포장해서 먹었는데 식어도 맛있네요 부추빵은 비추 넘 심심하고 풋내나서 먹다버렸고 소보로랑 크루와상 맛나요 명란바게트도 짭짤하니 맛있네요 사기전에 대기가 길었어요 고를때도 후다닥 이용방법 숙지하시고 가세요 미,포장해서 먹었는데 식어 맛있네요 부추빵 비추 심심 풋내나서 먹다버렸고 소보 크루와상 맛나요 명란바게트 짭짤하니 맛있네요 사기전 대기 길었어요 고를때 후다닥 이용방법 숙지하시고 가세요,2024,12,2024-12,4,6,일,1,115,23,긍정,1,0.0,0.0,0.0,0.0,0.0,0.0,0.0,0.0,0.0,0.0,0.41059564125151377,0.0,0.0,0.0,0.0,0.0,0.0,0.0,0.0,0.0,0.0,0.0,0.0,0.0,0.0,0.0,0.7820208423573152,0.0,0.0,0.0,0.0,0.0,0.0,0.0,0.0,0.0,0.321354174513111,0.0,0.0,0.0,0.0,0.0,0.3414470911093117,0.0,0.0,0.0,0.0,0.0,0.0,0.0,0.0,0.0,0.0,0.0,0.0,0.0,0.0,0.0,0.0,0.0,0.0,0.0,0.0,0.0,0.0,0.0,0.0,0.0,0.0,0.0,0.0,0.0,0.0,0.0,0.0,0.0,0.0,0.0,0.0,0.0,0.0,0.0,0.0,0.0,0.0,0.0,0.0,0.0,0.0,0.0,0.0,0.0,0.0,0.0,0.0,0.0,0.0,0.0,0.0,0.0
4.0,2025-01-03,오전에 갔는데 사람 정말 많았음. 내부에선 줄을 안 서는데 사람이 넘 많아서 빵 보고 고르려면 줄을 설 수 밖에 없어짐ㅋ.. 직원분은 줄 서지마시라 하는데 불가항력이었네요~ 계산대는 진짜 줄이 없긴 했어요. 빵은 ...,0,122,오전에 갔는데 사람 정말 많았음 내부에선 줄을 안 서는데 사람이 넘 많아서 빵 보고 고르려면 줄을 설 수 밖에 없어짐 직원분은 줄 서지마시라 하는데 불가항력이었네요 계산대는 진짜 줄이 없긴 했어요 빵은,오전 갔는데 사람 많았음 내부에선 줄을 서는데 사람 많아서 보고 고르려면 줄을 밖에 없어짐 직원분 서지마시라 하는데 불가항력이었네요 계산대 줄이 없긴 빵은,2025,1,2025-01,1,4,금,0,112,22,긍정,1,0.0,0.0,0.0,0.0,0.3814316751084555,0.0,0.0,0.0,0.0,0.0,0.0,0.0,0.0,0.0,0.0,0.0,0.0,0.343752835645295,0.0,0.0,0.0,0.0,0.0,0.0,0.0,0.0,0.0,0.0,0.0,0.0,0.0,0.0,0.0,0.0,0.0,0.0,0.0,0.0,0.40948101284433264,0.0,0.0,0.0,0.0,0.0,0.0,0.0,0.3236488411860113,0.0,0.0,0.0,0.4852632393564214,0.0,0.0,0.0,0.0,0.0,0.0,0.0,0.0,0.0,0.0,0.0,0.3516981789218884,0.0,0.0,0.0,0.0,0.0,0.0,0.0,0.0,0.0,0.0,0.0,0.0,0.0,0.0,0.0,0.0,0.0,0.0,0.0,0.0,0.0,0.3236488411860113,0.0,0.0,0.0,0.0,0.0,0.0,0.0,0.0,0.0,0.0,0.0,0.0,0.0,0.0,0.0
5.0,2025-01-03,"성심당 유명한 이유가 있네요
모든 빵을 먹어보진 않았지만 고른 것마다 다 맛잇었네요 
또 갈 의향 있습니다 추천~~~",0,65,성심당 유명한 이유가 있네요 모든 빵을 먹어보진 않았지만 고른 것마다 다 맛잇었네요 또 갈 의향 있습니다 추천,성심당 유명한 이유 있네요 모든 빵을 먹어보진 않았지 고른 것마다 맛잇었네요 의향 있습니다 추천,2025,1,2025-01,1,4,금,0,61,14,긍정,0,0.0,0.0,0.0,0.0,0.0,0.0,0.0,0.0,0.0,0.0,0.0,0.0,0.0,0.0,0.0,0.0,0.0,0.0,0.0,0.0,0.0,0.0,0.0,0.0,0.0,0.0,0.0,0.0,0.0,0.0,0.0,0.0,0.0,0.0,0.0,0.0,0.0,0.0,0.0,0.0,0.0,0.0,0.0,0.0,0.0,0.0,0.0,0.4015559375932802,0.0,0.0,0.0,0.0,0.0,0.0,0.0,0.0,0.26426890800131786,0.0,0.0,0.0,0.0,0.0,0.0,0.0,0.48406136907931563,0.0,0.5042280128249758,0.0,0.0,0.0,0.0,0.5294841596261473,0.0,0.0,0.0,0.0,0.0,0.0,0.0,0.0,0.0,0.0,0.0,0.0,0.0,0.0,0.0,0.0,0.0,0.0,0.0,0.0,0.0,0.0,0.0,0.0,0.0,0.0,0.0,0.0
5.0,2025-01-05,평일 방문 강추 무조건 일찍 가셔야 됨,0,21,평일 방문 강추 무조건 일찍 가셔야 됨,평일 방문 강추 무조건 일찍 가셔야,2025,1,2025-01,1,6,일,1,21,6,긍정,0,0.0,0.0,0.0,0.0,0.0,0.0,0.0,0.0,0.0,0.0,0.0,0.0,0.0,0.0,0.0,0.0,0.0,0.0,0.0,0.0,0.0,0.0,0.0,0.0,0.0,0.0,0.0,0.0,0.0,0.0,0.0,0.0,0.0,0.0,0.0,0.0,0.0,0.6244785827747595,0.0,0.612361545468045,0.0,0.0,0.0,0.0,0.0,0.0,0.0,0.0,0.0,0.0,0.0,0.0,0.0,0.0,0.0,0.0,0.0,0.0,0.0,0.0,0.0,0.0,0.0,0.0,0.0,0.0,0.0,0.0,0.0,0.0,0.0,0.0,0.0,0.0,0.0,0.0,0.0,0.0,0.0,0.0,0.0,0.0,0.0,0.0,0.0,0.0,0.0,0.0,0.0,0.0,0.0,0.0,0.0,0.0,0.0,0.4848090730252633,0.0,0.0,0.0,0.0
5.0,2025-01-05,맛도 있고 주차도 편하고 다 좋은데 주말이나 금요일 오후에는 절대 방문하지 마세요.. 웨이팅 줄이 어마무시 합니다. 평일 오전 방문을 강력 추천 드립니다.,0,86,맛도 있고 주차도 편하고 다 좋은데 주말이나 금요일 오후에는 절대 방문하지 마세요 웨이팅 줄이 어마무시 합니다 평일 오전 방문을 강력 추천 드립니다,맛도 있고 주차 좋은데 주말 금요일 오후 절대 방문하지 마세요 웨이팅 줄이 어마무시 평일 오전 방문 강력 추천 드립니다,2025,1,2025-01,1,6,일,1,82,19,긍정,1,0.0,0.0,0.0,0.0,0.0,0.0,0.0,0.0,0.0,0.0,0.0,0.0,0.0,0.0,0.0,0.0,0.0,0.0,0.0,0.0,0.0,0.0,0.3592806077982189,0.0,0.0,0.0,0.0,0.0,0.0,0.0,0.0,0.0,0.0,0.0,0.0,0.0,0.0,0.0,0.0,0.40019817958633774,0.0,0.0,0.0,0.0,0.0,0.0,0.0,0.0,0.0,0.0,0.0,0.0,0.0,0.0,0.0,0.0,0.0,0.0,0.0,0.0,0.0,0.0,0.35052669447745144,0.30169024484990126,0.0,0.0,0.0,0.0,0.0,0.0,0.0,0.0,0.0,0.0,0.0,0.0,0.0,0.0,0.0,0.0,0.0,0.35478841482118506,0.40811705742576915,0.0,0.32257078731586697,0.0,0.0,0.0,0.0,0.0,0.0,0.0,0.0,0.0,0.0,0.31683849174976453,0.0,0.0,0.0,0.0
3.0,2025-01-06,"마싯음. 야끼소바빵 튀소 떠먹는딸기? 기억에 남게 맛잇엇음. 명란바게트, 먹물연유빵은 명성에 비해 ㅂㄹ
그치만 왤...",0,66,마싯음 야끼소바빵 튀소 떠먹는딸기 기억에 남게 맛잇엇음 명란바게트 먹물연유빵은 명성에 비해 그치만 왤,마싯음 야끼소바빵 튀소 떠먹는딸기 기억 남게 맛잇엇음 명란바게트 먹물연유빵 명성 비해 그치,2025,1,2025-01,1,0,월,0,56,12,중립,0,0.0,0.0,0.0,0.0,0.0,0.0,0.0,0.0,0.0,0.0,0.0,0.0,0.0,0.0,0.0,0.0,0.0,0.0,0.0,0.0,0.0,0.0,0.0,0.0,0.0,0.0,0.0,0.0,0.0,0.0,0.0,0.0,0.0,0.0,0.0,0.0,0.7031294794576592,0.0,0.0,0.0,0.0,0.0,0.0,0.0,0.0,0.0,0.0,0.0,0.0,0.0,0.0,0.0,0.0,0.0,0.0,0.0,0.0,0.0,0.0,0.0,0.0,0.0,0.0,0.0,0.0,0.0,0.0,0.0,0.0,0.0,0.0,0.0,0.0,0.0,0.0,0.0,0.0,0.0,0.0,0.0,0.0,0.0,0.0,0.0,0.0,0.0,0.0,0.0,0.0,0.0,0.0,0.0,0.7110618363529302,0.0,0.0,0.0,0.0,0.0,0.0,0.0
5.0,2025-01-10,"가성비가 너무 좋아서 가성비만 좋겠지 싶었는데 하나하나 맛도 너무 맛있었습니다.
성심순크림빵 너무 촉촉하게 맛있었고 튀소는 많이 먹어봐서 딸기,초코튀소, 튀소구마 먹어봤는데 딸기튀소도...",0,105,가성비가 너무 좋아서 가성비만 좋겠지 싶었는데 하나하나 맛도 너무 맛있었습니다 성심순크림빵 너무 촉촉하게 맛있었고 튀소는 많이 먹어봐서 딸기 초코튀소 튀소구마 먹어봤는데 딸기튀소도,가성비 좋아서 가성비 좋겠지 싶었는데 하나하나 맛도 맛있었습니다 성심순크림빵 촉촉하게 맛있었고 튀소 먹어봐서 딸기 초코튀소 튀소구마 먹어봤는데 딸기튀소,2025,1,2025-01,1,4,금,0,100,18,긍정,0,0.0,0.0,0.0,0.5515091115164729,0.0,0.0,0.0,0.0,0.0,0.0,0.0,0.0,0.0,0.3987685296780182,0.0,0.0,0.0,0.0,0.0,0.0,0.0,0.0,0.33579619053013193,0.0,0.0,0.0,0.0,0.0,0.0,0.0,0.0,0.0,0.0,0.4091378364014438,0.0,0.0,0.0,0.0,0.0,0.0,0.0,0.0,0.0,0.0,0.0,0.0,0.0,0.0,0.0,0.0,0.0,0.0,0.0,0.0,0.0,0.0,0.0,0.0,0.0,0.0,0.0,0.0,0.0,0.0,0.0,0.0,0.0,0.0,0.0,0.0,0.0,0.0,0.0,0.0,0.0,0.0,0.0,0.0,0.0,0.0,0.0,0.0,0.0,0.0,0.0,0.0,0.0,0.0,0.0,0.0,0.0,0.0,0.3238257044194383,0.3896221529381943,0.0,0.0,0.0,0.0,0.0,0.0
1.0,2025-01-11,"정성이 없는 공장같은 맛
서울사람인데 진짜 노맛이에요
웨이팅 없었는데 그래도 먹고나서 열받았어요 
부추빵은 선물 받아 먹었을때도 가서 ...",0,78,정성이 없는 공장같은 맛 서울사람인데 진짜 노맛이에요 웨이팅 없었는데 그래도 먹고나서 열받았어요 부추빵은 선물 받아 먹었을때도 가서,정성 공장같 서울사람인데 노맛이에요 웨이팅 없었는데 그래 먹고나서 열받았어요 부추빵 선물 받아 먹었을때 가서,2025,1,2025-01,1,5,토,1,73,14,부정,1,0.0,0.0,0.0,0.0,0.0,0.6460752133893805,0.0,0.0,0.0,0.0,0.0,0.0,0.0,0.0,0.0,0.0,0.0,0.0,0.0,0.0,0.0,0.0,0.0,0.0,0.0,0.0,0.0,0.0,0.0,0.0,0.0,0.0,0.0,0.0,0.0,0.0,0.0,0.0,0.0,0.0,0.0,0.0,0.5876851399176989,0.0,0.0,0.0,0.0,0.0,0.0,0.0,0.0,0.0,0.0,0.0,0.0,0.0,0.0,0.0,0.0,0.0,0.0,0.0,0.0,0.4870451672727912,0.0,0.0,0.0,0.0,0.0,0.0,0.0,0.0,0.0,0.0,0.0,0.0,0.0,0.0,0.0,0.0,0.0,0.0,0.0,0.0,0.0,0.0,0.0,0.0,0.0,0.0,0.0,0.0,0.0,0.0,0.0,0.0,0.0,0.0,0.0,0.0
3.0,2025-01-20,줄이 길어도 너무 길어요,0,13,줄이 길어도 너무 길어요,줄이 길어 길어요,2025,1,2025-01,1,0,월,0,13,3,중립,0,0.0,0.0,0.0,0.0,0.0,0.0,0.0,0.0,0.0,0.0,0.0,0.0,0.0,0.0,0.0,0.0,0.0,0.0,0.0,0.0,0.0,0.0,0.0,0.0,0.0,0.0,0.0,0.0,0.0,0.0,0.0,0.0,0.0,0.0,0.0,0.0,0.0,0.0,0.0,0.0,0.0,0.0,0.0,0.0,0.0,0.0,0.0,0.0,0.0,0.0,0.0,0.0,0.0,0.0,0.0,0.0,0.0,0.0,0.0,0.0,0.0,0.0,0.0,0.0,0.0,0.0,0.0,0.0,0.0,0.0,0.0,0.0,0.0,0.0,0.0,0.0,0.0,0.0,0.0,0.0,0.0,0.0,0.0,0.0,1.0,0.0,0.0,0.0,0.0,0.0,0.0,0.0,0.0,0.0,0.0,0.0,0.0,0.0,0.0,0.0
5.0,2025-01-25,성심당 부추빵과 딸기케이크.... 거의 그냥 생딸기를 쌓아올린 듯한 느낌. 맛있어요!,0,47,성심당 부추빵과 딸기케이크 거의 그냥 생딸기를 쌓아올린 듯한 느낌 맛있어요,성심당 부추빵 딸기케이크 거의 생딸기 쌓아올린 듯한 맛있어요,2025,1,2025-01,1,5,토,1,41,8,긍정,0,0.0,0.0,0.0,0.0,0.0,0.0,0.0,0.0,0.0,0.0,0.0,0.0,0.0,0.0,0.0,0.0,0.0,0.0,0.0,0.0,0.0,0.0,0.0,0.0,0.0,0.0,0.0,0.0,0.5763270375430848,0.0,0.0,0.0,0.0,0.0,0.0,0.0,0.0,0.0,0.0,0.0,0.0,0.0,0.7007029264213596,0.0,0.0,0.0,0.0,0.0,0.0,0.0,0.0,0.0,0.0,0.0,0.0,0.0,0.42055029984694375,0.0,0.0,0.0,0.0,0.0,0.0,0.0,0.0,0.0,0.0,0.0,0.0,0.0,0.0,0.0,0.0,0.0,0.0,0.0,0.0,0.0,0.0,0.0,0.0,0.0,0.0,0.0,0.0,0.0,0.0,0.0,0.0,0.0,0.0,0.0,0.0,0.0,0.0,0.0,0.0,0.0,0.0,0.0
4.0,2025-02-01,"너무 정신없음
실내에도 인원제한을 둬야할거같음",0,25,너무 정신없음 실내에도 인원제한을 둬야할거같음,정신없음 실내 인원제한 둬야할거같음,2025,2,2025-02,1,5,토,1,25,4,긍정,0,0.0,0.0,0.0,0.0,0.0,0.0,0.0,0.0,0.0,0.0,0.0,0.0,0.0,0.0,0.0,0.0,0.0,0.0,0.0,0.0,0.0,0.0,0.0,0.0,0.0,0.0,0.0,0.0,0.0,0.0,0.0,0.0,0.0,0.0,0.0,0.0,0.0,0.0,0.0,0.0,0.0,0.0,0.0,0.0,0.0,0.0,0.0,0.0,0.0,0.0,0.0,0.0,0.0,0.0,0.0,0.0,0.0,0.0,0.0,0.0,0.0,0.0,0.0,0.0,0.0,0.0,0.0,0.0,0.0,0.0,0.0,0.0,0.0,0.0,0.0,0.0,0.0,0.0,0.0,0.0,0.0,0.0,0.0,0.0,0.0,0.0,0.0,0.0,0.0,0.0,0.0,0.0,0.0,0.0,0.0,0.0,0.0,0.0,0.0,0.0
5.0,2025-02-03,"역시나 성심당이에요 
맛있고 직원분들도 친절하셔요 
가까이 없어서 한 번 가면 쓸어오게됩니다😋",1,52,역시나 성심당이에요 맛있고 직원분들도 친절하셔요 가까이 없어서 한 번 가면 쓸어오게됩니다,역시나 성심당이에요 맛있고 직원분들 친절하셔요 가까 없어서 가면 쓸어오게됩니다,2025,2,2025-02,1,0,월,0,49,9,긍정,0,0.0,0.0,0.5062124474882683,0.0,0.0,0.0,0.0,0.0,0.0,0.0,0.0,0.0,0.0,0.0,0.0,0.0,0.0,0.0,0.0,0.0,0.0,0.0,0.0,0.0,0.0,0.41941987211089427,0.0,0.0,0.0,0.0,0.0,0.0,0.0,0.0,0.0,0.0,0.0,0.0,0.0,0.0,0.0,0.0,0.0,0.0,0.0,0.0,0.0,0.0,0.0,0.0,0.0,0.0,0.0,0.0,0.0,0.0,0.0,0.0,0.0,0.0,0.0,0.5155251372179687,0.0,0.0,0.0,0.0,0.0,0.0,0.0,0.0,0.0,0.0,0.0,0.0,0.0,0.0,0.0,0.0,0.0,0.0,0.0,0.0,0.0,0.0,0.0,0.5496087351769554,0.0,0.0,0.0,0.0,0.0,0.0,0.0,0.0,0.0,0.0,0.0,0.0,0.0,0.0
5.0,2025-02-12,평일은 줄 금방 빠져요. 기다린만큼 맛있고 저렴해요.,0,29,평일은 줄 금방 빠져요 기다린만큼 맛있고 저렴해요,평일 금방 빠져요 기다린만큼 맛있고 저렴해요,2025,2,2025-02,1,2,수,0,27,6,긍정,1,0.0,0.0,0.0,0.0,0.0,0.0,0.6477997217347113,0.0,0.0,0.0,0.0,0.0,0.0,0.0,0.0,0.0,0.0,0.0,0.0,0.0,0.0,0.0,0.0,0.0,0.0,0.5459710175155335,0.0,0.0,0.0,0.0,0.0,0.0,0.0,0.0,0.0,0.0,0.0,0.0,0.0,0.0,0.0,0.0,0.0,0.0,0.0,0.0,0.0,0.0,0.0,0.0,0.0,0.0,0.0,0.0,0.0,0.0,0.0,0.0,0.0,0.0,0.0,0.0,0.0,0.0,0.0,0.0,0.0,0.0,0.0,0.0,0.0,0.0,0.0,0.0,0.0,0.0,0.0,0.0,0.0,0.0,0.0,0.0,0.0,0.0,0.0,0.0,0.0,0.0,0.0,0.0,0.0,0.0,0.0,0.0,0.0,0.5312919805092898,0.0,0.0,0.0,0.0
5.0,2025-02-14,"일요일 낮 점심 시간쯤 1시간 반정도 걸려서 입장 
빵 맛있어요 또가고싶어요",0,42,일요일 낮 점심 시간쯤 1시간 반정도 걸려서 입장 빵 맛있어요 또가고싶어요,일요일 점심 시간쯤 1시간 반정 걸려서 입장 맛있어요 또가고싶어요,2025,2,2025-02,1,4,금,0,41,9,긍정,0,0.0,0.0,0.0,0.0,0.0,0.0,0.0,0.0,0.0,0.0,0.0,0.0,0.0,0.0,0.0,0.0,0.0,0.0,0.0,0.0,0.0,0.0,0.0,0.0,0.0,0.0,0.0,0.0,0.5645549636002876,0.0,0.0,0.0,0.0,0.0,0.0,0.0,0.0,0.0,0.0,0.0,0.0,0.0,0.0,0.0,0.0,0.0,0.0,0.0,0.0,0.0,0.0,0.0,0.0,0.0,0.0,0.0,0.0,0.0,0.0,0.0,0.0,0.0,0.0,0.0,0.0,0.0,0.0,0.0,0.0,0.0,0.8253954767711524,0.0,0.0,0.0,0.0,0.0,0.0,0.0,0.0,0.0,0.0,0.0,0.0,0.0,0.0,0.0,0.0,0.0,0.0,0.0,0.0,0.0,0.0,0.0,0.0,0.0,0.0,0.0,0.0,0.0
4.0,2025-02-17,아 성버지...  이제야 깨달아요,0,18,아 성버지 이제야 깨달아요,성버지 이제야 깨달아요,2025,2,2025-02,1,0,월,0,14,3,긍정,0,0.0,0.0,0.0,0.0,0.0,0.0,0.0,0.0,0.0,0.0,0.0,0.0,0.0,0.0,0.0,0.0,0.0,0.0,0.0,0.0,0.0,0.0,0.0,0.0,0.0,0.0,0.0,0.0,0.0,0.0,0.0,0.0,0.0,0.0,0.0,0.0,0.0,0.0,0.0,0.0,0.0,0.0,0.0,0.0,0.0,0.0,0.0,0.0,0.0,0.0,0.0,0.0,0.0,0.0,0.0,0.0,0.0,0.0,0.0,0.0,0.0,0.0,0.0,0.0,0.0,0.0,0.0,0.0,0.0,0.0,0.0,0.0,0.0,0.0,0.0,0.0,0.0,0.0,0.0,0.0,0.0,0.0,0.0,0.0,0.0,0.0,0.0,0.0,0.0,0.0,0.0,0.0,0.0,0.0,0.0,0.0,0.0,0.0,0.0,0.0
5.0,2025-02-17,"역시 명불허전...... 사람 많다고는 하지만 평균 1시간정도만 기다리고 들어가는 수준ㅇㅇ
그 정도 기다릴 가치 충분함... 일단 빵값도 저렴한데 맛까지 최고니까!",0,91,역시 명불허전 사람 많다고는 하지만 평균 1시간정도만 기다리고 들어가는 수준 그 정도 기다릴 가치 충분함 일단 빵값도 저렴한데 맛까지 최고니까,명불허전 사람 많다고 하지 평균 1시간정 기다리고 들어 수준 기다릴 가치 충분함 일단 빵값 저렴한데 최고니까,2025,2,2025-02,1,0,월,0,79,16,긍정,1,0.0,0.0,0.0,0.0,0.0,0.0,0.0,0.0,0.0,0.0,0.0,0.0,0.0,0.0,0.0,0.0,0.0,0.0,0.0,0.0,0.0,0.0,0.0,0.0,0.0,0.0,0.0,0.0,0.0,0.0,0.0,0.0,0.0,0.0,0.0,0.0,0.0,0.0,0.0,0.0,0.0,0.0,0.0,0.0,0.0,0.0,0.0,0.0,0.0,0.0,0.5367217693684317,0.0,0.0,0.0,0.0,0.0,0.0,0.0,0.0,0.0,0.0,0.0,0.0,0.0,0.0,0.0,0.0,0.0,0.0,0.0,0.0,0.0,0.0,0.0,0.0,0.0,0.0,0.0,0.0,0.0,0.0,0.0,0.0,0.0,0.0,0.0,0.0,0.0,0.0,0.0,0.0,0.0,0.0,0.0,0.0,0.0,0.0,0.8437592916738872,0.0,0.0
4.0,2025-02-21,명란바게트가너무맛잇어요…,0,13,명란바게트가너무맛잇어요,명란바게트가너무맛잇어요,2025,2,2025-02,1,4,금,0,12,1,긍정,0,0.0,0.0,0.0,0.0,0.0,0.0,0.0,0.0,0.0,0.0,0.0,0.0,0.0,0.0,0.0,0.0,0.0,0.0,0.0,0.0,0.0,0.0,0.0,0.0,0.0,0.0,0.0,0.0,0.0,0.0,0.0,0.0,0.0,0.0,0.0,0.0,0.0,0.0,0.0,0.0,0.0,0.0,0.0,0.0,0.0,0.0,0.0,0.0,0.0,0.0,0.0,0.0,0.0,0.0,0.0,0.0,0.0,0.0,0.0,0.0,0.0,0.0,0.0,0.0,0.0,0.0,0.0,0.0,0.0,0.0,0.0,0.0,0.0,0.0,0.0,0.0,0.0,0.0,0.0,0.0,0.0,0.0,0.0,0.0,0.0,0.0,0.0,0.0,0.0,0.0,0.0,0.0,0.0,0.0,0.0,0.0,0.0,0.0,0.0,0.0
5.0,2025-02-23,"저번에 빵건물 길어서 못갔기 때문에 이번에 빵부터 감
10시반에 도착해서 12분 기다려서 들어감 이것저것 많이 샀는데 3만원 좀 넘음
그다음에 케잌부띠크 가려 했으나 웨이팅줄이 미쳐서 포기하고 ...",0,111,저번에 빵건물 길어서 못갔기 때문에 이번에 빵부터 감 10시반에 도착해서 12분 기다려서 들어감 이것저것 많이 샀는데 3만원 좀 넘음 그다음에 케잌부띠크 가려 했으나 웨이팅줄이 미쳐서 포기하고,저번 빵건물 길어서 못갔기 이번 10시반 도착해서 12분 기다려서 들어감 이것저것 샀는데 3만원 넘음 그다음 케잌부띠크 가려 했으나 웨이팅줄 미쳐서 포기,2025,2,2025-02,1,6,일,1,107,21,긍정,1,0.0,0.0,0.0,0.0,0.0,0.0,0.0,0.0,0.0,0.0,0.0,0.0,0.0,0.0,0.0,0.0,0.0,0.0,0.0,0.0,0.0,0.0,0.0,0.0,0.0,0.0,0.0,0.0,0.0,0.0,0.0,0.0,0.0,0.0,0.0,0.0,0.0,0.0,0.0,0.0,0.0,0.0,0.0,0.0,0.0,0.0,0.0,0.0,0.0,0.0,0.0,0.0,0.0,1.0,0.0,0.0,0.0,0.0,0.0,0.0,0.0,0.0,0.0,0.0,0.0,0.0,0.0,0.0,0.0,0.0,0.0,0.0,0.0,0.0,0.0,0.0,0.0,0.0,0.0,0.0,0.0,0.0,0.0,0.0,0.0,0.0,0.0,0.0,0.0,0.0,0.0,0.0,0.0,0.0,0.0,0.0,0.0,0.0,0.0,0.0
5.0,2025-02-27,"좋아요..사람도 많고
빵도 맛있어요 가성비 좋은거같아요
그런데...
...",0,41,좋아요 사람도 많고 빵도 맛있어요 가성비 좋은거같아요 그런데,좋아요 사람 많고 빵도 맛있어요 가성비 좋은거같아요,2025,2,2025-02,1,3,목,0,33,7,긍정,0,0.0,0.0,0.0,0.37685057962683904,0.0,0.0,0.0,0.0,0.0,0.0,0.0,0.0,0.0,0.0,0.0,0.45890443655520624,0.0,0.0,0.0,0.0,0.0,0.0,0.0,0.0,0.0,0.0,0.0,0.0,0.38243733320616613,0.0,0.0,0.0,0.0,0.0,0.0,0.0,0.0,0.0,0.0,0.0,0.0,0.0,0.0,0.0,0.4283745189074907,0.0,0.0,0.0,0.0,0.0,0.30887791339286397,0.0,0.0,0.0,0.0,0.0,0.0,0.0,0.0,0.0,0.0,0.0,0.0,0.0,0.0,0.0,0.0,0.0,0.0,0.0,0.0,0.0,0.0,0.0,0.0,0.0,0.0,0.0,0.0,0.4714040210730773,0.0,0.0,0.0,0.0,0.0,0.0,0.0,0.0,0.0,0.0,0.0,0.0,0.0,0.0,0.0,0.0,0.0,0.0,0.0,0.0
1.0,2025-02-28,"주차장 할인이 안됩니다
최대 2시간까지로 알고 있었습니다만

성심당 전용주...",0,44,주차장 할인이 안됩니다 최대 2시간까지로 알고 있었습니다만 성심당 전용주,주차장 할인 안됩니다 최대 2시간 알고 있었습니다 성심당 전용주,2025,2,2025-02,1,4,금,0,40,9,부정,0,0.0,0.0,0.0,0.0,0.0,0.0,0.0,0.0,0.0,0.0,0.0,0.0,0.0,0.0,0.0,0.0,0.0,0.0,0.0,0.0,0.0,0.0,0.0,0.0,0.0,0.0,0.0,0.0,0.0,0.0,0.0,0.0,0.0,0.0,0.0,0.0,0.0,0.0,0.0,0.0,0.0,0.0,0.0,0.0,0.0,0.0,0.0,0.0,0.0,0.0,0.0,0.0,0.0,0.0,0.0,0.0,1.0,0.0,0.0,0.0,0.0,0.0,0.0,0.0,0.0,0.0,0.0,0.0,0.0,0.0,0.0,0.0,0.0,0.0,0.0,0.0,0.0,0.0,0.0,0.0,0.0,0.0,0.0,0.0,0.0,0.0,0.0,0.0,0.0,0.0,0.0,0.0,0.0,0.0,0.0,0.0,0.0,0.0,0.0,0.0
5.0,2025-03-02,"장안의 화제 딸기설기... 어디서든 맛볼 수는 있지만 이정도로 혜자하진 않다 재구매 하고 싶은 건, 요거트롤(크림 상큼하고 과일 낙낙... 왜 후르츠 산도 먹지?), 아몬드 크로와상 ^_^ 아 그리...",0,113,장안의 화제 딸기설기 어디서든 맛볼 수는 있지만 이정도로 혜자하진 않다 재구매 하고 싶은 건 요거트롤 크림 상큼하고 과일 낙낙 왜 후르츠 산도 먹지 아몬드 크로와상 아 그리,장안 화제 딸기설기 어디서든 맛볼 수는 있지 이정 혜자하진 않다 재구매 싶은 요거트롤 크림 상큼 과일 낙낙 후르츠 산도 먹지 아몬드 크로와상 그리,2025,3,2025-03,1,6,일,1,96,23,긍정,0,0.0,0.0,0.0,0.0,0.0,0.0,0.0,0.0,0.0,0.0,0.0,0.0,0.0,0.0,0.0,0.0,0.0,0.0,0.0,0.0,0.0,0.0,0.0,0.0,0.0,0.0,0.0,0.0,0.0,0.0,0.0,0.0,0.0,0.0,0.0,0.0,0.0,0.0,0.0,0.0,0.0,0.0,0.0,0.0,0.0,0.0,0.0,0.0,0.0,0.0,0.0,0.0,0.0,0.0,0.0,0.0,0.0,0.0,0.0,0.0,0.0,0.0,0.0,0.0,0.0,0.0,0.0,1.0,0.0,0.0,0.0,0.0,0.0,0.0,0.0,0.0,0.0,0.0,0.0,0.0,0.0,0.0,0.0,0.0,0.0,0.0,0.0,0.0,0.0,0.0,0.0,0.0,0.0,0.0,0.0,0.0,0.0,0.0,0.0,0.0
5.0,2025-03-03,"다 견뎌 내시는분이... 최고가 아닌....
정말 여기서 일하는분들이 대박인곳....

...",0,52,다 견뎌 내시는분이 최고가 아닌 정말 여기서 일하는분들이 대박인곳,견뎌 내시는분 최고 아닌 여기서 일하는분들 대박인곳,2025,3,2025-03,1,0,월,0,36,7,긍정,0,0.0,0.0,0.0,0.0,0.0,0.0,0.0,0.0,0.0,0.0,0.0,0.0,0.0,0.0,0.0,0.0,0.0,0.0,0.0,0.0,0.0,0.0,0.0,0.0,0.0,0.0,0.0,0.0,0.0,0.0,0.0,0.0,0.0,0.0,0.0,0.0,0.0,0.0,0.0,0.0,0.0,0.0,0.0,0.0,0.0,0.0,0.0,0.0,0.0,0.0,0.0,0.0,0.0,0.0,0.0,0.0,0.0,0.0,0.0,0.0,0.0,0.0,0.0,0.0,0.0,0.0,0.0,0.0,0.0,0.0,0.0,0.0,0.0,0.0,0.0,0.0,0.0,0.0,0.0,0.0,0.0,0.0,0.0,0.0,0.0,0.0,0.0,1.0,0.0,0.0,0.0,0.0,0.0,0.0,0.0,0.0,0.0,0.0,0.0,0.0
5.0,2025-03-05,"처음방문 성심당.
직원수 1000명에서 조금 모자란다고 하는 중대기업.
건물(매장)도 확인된것만 5개(?)... 안보이는곳도 있을거 같다. 종류를 크게 나눠 ...",0,91,처음방문 성심당 직원수 1000명에서 조금 모자란다고 하는 중대기업 건물 매장 도 확인된것만 5개 안보이는곳도 있을거 같다 종류를 크게 나눠,처음방문 성심당 직원수 1000명 모자란다고 중대기업 건물 매장 확인된것 5개 안보이는곳 있을거 같다 종류 크게 나눠,2025,3,2025-03,1,2,수,0,78,16,긍정,1,0.0,0.0,0.0,0.0,0.0,0.0,0.0,0.0,0.0,0.0,0.0,0.0,0.0,0.0,0.0,0.0,0.0,0.0,0.0,0.0,0.0,0.0,0.0,0.0,0.0,0.0,0.0,0.0,0.0,0.0,0.0,0.0,0.6692694469801715,0.0,0.0,0.0,0.0,0.0,0.0,0.0,0.0,0.0,0.0,0.0,0.0,0.0,0.0,0.0,0.0,0.0,0.0,0.0,0.0,0.0,0.0,0.0,0.3785090952662358,0.0,0.0,0.0,0.0,0.0,0.0,0.0,0.0,0.0,0.0,0.0,0.0,0.0,0.0,0.0,0.0,0.0,0.0,0.0,0.0,0.6393819454282322,0.0,0.0,0.0,0.0,0.0,0.0,0.0,0.0,0.0,0.0,0.0,0.0,0.0,0.0,0.0,0.0,0.0,0.0,0.0,0.0,0.0,0.0
1.0,2025-03-08,"주말이 문제인지 모르겠지만 최악임...
일단 줄 긴거야 이해하는데 여기는 샌드위치 줄 어디는 무슨줄 줄서는 것도 물어물어 찾아가야함.. 문제는 입장해서임 안은 걍 도떼기시장판임... 관리도 안되고 애들이 빵 주물럭...",0,122,주말이 문제인지 모르겠지만 최악임 일단 줄 긴거야 이해하는데 여기는 샌드위치 줄 어디는 무슨줄 줄서는 것도 물어물어 찾아가야함 문제는 입장해서임 안은 걍 도떼기시장판임 관리도 안되고 애들이 빵 주물럭,주말 문제인지 모르겠지 최악임 일단 긴거야 이해하는데 샌드위치 어디 무슨줄 줄서 것도 물어물어 찾아가야함 문제 입장해서임 안은 도떼기시장판임 관리 안되고 애들 주물럭,2025,3,2025-03,1,5,토,1,111,22,부정,1,0.0,0.0,0.0,0.0,0.0,0.0,0.0,0.0,0.0,0.0,0.0,0.0,0.0,0.0,0.0,0.0,0.0,0.0,0.0,0.0,0.0,0.0,0.0,0.0,0.0,0.0,0.0,0.0,0.0,0.0,0.0,0.0,0.0,0.0,0.0,0.0,0.0,0.0,0.0,0.0,0.0,0.0,0.0,0.0,0.0,0.0,0.0,0.0,0.0,0.0,0.0,0.0,0.0,0.0,0.7365240204590692,0.0,0.0,0.0,0.0,0.0,0.0,0.0,0.0,0.0,0.0,0.0,0.0,0.0,0.0,0.0,0.0,0.0,0.0,0.0,0.0,0.0,0.0,0.0,0.0,0.0,0.0,0.6764113890871506,0.0,0.0,0.0,0.0,0.0,0.0,0.0,0.0,0.0,0.0,0.0,0.0,0.0,0.0,0.0,0.0,0.0,0.0
5.0,2025-03-10,"부띠끄 최애: 순수롤 ,망고시루
빵집 최애: 명란바게트, 튀소구마, 보문산 메아리,작은메아리
샌드위치 정거장 ...",0,64,부띠끄 최애 순수롤 망고시루 빵집 최애 명란바게트 튀소구마 보문산 메아리 작은메아리 샌드위치 정거장,부띠끄 최애 순수롤 망고시루 빵집 최애 명란바게트 튀소구마 보문산 메아리 작은메아리 샌드위치 정거장,2025,3,2025-03,1,0,월,0,55,13,긍정,0,0.0,0.0,0.0,0.0,0.0,0.0,0.0,0.0,0.0,0.0,0.0,0.0,0.0,0.0,0.0,0.0,0.0,0.0,0.0,0.0,0.0,0.0,0.0,0.0,0.0,0.0,0.0,0.0,0.0,0.0,0.0,0.3301917998066947,0.0,0.0,0.0,0.0,0.2651457449178524,0.0,0.0,0.0,0.0,0.0,0.0,0.0,0.0,0.0,0.0,0.0,0.0,0.24309435800418966,0.0,0.0,0.0,0.0,0.2989735914502992,0.0,0.0,0.0,0.0,0.0,0.0,0.0,0.0,0.0,0.0,0.0,0.0,0.0,0.0,0.0,0.0,0.0,0.0,0.0,0.3301917998066947,0.0,0.0,0.0,0.0,0.0,0.0,0.0,0.0,0.0,0.0,0.0,0.0,0.0,0.6775557673996495,0.0,0.0,0.0,0.0,0.32261833707664667,0.0,0.0,0.0,0.0,0.0,0.0
5.0,2025-03-16,맛 좋음. 저렴함. 주변에 특화 메뉴 매장으로 분화함.,0,30,맛 좋음 저렴함 주변에 특화 메뉴 매장으로 분화함,좋음 저렴함 주변 특화 메뉴 매장 분화함,2025,3,2025-03,1,6,일,1,27,7,긍정,0,0.0,0.0,0.0,0.0,0.0,0.0,0.0,0.0,0.0,0.0,0.0,0.0,0.0,0.0,0.0,0.0,0.0,0.0,0.0,0.0,0.0,0.0,0.0,0.0,0.0,0.0,0.0,0.0,0.0,0.0,0.0,0.0,1.0,0.0,0.0,0.0,0.0,0.0,0.0,0.0,0.0,0.0,0.0,0.0,0.0,0.0,0.0,0.0,0.0,0.0,0.0,0.0,0.0,0.0,0.0,0.0,0.0,0.0,0.0,0.0,0.0,0.0,0.0,0.0,0.0,0.0,0.0,0.0,0.0,0.0,0.0,0.0,0.0,0.0,0.0,0.0,0.0,0.0,0.0,0.0,0.0,0.0,0.0,0.0,0.0,0.0,0.0,0.0,0.0,0.0,0.0,0.0,0.0,0.0,0.0,0.0,0.0,0.0,0.0,0.0
5.0,2025-03-17,줄이 금방 줄어들어요!! 내부는 정말 정신없지만 저렴한 가격에 이 정도의 빵을 먹을 수 있는 게 넘넘 좋습니당 ㅎㅎ 아무거나 집어도 다 맛있어요,0,80,줄이 금방 줄어들어요 내부는 정말 정신없지만 저렴한 가격에 이 정도의 빵을 먹을 수 있는 게 넘넘 좋습니당 아무거나 집어도 다 맛있어요,줄이 금방 줄어들어요 내부 정신없지 저렴한 가격 빵을 먹을 넘넘 좋습니당 아무거나 집어 맛있어요,2025,3,2025-03,1,0,월,0,75,14,긍정,0,0.2787033110115306,0.0,0.0,0.0,0.0,0.0,0.41752134312268124,0.4247088682028824,0.0,0.0,0.0,0.0,0.0,0.0,0.0,0.0,0.0,0.0,0.0,0.0,0.0,0.0,0.0,0.0,0.0,0.0,0.0,0.0,0.32359741873296627,0.0,0.0,0.0,0.0,0.0,0.4611180642230891,0.0,0.0,0.0,0.0,0.0,0.0,0.0,0.0,0.0,0.0,0.0,0.0,0.3588012795253492,0.0,0.0,0.0,0.0,0.0,0.0,0.0,0.0,0.0,0.0,0.0,0.0,0.0,0.0,0.0,0.0,0.0,0.0,0.0,0.0,0.0,0.0,0.0,0.0,0.0,0.0,0.0,0.0,0.0,0.0,0.0,0.0,0.0,0.0,0.0,0.0,0.3486248025966507,0.0,0.0,0.0,0.0,0.0,0.0,0.0,0.0,0.0,0.0,0.0,0.0,0.0,0.0,0.0
4.0,2025-03-20,빵진짜 많아요 사람도 진짜 많아요 대전의 명물은 역시 성심당인가봐요 가성비좋게 먹었습니다,0,49,빵진짜 많아요 사람도 진짜 많아요 대전의 명물은 역시 성심당인가봐요 가성비좋게 먹었습니다,빵진짜 많아요 사람 많아요 대전 명물 성심당인가봐요 가성비좋게 먹었습니다,2025,3,2025-03,1,3,목,0,49,9,긍정,0,0.0,0.0,0.0,0.0,0.0,0.0,0.0,0.0,0.0,0.0,0.0,0.0,0.6990291970398692,0.0,0.0,0.0,0.0,0.0,0.0,0.0,0.0,0.0,0.0,0.0,0.0,0.0,0.0,0.0,0.0,0.0,0.0,0.0,0.0,0.0,0.0,0.0,0.0,0.0,0.0,0.0,0.0,0.0,0.0,0.0,0.0,0.0,0.0,0.0,0.0,0.0,0.7150931279811014,0.0,0.0,0.0,0.0,0.0,0.0,0.0,0.0,0.0,0.0,0.0,0.0,0.0,0.0,0.0,0.0,0.0,0.0,0.0,0.0,0.0,0.0,0.0,0.0,0.0,0.0,0.0,0.0,0.0,0.0,0.0,0.0,0.0,0.0,0.0,0.0,0.0,0.0,0.0,0.0,0.0,0.0,0.0,0.0,0.0,0.0,0.0,0.0,0.0
2.0,2025-03-25,딸기시루는 시트가 뻑뻑하고 크림이 너무 조금 들어 있습니다.,0,33,딸기시루는 시트가 뻑뻑하고 크림이 너무 조금 들어 있습니다,딸기시루 시트 뻑뻑 크림 들어 있습니다,2025,3,2025-03,1,1,화,0,32,6,부정,0,0.0,0.0,0.0,0.0,0.0,0.0,0.0,0.0,0.0,0.0,0.0,0.0,0.0,0.0,0.6979737288809016,0.0,0.0,0.0,0.0,0.0,0.0,0.0,0.0,0.0,0.0,0.0,0.0,0.0,0.0,0.0,0.0,0.0,0.0,0.0,0.0,0.0,0.0,0.0,0.0,0.0,0.0,0.0,0.0,0.0,0.0,0.0,0.0,0.0,0.0,0.0,0.0,0.0,0.0,0.0,0.0,0.0,0.0,0.0,0.0,0.0,0.0,0.0,0.0,0.0,0.0,0.0,0.0,0.0,0.0,0.0,0.0,0.7161233649254085,0.0,0.0,0.0,0.0,0.0,0.0,0.0,0.0,0.0,0.0,0.0,0.0,0.0,0.0,0.0,0.0,0.0,0.0,0.0,0.0,0.0,0.0,0.0,0.0,0.0,0.0,0.0,0.0
1.0,2025-03-26,"맛없어요..
명란 바게트, 튀소, 토요빵, 밤식빵.
순서대로 짜고 느끼하고 밍밍하고 밀가루 맛 많이 나고 별로예요..",0,65,맛없어요 명란 바게트 튀소 토요빵 밤식빵 순서대로 짜고 느끼하고 밍밍하고 밀가루 맛 많이 나고 별로예요,맛없어요 명란 바게트 튀소 토요빵 밤식빵 순서대 짜고 느끼 밍밍 밀가루 나고 별로예요,2025,3,2025-03,1,2,수,0,57,13,부정,0,0.0,0.0,0.0,0.0,0.0,0.0,0.0,0.0,0.0,0.0,0.0,0.0,0.0,0.0,0.0,0.0,0.0,0.0,0.0,0.0,0.0,0.0,0.0,0.0,0.0,0.0,0.0,0.0,0.0,0.0,0.0,0.0,0.0,0.0,0.0,0.7841158481460171,0.0,0.0,0.0,0.0,0.0,0.0,0.0,0.0,0.0,0.0,0.0,0.0,0.0,0.0,0.0,0.0,0.0,0.0,0.0,0.0,0.0,0.0,0.0,0.0,0.0,0.0,0.0,0.0,0.0,0.0,0.0,0.0,0.0,0.0,0.0,0.0,0.0,0.0,0.0,0.0,0.0,0.0,0.0,0.0,0.0,0.0,0.0,0.0,0.0,0.0,0.0,0.0,0.0,0.0,0.0,0.0,0.6206144831425159,0.0,0.0,0.0,0.0,0.0,0.0,0.0
5.0,2025-03-28,"(주말 기준) 바로 옆 <성심당 케잌부띠끄> 보다는 대기줄이 훨씬 짧습니다. 여기도 회전율이 무지 빠르니, 생각보다 빠른 입장이 가능해요. 단지, 내부 들어가면, 자율 쇼핑이라, 매우 혼...",0,107,주말 기준 바로 옆 성심당 케잌부띠끄 보다는 대기줄이 훨씬 짧습니다 여기도 회전율이 무지 빠르니 생각보다 빠른 입장이 가능해요 단지 내부 들어가면 자율 쇼핑이라 매우 혼,주말 기준 바로 성심당 케잌부띠끄 대기줄 훨씬 짧습니다 회전율 무지 빠르니 생각 빠른 입장 가능해요 단지 내부 들어가면 자율 쇼핑이라,2025,3,2025-03,1,4,금,0,94,20,긍정,1,0.0,0.0,0.0,0.0,0.0,0.0,0.0,0.43039668923511804,0.0,0.0,0.0,0.45657538420777827,0.0,0.0,0.0,0.0,0.0,0.0,0.0,0.0,0.0,0.0,0.0,0.0,0.0,0.0,0.0,0.0,0.0,0.0,0.0,0.0,0.0,0.0,0.0,0.0,0.0,0.0,0.0,0.0,0.0,0.0,0.0,0.0,0.0,0.0,0.0,0.0,0.0,0.0,0.0,0.0,0.0,0.0,0.0,0.410090915868062,0.23929388121233547,0.0,0.0,0.0,0.0,0.0,0.0,0.0,0.0,0.0,0.0,0.0,0.0,0.0,0.47944467079252745,0.0,0.0,0.0,0.0,0.0,0.0,0.0,0.0,0.0,0.0,0.38857984406868656,0.0,0.0,0.0,0.0,0.0,0.0,0.0,0.0,0.0,0.0,0.0,0.0,0.0,0.0,0.0,0.0,0.0,0.0
4.0,2025-03-31,두말하면 입아프죠…ㅋㅋ,0,12,두말하면 입아프죠,두말하면 입아프죠,2025,3,2025-03,1,0,월,0,9,2,긍정,0,0.0,0.0,0.0,0.0,0.0,0.0,0.0,0.0,0.0,0.0,0.0,0.0,0.0,0.0,0.0,0.0,0.0,0.0,0.0,0.0,0.0,0.0,0.0,0.0,0.0,0.0,0.0,0.0,0.0,0.0,0.0,0.0,0.0,0.0,0.0,0.0,0.0,0.0,0.0,0.0,0.0,0.0,0.0,0.0,0.0,0.0,0.0,0.0,0.0,0.0,0.0,0.0,0.0,0.0,0.0,0.0,0.0,0.0,0.0,0.0,0.0,0.0,0.0,0.0,0.0,0.0,0.0,0.0,0.0,0.0,0.0,0.0,0.0,0.0,0.0,0.0,0.0,0.0,0.0,0.0,0.0,0.0,0.0,0.0,0.0,0.0,0.0,0.0,0.0,0.0,0.0,0.0,0.0,0.0,0.0,0.0,0.0,0.0,0.0,0.0
5.0,2025-04-01,"사람이 많아도 너무 많아요~
평일 오후에 갔는데도 너무 많음! 왜 많은지는 먹어보면 금방 이해 됩니다! 이 가격에 이정도 퀄리티 훌룡합니다.",0,78,사람이 많아도 너무 많아요 평일 오후에 갔는데도 너무 많음 왜 많은지는 먹어보면 금방 이해 됩니다 이 가격에 이정도 퀄리티 훌룡합니다,사람 많아 많아요 평일 오후 갔는데 많음 많은지 먹어보면 금방 이해 됩니다 가격 이정 퀄리티 훌룡합니다,2025,4,2025-04,2,1,화,0,74,16,긍정,0,0.2506690646384648,0.0,0.0,0.0,0.3695384156176663,0.0,0.3755236497453308,0.0,0.0,0.0,0.0,0.0,0.0,0.0,0.0,0.0,0.4052224640514165,0.0,0.0,0.4052224640514165,0.0,0.0,0.0,0.0,0.0,0.0,0.0,0.0,0.0,0.0,0.0,0.0,0.0,0.0,0.0,0.0,0.0,0.0,0.0,0.0,0.0,0.0,0.0,0.0,0.0,0.0,0.0,0.0,0.0,0.0,0.23506622592143128,0.0,0.0,0.0,0.0,0.0,0.0,0.0,0.0,0.0,0.0,0.0,0.0,0.0,0.0,0.0,0.0,0.42551954747182436,0.0,0.0,0.0,0.0,0.0,0.0,0.0,0.0,0.0,0.0,0.0,0.0,0.0,0.0,0.0,0.0,0.0,0.0,0.0,0.0,0.0,0.0,0.0,0.0,0.0,0.0,0.0,0.30798516409826227,0.0,0.0,0.0,0.0
4.0,2025-04-03,맛이랑 가격 다 좋은데 사람이 많아서 통제를 해주시면 좋을것같아요 ㅠㅠ 예전에 갔을때는 들어가는 사람 수를 제한 하셨던 것 같은데 이제는 그냥 계속 들어가서 사람에 파묻혀서 이리가지도 저리가지도 못했어요 ㅠㅠ 그것빼곤 다 괜찮아요,0,128,맛이랑 가격 다 좋은데 사람이 많아서 통제를 해주시면 좋을것같아요 예전에 갔을때는 들어가는 사람 수를 제한 하셨던 것 같은데 이제는 그냥 계속 들어가서 사람에 파묻혀서 이리가지도 저리가지도 못했어요 그것빼곤 다 괜찮아요,가격 좋은데 사람 많아서 통제 해주시면 좋을것같아요 예전 갔을때 들어 사람 수를 제한 하셨던 같은데 이제 계속 들어가서 사람 파묻혀서 이리가지 저리가지 못했어요 그것빼곤 괜찮아요,2025,4,2025-04,2,3,목,0,122,25,긍정,0,0.3060008452954035,0.0,0.0,0.0,0.0,0.0,0.0,0.0,0.0,0.0,0.0,0.0,0.0,0.0,0.0,0.0,0.0,0.40654723561600214,0.0,0.0,0.0,0.0,0.0,0.0,0.0,0.0,0.0,0.0,0.0,0.0,0.0,0.0,0.0,0.0,0.0,0.0,0.0,0.0,0.0,0.0,0.0,0.0,0.0,0.0,0.0,0.0,0.0,0.0,0.0,0.0,0.8608616775600396,0.0,0.0,0.0,0.0,0.0,0.0,0.0,0.0,0.0,0.0,0.0,0.0,0.0,0.0,0.0,0.0,0.0,0.0,0.0,0.0,0.0,0.0,0.0,0.0,0.0,0.0,0.0,0.0,0.0,0.0,0.0,0.0,0.0,0.0,0.0,0.0,0.0,0.0,0.0,0.0,0.0,0.0,0.0,0.0,0.0,0.0,0.0,0.0,0.0
5.0,2025-04-05,"대전하면 성심당. 대전 필수코스인 성심당 다녀왔다

빵 가격은 전부 저렴하고 튀김소보루는 1700원인가 했던...",0,63,대전하면 성심당 대전 필수코스인 성심당 다녀왔다 빵 가격은 전부 저렴하고 튀김소보루는 1700원인가 했던,대전하면 성심당 대전 필수코스인 성심당 다녀왔다 가격 전부 저렴 튀김소보루 1700원인 했던,2025,4,2025-04,2,5,토,1,58,12,긍정,0,0.38911610625781445,0.0,0.0,0.0,0.0,0.0,0.0,0.0,0.0,0.0,0.0,0.0,0.35669860659107777,0.0,0.0,0.0,0.0,0.0,0.0,0.0,0.0,0.0,0.0,0.0,0.0,0.0,0.0,0.0,0.0,0.0,0.0,0.0,0.0,0.0,0.0,0.0,0.0,0.0,0.0,0.0,0.0,0.0,0.0,0.0,0.0,0.0,0.0,0.0,0.0,0.0,0.0,0.0,0.0,0.0,0.0,0.0,0.6593576908254613,0.0,0.0,0.0,0.0,0.0,0.0,0.0,0.0,0.0,0.0,0.0,0.0,0.0,0.0,0.0,0.0,0.0,0.0,0.5353524030543396,0.0,0.0,0.0,0.0,0.0,0.0,0.0,0.0,0.0,0.0,0.0,0.0,0.0,0.0,0.0,0.0,0.0,0.0,0.0,0.0,0.0,0.0,0.0,0.0
5.0,2025-04-05,무슨설명이 필요합니까? 성심당 입니다.!,0,22,무슨설명이 필요합니까 성심당 입니다,무슨설명 필요합니까 성심당,2025,4,2025-04,2,5,토,1,19,3,긍정,0,0.0,0.0,0.0,0.0,0.0,0.0,0.0,0.0,0.0,0.0,0.0,0.0,0.0,0.0,0.0,0.0,0.0,0.0,0.0,0.0,0.0,0.0,0.0,0.0,0.0,0.0,0.0,0.0,0.0,0.0,0.0,0.0,0.0,0.0,0.0,0.0,0.0,0.0,0.0,0.0,0.0,0.0,0.0,0.0,0.0,0.0,0.0,0.0,0.0,0.0,0.0,0.0,0.0,0.0,0.0,0.0,1.0,0.0,0.0,0.0,0.0,0.0,0.0,0.0,0.0,0.0,0.0,0.0,0.0,0.0,0.0,0.0,0.0,0.0,0.0,0.0,0.0,0.0,0.0,0.0,0.0,0.0,0.0,0.0,0.0,0.0,0.0,0.0,0.0,0.0,0.0,0.0,0.0,0.0,0.0,0.0,0.0,0.0,0.0,0.0
4.0,2025-04-08,"가성비 좋은 성심당 빵들은 추억의 맛이 나는데요~🥖🍞  7번 삼총사 세트는 가성비 좋은 선물세트로 딱 이더라고요~🍞🥯 부추빵 2개, 튀소구마2개, 튀김소보로2개가 박스가득 묵직하게 들어 있어요~😍부추빵은 다진 부추와 다짐육,그리고...",5,131,가성비 좋은 성심당 빵들은 추억의 맛이 나는데요 7번 삼총사 세트는 가성비 좋은 선물세트로 딱 이더라고요 부추빵 2개 튀소구마2개 튀김소보로2개가 박스가득 묵직하게 들어 있어요 부추빵은 다진 부추와 다짐육 그리고,가성비 좋은 성심당 빵들 추억 맛이 나는데요 7번 삼총사 세트 가성비 좋은 선물세트 이더라고요 부추빵 2개 튀소구마2개 튀김소보로2개 박스가득 묵직하게 들어 부추빵 다진 부추 다짐육,2025,4,2025-04,2,1,화,0,118,25,긍정,0,0.0,0.0,0.0,0.4531417149693997,0.0,0.0,0.0,0.0,0.0,0.0,0.0,0.0,0.0,0.0,0.0,0.0,0.0,0.0,0.0,0.0,0.0,0.0,0.0,0.0,0.0,0.0,0.0,0.0,0.0,0.0,0.0,0.0,0.0,0.0,0.0,0.0,0.0,0.0,0.0,0.0,0.0,0.0,0.5591007494902147,0.0,0.0,0.2759034410847994,0.0,0.0,0.0,0.0,0.0,0.0,0.0,0.0,0.0,0.0,0.16778150838017772,0.0,0.0,0.0,0.0,0.0,0.0,0.0,0.0,0.0,0.0,0.0,0.0,0.0,0.0,0.0,0.0,0.0,0.0,0.0,0.0,0.0,0.0,0.0,0.6146507908701577,0.0,0.0,0.0,0.0,0.0,0.0,0.0,0.0,0.0,0.0,0.0,0.0,0.0,0.0,0.0,0.0,0.0,0.0,0.0
1.0,2025-04-11,"딸기 케익인데 이런걸 먹으라고 만든건가요?
한심하다.",0,29,딸기 케익인데 이런걸 먹으라고 만든건가요 한심하다,딸기 케익인데 이런걸 먹으라고 만든건가요 한심하다,2025,4,2025-04,2,4,금,0,27,6,부정,0,0.0,0.0,0.0,0.0,0.0,0.0,0.0,0.0,0.0,0.0,0.0,0.0,0.0,1.0,0.0,0.0,0.0,0.0,0.0,0.0,0.0,0.0,0.0,0.0,0.0,0.0,0.0,0.0,0.0,0.0,0.0,0.0,0.0,0.0,0.0,0.0,0.0,0.0,0.0,0.0,0.0,0.0,0.0,0.0,0.0,0.0,0.0,0.0,0.0,0.0,0.0,0.0,0.0,0.0,0.0,0.0,0.0,0.0,0.0,0.0,0.0,0.0,0.0,0.0,0.0,0.0,0.0,0.0,0.0,0.0,0.0,0.0,0.0,0.0,0.0,0.0,0.0,0.0,0.0,0.0,0.0,0.0,0.0,0.0,0.0,0.0,0.0,0.0,0.0,0.0,0.0,0.0,0.0,0.0,0.0,0.0,0.0,0.0,0.0,0.0
5.0,2025-04-12,"* 긴 성심당 리뷰
전 친구들이랑 빵지순례 겸 간 날이 샌드위치 정거장 오픈날이였네요.
- 첫 방문+토요일이라 새벽부터 오픈런해서 갔는데 30분정도 일찍 문을 여심(그 날만 유독 그러신 건지 모...",0,111,긴 성심당 리뷰 전 친구들이랑 빵지순례 겸 간 날이 샌드위치 정거장 오픈날이였네요 첫 방문 토요일이라 새벽부터 오픈런해서 갔는데 30분정도 일찍 문을 여심 그 날만 유독 그러신 건지 모,성심당 리뷰 친구들 빵지순례 날이 샌드위치 정거장 오픈날이였네요 방문 토요일이라 새벽 오픈런해서 갔는데 30분정 일찍 문을 여심 날만 유독 그러신 건지,2025,4,2025-04,2,5,토,1,103,21,긍정,0,0.0,0.0,0.0,0.0,0.5367395979944025,0.0,0.0,0.0,0.0,0.0,0.0,0.0,0.0,0.0,0.0,0.0,0.0,0.0,0.0,0.0,0.0,0.0,0.0,0.0,0.0,0.0,0.0,0.0,0.0,0.0,0.0,0.0,0.0,0.0,0.0,0.0,0.0,0.0,0.0,0.5650293563137385,0.0,0.0,0.0,0.0,0.0,0.0,0.0,0.0,0.0,0.0,0.0,0.0,0.0,0.0,0.545432908415771,0.0,0.3084726452468726,0.0,0.0,0.0,0.0,0.0,0.0,0.0,0.0,0.0,0.0,0.0,0.0,0.0,0.0,0.0,0.0,0.0,0.0,0.0,0.0,0.0,0.0,0.0,0.0,0.0,0.0,0.0,0.0,0.0,0.0,0.0,0.0,0.0,0.0,0.0,0.0,0.0,0.0,0.0,0.0,0.0,0.0,0.0
3.0,2025-04-12,맛3/가격4/양5/친절3,0,13,맛3 가격4 양5 친절3,맛3 가격4 양5 친절3,2025,4,2025-04,2,5,토,1,13,4,중립,0,0.0,0.0,0.0,0.0,0.0,0.0,0.0,0.0,0.0,0.0,0.0,0.0,0.0,0.0,0.0,0.0,0.0,0.0,0.0,0.0,0.0,0.0,0.0,0.0,0.0,0.0,0.0,0.0,0.0,0.0,0.0,0.0,0.0,0.0,0.0,0.0,0.0,0.0,0.0,0.0,0.0,0.0,0.0,0.0,0.0,0.0,0.0,0.0,0.0,0.0,0.0,0.0,0.0,0.0,0.0,0.0,0.0,0.0,0.0,0.0,0.0,0.0,0.0,0.0,0.0,0.0,0.0,0.0,0.0,0.0,0.0,0.0,0.0,0.0,0.0,0.0,0.0,0.0,0.0,0.0,0.0,0.0,0.0,0.0,0.0,0.0,0.0,0.0,0.0,0.0,0.0,0.0,0.0,0.0,0.0,0.0,0.0,0.0,0.0,0.0
5.0,2025-04-18,대전 출장올때마다 자주 방문. 유명한 만큼 가성비 좋고 빵 퀄리티 좋다.,0,40,대전 출장올때마다 자주 방문 유명한 만큼 가성비 좋고 빵 퀄리티 좋다,대전 출장올때마다 자주 방문 유명한 만큼 가성비 좋고 퀄리티 좋다,2025,4,2025-04,2,4,금,0,38,10,긍정,0,0.0,0.0,0.0,0.38106742508912905,0.0,0.0,0.0,0.0,0.0,0.0,0.0,0.0,0.3053178558653139,0.0,0.0,0.0,0.0,0.0,0.0,0.0,0.0,0.0,0.0,0.0,0.0,0.0,0.0,0.0,0.0,0.0,0.0,0.0,0.0,0.0,0.0,0.0,0.0,0.0,0.0,0.516887733943684,0.0,0.0,0.0,0.0,0.0,0.0,0.0,0.0,0.0,0.0,0.0,0.0,0.0,0.0,0.0,0.0,0.0,0.0,0.0,0.0,0.0,0.0,0.0,0.0,0.516887733943684,0.0,0.0,0.0,0.0,0.0,0.0,0.0,0.0,0.0,0.0,0.0,0.0,0.0,0.4766788913124588,0.0,0.0,0.0,0.0,0.0,0.0,0.0,0.0,0.0,0.0,0.0,0.0,0.0,0.0,0.0,0.0,0.0,0.0,0.0,0.0,0.0
5.0,2025-04-20,"역시 성심당은 여전히 맛 좋고, 가격이 착해요.
오늘은 부활절이라고 계산할 때 계란도 챙겨줬어요.
일요...",0,60,역시 성심당은 여전히 맛 좋고 가격이 착해요 오늘은 부활절이라고 계산할 때 계란도 챙겨줬어요 일요,성심당 여전히 좋고 가격 착해요 오늘 부활절이라고 계산할 계란 챙겨줬어요 일요,2025,4,2025-04,2,6,일,1,54,11,긍정,0,0.5152910630762021,0.0,0.0,0.0,0.0,0.0,0.0,0.0,0.0,0.0,0.0,0.0,0.0,0.0,0.0,0.0,0.0,0.0,0.0,0.0,0.0,0.0,0.0,0.0,0.0,0.0,0.0,0.0,0.0,0.0,0.0,0.0,0.0,0.0,0.0,0.0,0.0,0.0,0.0,0.0,0.0,0.0,0.0,0.0,0.0,0.0,0.0,0.0,0.0,0.0,0.0,0.0,0.0,0.0,0.0,0.0,0.43658065033654514,0.0,0.0,0.0,0.0,0.0,0.0,0.0,0.0,0.0,0.0,0.0,0.0,0.0,0.0,0.0,0.0,0.0,0.0,0.0,0.0,0.0,0.7374770885020882,0.0,0.0,0.0,0.0,0.0,0.0,0.0,0.0,0.0,0.0,0.0,0.0,0.0,0.0,0.0,0.0,0.0,0.0,0.0,0.0,0.0
5.0,2025-04-20,"평일 오전은 큰 기다림 없이 살수 있어요 (샌드위치정거장포함) 
줄이 있다해도 금방금방 빠집니다 
주멀...",0,60,평일 오전은 큰 기다림 없이 살수 있어요 샌드위치정거장포함 줄이 있다해도 금방금방 빠집니다 주멀,평일 오전 기다림 없이 살수 샌드위치정거장포함 줄이 있다해 금방금방 빠집니다 주멀,2025,4,2025-04,2,6,일,1,53,11,긍정,1,0.0,0.0,0.0,0.0,0.0,0.0,0.0,0.0,0.0,0.0,0.0,0.0,0.0,0.0,0.0,0.0,0.0,0.0,0.0,0.0,0.0,0.0,0.0,0.0,0.0,0.0,0.0,0.0,0.0,0.0,0.0,0.0,0.0,0.0,0.0,0.0,0.0,0.0,0.0,0.0,0.0,0.0,0.0,0.0,0.0,0.0,0.0,0.0,0.0,0.0,0.0,0.0,0.0,0.0,0.0,0.0,0.0,0.0,0.0,0.0,0.0,0.0,0.6126932768537409,0.0,0.0,0.0,0.0,0.0,0.0,0.0,0.0,0.0,0.0,0.0,0.0,0.0,0.0,0.0,0.0,0.0,0.0,0.0,0.0,0.0,0.5638285352060773,0.0,0.0,0.0,0.0,0.0,0.0,0.0,0.0,0.0,0.0,0.5538089303953075,0.0,0.0,0.0,0.0
5.0,2025-04-22,아 단호박 빙수 제발 먹지 마세요 제발요,0,22,아 단호박 빙수 제발 먹지 마세요 제발요,단호박 빙수 제발 먹지 마세요 제발요,2025,4,2025-04,2,1,화,0,22,6,긍정,0,0.0,0.0,0.0,0.0,0.0,0.0,0.0,0.0,0.0,0.0,0.0,0.0,0.0,0.0,0.0,0.0,0.0,0.0,0.0,0.0,0.0,0.0,0.0,0.0,0.0,0.0,0.0,0.0,0.0,0.0,0.0,0.0,0.0,0.0,0.0,0.0,0.0,0.0,0.0,0.0,0.0,0.0,0.0,0.0,0.0,0.0,0.0,0.0,0.0,0.0,0.0,0.0,0.0,0.0,0.0,0.0,0.0,0.0,0.0,0.0,0.0,0.0,0.0,0.0,0.0,0.0,0.0,0.0,0.0,0.0,0.0,0.0,0.0,0.0,0.0,0.0,0.0,0.0,0.0,0.0,0.0,0.0,0.0,0.0,0.0,0.0,0.0,0.0,0.0,0.0,0.0,0.0,0.0,0.0,0.0,0.0,0.0,0.0,0.0,0.0
5.0,2025-04-26,주차참조요. 2025.4 버전,0,16,주차참조요 2025 4 버전,주차참조요 2025 버전,2025,4,2025-04,2,5,토,1,15,3,긍정,0,0.0,0.0,0.0,0.0,0.0,0.0,0.0,0.0,0.0,0.0,0.0,0.0,0.0,0.0,0.0,0.0,0.0,0.0,0.0,0.0,0.0,0.0,0.0,0.0,0.0,0.0,0.0,0.0,0.0,0.0,0.0,0.0,0.0,0.0,0.0,0.0,0.0,0.0,0.0,0.0,0.0,0.0,0.0,0.0,0.0,0.0,0.0,0.0,0.0,0.0,0.0,0.0,0.0,0.0,0.0,0.0,0.0,0.0,0.0,0.0,0.0,0.0,0.0,0.0,0.0,0.0,0.0,0.0,0.0,0.0,0.0,0.0,0.0,0.0,0.0,0.0,0.0,0.0,0.0,0.0,0.0,0.0,0.0,0.0,0.0,0.0,0.0,0.0,0.0,0.0,0.0,0.0,0.0,0.0,0.0,0.0,0.0,0.0,0.0,0.0
5.0,2025-04-28,"평일 오전에 가면 웨이팅 없어서 여유롭게 빵 고를 수 있어서 좋고, 김치찹쌀주먹밥만 50만개 먹고싶어요😭😭",2,59,평일 오전에 가면 웨이팅 없어서 여유롭게 빵 고를 수 있어서 좋고 김치찹쌀주먹밥만 50만개 먹고싶어요,평일 오전 가면 웨이팅 없어서 여유롭게 고를 있어서 좋고 김치찹쌀주먹밥 50만개 먹고싶어요,2025,4,2025-04,2,0,월,0,56,12,긍정,1,0.0,0.0,0.40853995227011547,0.0,0.0,0.0,0.0,0.0,0.0,0.0,0.0,0.0,0.0,0.0,0.0,0.0,0.0,0.0,0.0,0.0,0.0,0.0,0.0,0.0,0.0,0.0,0.0,0.0,0.0,0.0,0.0,0.0,0.0,0.0,0.0,0.0,0.0,0.0,0.0,0.0,0.0,0.0,0.0,0.0,0.0,0.0,0.0,0.0,0.0,0.0,0.0,0.0,0.0,0.0,0.0,0.0,0.0,0.0,0.0,0.0,0.0,0.4160557805286973,0.36441609409044656,0.3136445308888271,0.0,0.0,0.0,0.0,0.0,0.0,0.0,0.0,0.4160557805286973,0.0,0.0,0.0,0.0,0.0,0.3836906839970921,0.0,0.0,0.0,0.0,0.0,0.0,0.0,0.0,0.0,0.0,0.0,0.0,0.0,0.0,0.0,0.0,0.32939301753631406,0.0,0.0,0.0,0.0
5.0,2025-04-28,"그냥 솔직히 말해서
가격이 개 쌉니다. 
빵은 튀소, 명란바게트, 야끼소바빵 이정도 구매했는데 웨이팅이 있긴 하지만 충분히 기다릴 정도 수준의 빵이...",0,85,그냥 솔직히 말해서 가격이 개 쌉니다 빵은 튀소 명란바게트 야끼소바빵 이정도 구매했는데 웨이팅이 있긴 하지만 충분히 기다릴 정도 수준의 빵이,솔직히 말해서 가격 쌉니다 빵은 튀소 명란바게트 야끼소바빵 이정 구매했는데 웨이팅 있긴 하지 충분히 기다릴 수준 빵이,2025,4,2025-04,2,0,월,0,78,17,긍정,1,0.2431008391285055,0.0,0.0,0.0,0.0,0.0,0.0,0.0,0.0,0.0,0.0,0.0,0.0,0.0,0.0,0.0,0.0,0.0,0.0,0.0,0.0,0.0,0.0,0.0,0.0,0.0,0.0,0.0,0.0,0.0,0.0,0.0,0.0,0.0,0.0,0.0,0.32297941539414743,0.0,0.0,0.0,0.0,0.0,0.0,0.0,0.0,0.0,0.30409033084199355,0.0,0.30989485818131374,0.0,0.0,0.0,0.0,0.0,0.0,0.0,0.0,0.0,0.40221333554701577,0.0,0.0,0.0,0.0,0.2844060589974443,0.0,0.0,0.0,0.4126722186687774,0.0,0.0,0.0,0.0,0.0,0.0,0.0,0.0,0.0,0.0,0.0,0.0,0.0,0.0,0.0,0.0,0.0,0.0,0.0,0.0,0.0,0.0,0.0,0.0,0.3266231084372957,0.0,0.0,0.0,0.0,0.3583812747553854,0.0,0.0
4.0,2025-04-30,"기다리는게 힘들어 별하나 아이들이 정말 좋아해요
근처 살지만 그래서 더 오기. 힘든 곳! 😹",1,51,기다리는게 힘들어 별하나 아이들이 정말 좋아해요 근처 살지만 그래서 더 오기 힘든 곳,기다리는게 힘들어 별하나 아이들 좋아해요 근처 살지 오기 힘든,2025,4,2025-04,2,2,수,0,47,9,긍정,1,0.0,0.0,0.0,0.0,0.0,0.0,0.0,0.0,0.0,0.0,0.0,0.0,0.0,0.0,0.0,0.0,0.0,0.0,0.0,0.0,0.0,0.0,0.0,0.0,0.0,0.0,0.0,0.0,0.0,0.0,0.0,0.0,0.0,0.0,0.0,0.0,0.0,0.0,0.0,0.0,0.0,0.0,0.0,0.0,0.0,0.0,0.0,0.0,0.0,0.0,0.0,0.0,0.0,0.0,0.0,0.0,0.0,0.0,0.0,0.0,0.0,0.0,0.0,0.0,0.0,0.0,0.0,0.0,0.0,0.0,0.0,0.0,0.0,0.0,0.0,0.0,0.0,0.0,0.0,0.0,0.0,0.0,0.0,0.0,0.0,0.0,0.0,0.0,0.0,0.0,0.0,0.0,0.0,0.0,0.0,0.0,0.0,0.0,0.0,0.0
4.0,2025-05-02,맛있고 다 좋은데 왜 이렇게 무질서한지 모르겠습니다. 차라리 한 줄로 빵을 사면 이해가 되는데 자유롭게 알아서 하라고 하니 너무 혼란스럽네요.,0,79,맛있고 다 좋은데 왜 이렇게 무질서한지 모르겠습니다 차라리 한 줄로 빵을 사면 이해가 되는데 자유롭게 알아서 하라고 하니 너무 혼란스럽네요,맛있고 좋은데 이렇게 무질서한지 모르겠습니다 차라리 줄로 빵을 사면 이해 되는데 자유롭게 알아서 하라고 하니 혼란스럽네요,2025,5,2025-05,2,4,금,0,77,16,긍정,0,0.0,0.0,0.0,0.0,0.0,0.0,0.0,0.0,0.0,0.0,0.0,0.0,0.0,0.0,0.0,0.0,0.0,0.0,0.0,0.0,0.0,0.0,0.0,0.0,0.0,0.5262555997082764,0.0,0.0,0.0,0.0,0.0,0.0,0.0,0.0,0.0,0.0,0.0,0.0,0.0,0.0,0.0,0.0,0.0,0.0,0.0,0.0,0.0,0.5365907727651321,0.0,0.0,0.0,0.0,0.0,0.0,0.0,0.0,0.0,0.0,0.0,0.0,0.0,0.0,0.0,0.0,0.0,0.6596403462183016,0.0,0.0,0.0,0.0,0.0,0.0,0.0,0.0,0.0,0.0,0.0,0.0,0.0,0.0,0.0,0.0,0.0,0.0,0.0,0.0,0.0,0.0,0.0,0.0,0.0,0.0,0.0,0.0,0.0,0.0,0.0,0.0,0.0,0.0
5.0,2025-05-06,"좋은재료로 정직하게 판매한다는게 느껴져요! 빵이 엄청 특별하게 맛있다기보다는 평범한데, 빵 자체가 양이 많고 재료도 푸짐하고, 신제품이 잘 나오는점, 그리고 바르고 곧은 경영이념이 인기비결이지 않을까 싶습니다. 그리도 빵을 제법 많이 담았...",0,136,좋은재료로 정직하게 판매한다는게 느껴져요 빵이 엄청 특별하게 맛있다기보다는 평범한데 빵 자체가 양이 많고 재료도 푸짐하고 신제품이 잘 나오는점 그리고 바르고 곧은 경영이념이 인기비결이지 않을까 싶습니다 그리도 빵을 제법 많이 담았,좋은재료 정직하게 판매한다는게 느껴져요 빵이 특별하게 맛있다기 평범한데 자체 양이 많고 재료 푸짐 신제품 나오는점 바르고 곧은 경영이념 인기비결이지 않을까 싶습니다 그리 빵을 제법 담았,2025,5,2025-05,2,1,화,0,128,25,긍정,0,0.0,0.0,0.0,0.0,0.0,0.0,0.0,0.0,0.0,0.0,0.0,0.0,0.0,0.0,0.0,0.6095985691875305,0.0,0.0,0.0,0.0,0.0,0.0,0.0,0.0,0.0,0.0,0.0,0.0,0.0,0.0,0.0,0.0,0.0,0.0,0.0,0.0,0.0,0.0,0.0,0.0,0.0,0.0,0.0,0.0,0.0,0.0,0.0,0.5632885173243436,0.5577594738729752,0.0,0.0,0.0,0.0,0.0,0.0,0.0,0.0,0.0,0.0,0.0,0.0,0.0,0.0,0.0,0.0,0.0,0.0,0.0,0.0,0.0,0.0,0.0,0.0,0.0,0.0,0.0,0.0,0.0,0.0,0.0,0.0,0.0,0.0,0.0,0.0,0.0,0.0,0.0,0.0,0.0,0.0,0.0,0.0,0.0,0.0,0.0,0.0,0.0,0.0,0.0
5.0,2025-05-06,대전 갈때마다 들리는곳 맛있어요,0,17,대전 갈때마다 들리는곳 맛있어요,대전 갈때마다 들리는곳 맛있어요,2025,5,2025-05,2,1,화,0,17,4,긍정,0,0.0,0.0,0.0,0.0,0.0,0.0,0.0,0.0,0.0,0.0,0.0,0.0,0.6196632975065913,0.0,0.0,0.0,0.0,0.0,0.0,0.0,0.0,0.0,0.0,0.0,0.0,0.0,0.0,0.0,0.784867758111682,0.0,0.0,0.0,0.0,0.0,0.0,0.0,0.0,0.0,0.0,0.0,0.0,0.0,0.0,0.0,0.0,0.0,0.0,0.0,0.0,0.0,0.0,0.0,0.0,0.0,0.0,0.0,0.0,0.0,0.0,0.0,0.0,0.0,0.0,0.0,0.0,0.0,0.0,0.0,0.0,0.0,0.0,0.0,0.0,0.0,0.0,0.0,0.0,0.0,0.0,0.0,0.0,0.0,0.0,0.0,0.0,0.0,0.0,0.0,0.0,0.0,0.0,0.0,0.0,0.0,0.0,0.0,0.0,0.0,0.0,0.0
5.0,2025-05-10,맛있고 가성비 좋아요,0,11,맛있고 가성비 좋아요,맛있고 가성비 좋아요,2025,5,2025-05,2,5,토,1,11,3,긍정,0,0.0,0.0,0.0,0.5141681831941474,0.0,0.0,0.0,0.0,0.0,0.0,0.0,0.0,0.0,0.0,0.0,0.0,0.0,0.0,0.0,0.0,0.0,0.0,0.0,0.0,0.0,0.5674123140870105,0.0,0.0,0.0,0.0,0.0,0.0,0.0,0.0,0.0,0.0,0.0,0.0,0.0,0.0,0.0,0.0,0.0,0.0,0.0,0.0,0.0,0.0,0.0,0.0,0.0,0.0,0.0,0.0,0.0,0.0,0.0,0.0,0.0,0.0,0.0,0.0,0.0,0.0,0.0,0.0,0.0,0.0,0.0,0.0,0.0,0.0,0.0,0.0,0.0,0.0,0.0,0.0,0.0,0.643175205689129,0.0,0.0,0.0,0.0,0.0,0.0,0.0,0.0,0.0,0.0,0.0,0.0,0.0,0.0,0.0,0.0,0.0,0.0,0.0,0.0
3.0,2025-05-11,케이크만 파는 곳이랑 너무 헷갈리네요..토요일 오전 8시 반쯤 가니 줄은 안 서고 들어갔습니다,0,52,케이크만 파는 곳이랑 너무 헷갈리네요 토요일 오전 8시 반쯤 가니 줄은 안 서고 들어갔습니다,케이크 파는 헷갈리네요 토요일 오전 8시 반쯤 가니 줄은 서고 들어갔습니다,2025,5,2025-05,2,6,일,1,51,11,중립,0,0.0,0.0,0.0,0.0,0.0,0.0,0.0,0.0,0.0,0.0,0.0,0.0,0.0,0.0,0.0,0.0,0.0,0.0,0.0,0.0,0.0,0.0,0.0,0.0,0.0,0.0,0.0,0.0,0.0,0.0,0.0,0.0,0.0,0.0,0.0,0.0,0.0,0.0,0.0,0.0,0.0,0.0,0.0,0.0,0.0,0.0,0.0,0.0,0.0,0.0,0.0,0.0,0.0,0.0,0.0,0.0,0.0,0.0,0.0,0.0,0.0,0.0,0.5066353310867235,0.0,0.0,0.0,0.0,0.0,0.0,0.0,0.0,0.0,0.0,0.0,0.0,0.0,0.0,0.0,0.0,0.0,0.0,0.0,0.0,0.6166706290157071,0.0,0.0,0.0,0.0,0.0,0.0,0.6025263285567014,0.0,0.0,0.0,0.0,0.0,0.0,0.0,0.0,0.0
5.0,2025-05-11,"매번 대전 방문하면 꼭 들리는 가성비 빵 맛집 ><
갈때마다 사람 속에서 빵 고르는게 힘들지만 그만큼 가성비와 맛 모두 충족하는 빵 맛집, 최근에 샌드위치 정거장이 따로 생겨서 복잡함이 좀 덜해짐, 애플브리치즈 샌드위치 꼭 먹기!!!!! 존맛탱",0,136,매번 대전 방문하면 꼭 들리는 가성비 빵 맛집 갈때마다 사람 속에서 빵 고르는게 힘들지만 그만큼 가성비와 맛 모두 충족하는 빵 맛집 최근에 샌드위치 정거장이 따로 생겨서 복잡함이 좀 덜해짐 애플브리치즈 샌드위치 꼭 먹기 존맛탱,매번 대전 방문하면 들리 가성비 맛집 갈때마다 사람 고르는게 힘들지 그만큼 가성비 모두 충족하 맛집 최근 샌드위치 정거장 따로 생겨서 복잡함 덜해짐 애플브리치즈 샌드위치 먹기 존맛탱,2025,5,2025-05,2,6,일,1,126,26,긍정,0,0.0,0.0,0.0,0.5732656091727966,0.0,0.0,0.0,0.0,0.0,0.0,0.0,0.0,0.22965519368786688,0.0,0.0,0.0,0.0,0.0,0.0,0.0,0.0,0.0,0.0,0.0,0.0,0.0,0.0,0.0,0.0,0.0,0.0,0.0,0.0,0.0,0.0,0.0,0.0,0.0,0.0,0.0,0.0,0.0,0.0,0.0,0.0,0.0,0.0,0.0,0.0,0.0,0.23493274888487356,0.0,0.0,0.0,0.7506208342787507,0.0,0.0,0.0,0.0,0.0,0.0,0.0,0.0,0.0,0.0,0.0,0.0,0.0,0.0,0.0,0.0,0.0,0.0,0.0,0.0,0.0,0.0,0.0,0.0,0.0,0.0,0.0,0.0,0.0,0.0,0.0,0.0,0.0,0.0,0.0,0.0,0.0,0.0,0.0,0.0,0.0,0.0,0.0,0.0,0.0
1.0,2025-05-12,명란바게트에서 비닐이 나왔습니다. 명란 짤주머니에서 나온 것 같은데 위생 관리에 더 신경을 쓰시길 바랍니다.,0,60,명란바게트에서 비닐이 나왔습니다 명란 짤주머니에서 나온 것 같은데 위생 관리에 더 신경을 쓰시길 바랍니다,명란바게트 비닐 나왔습니다 명란 짤주머니 나온 같은데 위생 관리 신경 쓰시길 바랍니다,2025,5,2025-05,2,0,월,0,58,12,부정,0,0.0,0.0,0.0,0.0,0.0,0.0,0.0,0.0,0.0,0.0,0.0,0.0,0.0,0.0,0.0,0.0,0.0,0.0,0.0,0.0,0.0,0.0,0.0,0.0,0.0,0.0,0.0,0.0,0.0,0.0,0.0,0.0,0.0,0.0,0.0,0.7874878215667315,0.6163302125355234,0.0,0.0,0.0,0.0,0.0,0.0,0.0,0.0,0.0,0.0,0.0,0.0,0.0,0.0,0.0,0.0,0.0,0.0,0.0,0.0,0.0,0.0,0.0,0.0,0.0,0.0,0.0,0.0,0.0,0.0,0.0,0.0,0.0,0.0,0.0,0.0,0.0,0.0,0.0,0.0,0.0,0.0,0.0,0.0,0.0,0.0,0.0,0.0,0.0,0.0,0.0,0.0,0.0,0.0,0.0,0.0,0.0,0.0,0.0,0.0,0.0,0.0,0.0
2.0,2025-05-18,"딸기양은 진짜 많은데
빵도 맛없고 크림도 느끼해요...
이렇게까지 인기 많은 게 신기...",0,50,딸기양은 진짜 많은데 빵도 맛없고 크림도 느끼해요 이렇게까지 인기 많은 게 신기,딸기양 많은데 빵도 맛없고 크림 느끼해요 이렇게 인기 많은 신기,2025,5,2025-05,2,6,일,1,44,10,부정,0,0.0,0.0,0.0,0.0,0.0,0.0,0.0,0.0,0.0,0.0,0.0,0.0,0.0,0.0,0.0,0.0,0.0,0.0,0.5281068568877516,0.0,0.0,0.0,0.0,0.0,0.0,0.0,0.0,0.0,0.0,0.0,0.0,0.0,0.0,0.0,0.0,0.0,0.0,0.0,0.0,0.0,0.0,0.0,0.0,0.0,0.415124215274111,0.0,0.0,0.0,0.0,0.0,0.0,0.0,0.0,0.0,0.0,0.0,0.0,0.0,0.0,0.0,0.0,0.0,0.0,0.0,0.0,0.5051584990852979,0.0,0.0,0.5418393898592853,0.0,0.0,0.0,0.0,0.0,0.0,0.0,0.0,0.0,0.0,0.0,0.0,0.0,0.0,0.0,0.0,0.0,0.0,0.0,0.0,0.0,0.0,0.0,0.0,0.0,0.0,0.0,0.0,0.0,0.0,0.0
5.0,2025-05-19,"주차하기 어렵긴한데
가성비가 어마어마",0,20,주차하기 어렵긴한데 가성비가 어마어마,주차하기 어렵긴한데 가성비 어마어마,2025,5,2025-05,2,0,월,0,20,4,긍정,0,0.0,0.0,0.0,1.0,0.0,0.0,0.0,0.0,0.0,0.0,0.0,0.0,0.0,0.0,0.0,0.0,0.0,0.0,0.0,0.0,0.0,0.0,0.0,0.0,0.0,0.0,0.0,0.0,0.0,0.0,0.0,0.0,0.0,0.0,0.0,0.0,0.0,0.0,0.0,0.0,0.0,0.0,0.0,0.0,0.0,0.0,0.0,0.0,0.0,0.0,0.0,0.0,0.0,0.0,0.0,0.0,0.0,0.0,0.0,0.0,0.0,0.0,0.0,0.0,0.0,0.0,0.0,0.0,0.0,0.0,0.0,0.0,0.0,0.0,0.0,0.0,0.0,0.0,0.0,0.0,0.0,0.0,0.0,0.0,0.0,0.0,0.0,0.0,0.0,0.0,0.0,0.0,0.0,0.0,0.0,0.0,0.0,0.0,0.0,0.0
5.0,2025-05-19,"사람 많아 정신없으나 맛과 가격은 최고

일요일 오...",0,31,사람 많아 정신없으나 맛과 가격은 최고 일요일 오,사람 많아 정신없으나 맛과 가격 최고 일요일,2025,5,2025-05,2,0,월,0,27,7,긍정,0,0.3942459175103414,0.0,0.0,0.0,0.0,0.0,0.0,0.0,0.0,0.0,0.0,0.0,0.0,0.0,0.0,0.0,0.6373235658981969,0.0,0.0,0.0,0.0,0.0,0.0,0.0,0.0,0.0,0.0,0.0,0.0,0.0,0.0,0.0,0.0,0.0,0.0,0.0,0.0,0.0,0.0,0.0,0.0,0.0,0.0,0.0,0.0,0.0,0.0,0.0,0.0,0.0,0.369706170355523,0.0,0.0,0.0,0.0,0.0,0.0,0.0,0.0,0.0,0.0,0.0,0.0,0.0,0.0,0.0,0.0,0.0,0.0,0.0,0.0,0.0,0.0,0.0,0.0,0.0,0.0,0.0,0.0,0.0,0.0,0.0,0.0,0.0,0.0,0.0,0.0,0.5492778681853918,0.0,0.0,0.0,0.0,0.0,0.0,0.0,0.0,0.0,0.0,0.0,0.0
4.0,2025-05-22,"와 평일날 오후에 가서 그나마 대기줄 안서고 들어갔어요 근데도 매장안에 사람이 ㄷ ㄷ ㄷ ㄷ 
빵은  종류는 평범했지만 가격이 착하고 맛도 좋았습니다",0,83,와 평일날 오후에 가서 그나마 대기줄 안서고 들어갔어요 근데도 매장안에 사람이 빵은 종류는 평범했지만 가격이 착하고 맛도 좋았습니다,평일날 오후 가서 그나마 대기줄 안서고 들어갔어요 매장안 사람 빵은 종류 평범했지 가격 맛도 좋았습니다,2025,5,2025-05,2,3,목,0,73,15,긍정,1,0.31549089576151534,0.0,0.0,0.0,0.0,0.0,0.0,0.0,0.0,0.0,0.0,0.510011071173289,0.0,0.0,0.0,0.0,0.0,0.0,0.0,0.0,0.0,0.0,0.4395534841555822,0.0,0.0,0.0,0.0,0.0,0.0,0.0,0.0,0.0,0.0,0.0,0.0,0.0,0.0,0.0,0.0,0.0,0.0,0.0,0.0,0.0,0.0,0.0,0.3946417100561404,0.0,0.0,0.0,0.2958532369608211,0.0,0.0,0.0,0.0,0.0,0.0,0.0,0.0,0.0,0.0,0.0,0.0,0.0,0.0,0.0,0.0,0.0,0.0,0.0,0.0,0.0,0.0,0.0,0.0,0.0,0.0,0.4515259897311879,0.0,0.0,0.0,0.0,0.0,0.0,0.0,0.0,0.0,0.0,0.0,0.0,0.0,0.0,0.0,0.0,0.0,0.0,0.0,0.0,0.0,0.0
5.0,2025-05-22,바쁜와중에 친절하게 응대해주셔서 기분이 좋았습니다. 빵도 맛있었구요 다만 방문객들의 무질서와 짜증 그리고 끼어들기로 인해 기분이 좀 나빴습니다.,0,80,바쁜와중에 친절하게 응대해주셔서 기분이 좋았습니다 빵도 맛있었구요 다만 방문객들의 무질서와 짜증 그리고 끼어들기로 인해 기분이 좀 나빴습니다,바쁜와중 친절하게 응대해주셔서 기분 좋았습니다 빵도 맛있었구요 다만 방문객들 무질서 짜증 끼어들기 인해 기분 나빴습니다,2025,5,2025-05,2,3,목,0,78,15,긍정,0,0.0,0.0,0.0,0.0,0.0,0.0,0.0,0.0,0.0,0.0,0.0,0.0,0.0,0.0,0.0,0.0,0.0,0.0,0.0,0.0,0.0,0.0,0.0,0.0,0.0,0.0,0.0,0.0,0.0,0.0,0.0,0.0,0.0,0.0,0.0,0.0,0.0,0.0,0.0,0.0,0.0,0.0,0.0,0.0,1.0,0.0,0.0,0.0,0.0,0.0,0.0,0.0,0.0,0.0,0.0,0.0,0.0,0.0,0.0,0.0,0.0,0.0,0.0,0.0,0.0,0.0,0.0,0.0,0.0,0.0,0.0,0.0,0.0,0.0,0.0,0.0,0.0,0.0,0.0,0.0,0.0,0.0,0.0,0.0,0.0,0.0,0.0,0.0,0.0,0.0,0.0,0.0,0.0,0.0,0.0,0.0,0.0,0.0,0.0,0.0
5.0,2025-05-25,믿고가는 성심당! 직원분들 센스 무슨일이죠 ㅜㅜㅠ 다시 또 가고싶어요,0,38,믿고가는 성심당 직원분들 센스 무슨일이죠 다시 또 가고싶어요,믿고 성심당 직원분들 센스 무슨일이죠 가고싶어요,2025,5,2025-05,2,6,일,1,33,6,긍정,0,0.0,0.0,0.0,0.0,0.0,0.0,0.0,0.0,0.0,0.0,0.0,0.0,0.0,0.0,0.0,0.0,0.0,0.0,0.0,0.0,0.0,0.0,0.0,0.0,0.0,0.0,0.0,0.0,0.0,0.0,0.0,0.0,0.0,0.0,0.0,0.0,0.0,0.0,0.0,0.0,0.0,0.0,0.0,0.0,0.0,0.0,0.0,0.0,0.0,0.0,0.0,0.0,0.0,0.0,0.0,0.0,0.45579806325867556,0.0,0.0,0.0,0.0,0.0,0.0,0.0,0.0,0.0,0.0,0.0,0.0,0.0,0.0,0.0,0.0,0.0,0.0,0.0,0.0,0.0,0.0,0.0,0.0,0.0,0.0,0.0,0.0,0.8900832126995994,0.0,0.0,0.0,0.0,0.0,0.0,0.0,0.0,0.0,0.0,0.0,0.0,0.0,0.0
5.0,2025-05-26,"튀소 무척 싸고 맛있어요.
많이사서 집가서 나눠먹기 국룰",0,31,튀소 무척 싸고 맛있어요 많이사서 집가서 나눠먹기 국룰,튀소 무척 싸고 맛있어요 많이사서 집가서 나눠먹기 국룰,2025,5,2025-05,2,0,월,0,30,8,긍정,0,0.0,0.0,0.0,0.0,0.0,0.0,0.0,0.0,0.0,0.0,0.0,0.0,0.0,0.0,0.0,0.0,0.0,0.0,0.0,0.0,0.0,0.0,0.0,0.0,0.0,0.0,0.0,0.0,0.48350849269474255,0.0,0.0,0.0,0.0,0.0,0.0,0.0,0.0,0.0,0.0,0.0,0.0,0.0,0.0,0.0,0.0,0.0,0.0,0.0,0.0,0.0,0.0,0.0,0.0,0.0,0.0,0.0,0.0,0.0,0.0,0.6731842690378232,0.0,0.0,0.0,0.0,0.0,0.0,0.0,0.0,0.0,0.0,0.0,0.0,0.0,0.0,0.0,0.0,0.0,0.0,0.0,0.0,0.0,0.0,0.0,0.0,0.0,0.0,0.0,0.0,0.0,0.0,0.0,0.0,0.5595019905345018,0.0,0.0,0.0,0.0,0.0,0.0,0.0
5.0,2025-05-30,망고시루 맛있어요,0,9,망고시루 맛있어요,망고시루 맛있어요,2025,5,2025-05,2,4,금,0,9,2,긍정,0,0.0,0.0,0.0,0.0,0.0,0.0,0.0,0.0,0.0,0.0,0.0,0.0,0.0,0.0,0.0,0.0,0.0,0.0,0.0,0.0,0.0,0.0,0.0,0.0,0.0,0.0,0.0,0.0,0.5744326413701832,0.0,0.0,0.818551855735771,0.0,0.0,0.0,0.0,0.0,0.0,0.0,0.0,0.0,0.0,0.0,0.0,0.0,0.0,0.0,0.0,0.0,0.0,0.0,0.0,0.0,0.0,0.0,0.0,0.0,0.0,0.0,0.0,0.0,0.0,0.0,0.0,0.0,0.0,0.0,0.0,0.0,0.0,0.0,0.0,0.0,0.0,0.0,0.0,0.0,0.0,0.0,0.0,0.0,0.0,0.0,0.0,0.0,0.0,0.0,0.0,0.0,0.0,0.0,0.0,0.0,0.0,0.0,0.0,0.0,0.0,0.0,0.0
2.0,2025-06-01,"주말에  와이프랑 딸이 빵을좋아해서 일부러 아침일찍 방문했습니다
8시오픈에인가에   9시쯤 도착했는데도  많은 사람들이 줄을서있네요..
우리나라사람들이  빵을 이리좋아했나하는 생각이...",0,104,주말에 와이프랑 딸이 빵을좋아해서 일부러 아침일찍 방문했습니다 8시오픈에인가에 9시쯤 도착했는데도 많은 사람들이 줄을서있네요 우리나라사람들이 빵을 이리좋아했나하는 생각이,주말 와이프 딸이 빵을좋아해서 일부러 아침일찍 방문했습니다 8시오픈에인 9시쯤 도착했는데 많은 사람들 줄을서있네요 우리나라사람들 빵을 이리좋아했나하 생각,2025,6,2025-06,2,6,일,1,94,17,부정,0,0.0,0.0,0.0,0.0,0.0,0.0,0.0,0.0,0.0,0.0,0.0,0.0,0.0,0.0,0.0,0.0,0.0,0.0,0.5089192709443962,0.0,0.0,0.0,0.0,0.0,0.0,0.0,0.0,0.0,0.0,0.0,0.0,0.0,0.0,0.0,0.0,0.0,0.0,0.0,0.0,0.0,0.0,0.0,0.0,0.0,0.0,0.0,0.0,0.39599594931855636,0.0,0.0,0.0,0.45345870201092414,0.0,0.0,0.0,0.44662118243497223,0.0,0.0,0.0,0.0,0.0,0.0,0.0,0.0,0.0,0.0,0.0,0.0,0.0,0.0,0.0,0.0,0.0,0.0,0.0,0.0,0.0,0.0,0.0,0.0,0.0,0.4231939375223549,0.0,0.0,0.0,0.0,0.0,0.0,0.0,0.0,0.0,0.0,0.0,0.0,0.0,0.0,0.0,0.0,0.0,0.0
5.0,2025-06-03,"평일에 가면 줄 없이 살 수 있음
근데 밖에 줄은 없어도 안에는 사람 바글바글함",0,44,평일에 가면 줄 없이 살 수 있음 근데 밖에 줄은 없어도 안에는 사람 바글바글함,평일 가면 없이 있음 밖에 줄은 없어 안에 사람 바글바글함,2025,6,2025-06,2,1,화,0,44,10,긍정,0,0.0,0.0,0.4349411988971036,0.0,0.0,0.0,0.0,0.0,0.0,0.0,0.0,0.0,0.0,0.0,0.0,0.0,0.0,0.0,0.0,0.0,0.0,0.0,0.0,0.0,0.0,0.0,0.0,0.0,0.0,0.0,0.0,0.0,0.0,0.0,0.0,0.0,0.0,0.0,0.45170740652309416,0.0,0.0,0.0,0.0,0.0,0.0,0.0,0.0,0.0,0.0,0.0,0.2676522139672615,0.0,0.0,0.0,0.0,0.0,0.0,0.0,0.0,0.0,0.0,0.0,0.0,0.0,0.0,0.0,0.0,0.0,0.0,0.0,0.0,0.0,0.0,0.4349411988971036,0.0,0.0,0.0,0.0,0.0,0.0,0.0,0.0,0.0,0.47222758624031214,0.0,0.0,0.0,0.0,0.0,0.0,0.0,0.0,0.0,0.0,0.0,0.3506795190029668,0.0,0.0,0.0,0.0
5.0,2025-06-04,"개맛있음 진짜 1박2일동안 두번 방문
밑에 4개는 다 다른 건물에 위치해있음!!! 참고참고

- 케이크부띠크: 망...",0,66,개맛있음 진짜 1박2일동안 두번 방문 밑에 4개는 다 다른 건물에 위치해있음 참고참고 케이크부띠크 망,개맛있음 1박2일동안 두번 방문 밑에 4개 다른 건물 위치해있음 참고참고 케이크부띠크,2025,6,2025-06,2,2,수,0,56,11,긍정,0,0.0,0.0,0.0,0.0,0.0,0.0,0.0,0.0,0.0,0.6680419666981036,0.0,0.0,0.0,0.0,0.0,0.0,0.0,0.0,0.0,0.0,0.0,0.0,0.0,0.0,0.0,0.0,0.0,0.0,0.0,0.0,0.0,0.0,0.0,0.0,0.0,0.0,0.0,0.0,0.0,0.7441235990950226,0.0,0.0,0.0,0.0,0.0,0.0,0.0,0.0,0.0,0.0,0.0,0.0,0.0,0.0,0.0,0.0,0.0,0.0,0.0,0.0,0.0,0.0,0.0,0.0,0.0,0.0,0.0,0.0,0.0,0.0,0.0,0.0,0.0,0.0,0.0,0.0,0.0,0.0,0.0,0.0,0.0,0.0,0.0,0.0,0.0,0.0,0.0,0.0,0.0,0.0,0.0,0.0,0.0,0.0,0.0,0.0,0.0,0.0,0.0,0.0
5.0,2025-06-04,"말해뭐해요 가성비좋고 맛도 좋습니다.
하지만 수많은 인파로 구매자체가 어렵습니다.",0,45,말해뭐해요 가성비좋고 맛도 좋습니다 하지만 수많은 인파로 구매자체가 어렵습니다,말해뭐해요 가성비좋고 맛도 좋습니다 하지 수많 인파 구매자체 어렵습니다,2025,6,2025-06,2,2,수,0,43,9,긍정,0,0.0,0.0,0.0,0.0,0.0,0.0,0.0,0.0,0.0,0.0,0.0,0.0,0.0,0.0,0.0,0.0,0.0,0.0,0.0,0.0,0.0,0.0,0.6868655236143489,0.0,0.0,0.0,0.0,0.0,0.0,0.0,0.0,0.0,0.0,0.0,0.0,0.0,0.0,0.0,0.0,0.0,0.0,0.0,0.0,0.0,0.0,0.0,0.0,0.0,0.0,0.0,0.0,0.0,0.0,0.0,0.0,0.0,0.0,0.0,0.0,0.0,0.0,0.0,0.0,0.0,0.0,0.0,0.0,0.0,0.0,0.0,0.0,0.0,0.0,0.0,0.0,0.0,0.0,0.0,0.0,0.0,0.0,0.0,0.0,0.0,0.0,0.0,0.0,0.0,0.0,0.0,0.0,0.0,0.0,0.0,0.0,0.0,0.0,0.7267845296028159,0.0,0.0
4.0,2025-06-08,"대기 줄이 좀 길긴 했지만 생각보다 빨리 빠집니다.  
새기치 하는 개/돼지들도 있으니 잘 보시기 바랍니다. 
직원들이 군데군데 서서 관리를 해줘 크게 ...",0,88,대기 줄이 좀 길긴 했지만 생각보다 빨리 빠집니다 새기치 하는 개 돼지들도 있으니 잘 보시기 바랍니다 직원들이 군데군데 서서 관리를 해줘 크게,대기 줄이 길긴 했지 생각 빨리 빠집니다 새기치 돼지들 있으니 보시기 바랍니다 직원들 군데군데 서서 관리 해줘 크게,2025,6,2025-06,2,6,일,1,79,18,긍정,1,0.0,0.0,0.0,0.0,0.0,0.0,0.0,0.0,0.0,0.0,0.49669388982794627,0.0,0.0,0.0,0.0,0.0,0.0,0.0,0.0,0.0,0.0,0.0,0.0,0.0,0.0,0.0,0.0,0.0,0.0,0.0,0.0,0.0,0.0,0.0,0.0,0.0,0.0,0.0,0.0,0.0,0.0,0.0,0.0,0.4383354499754115,0.0,0.0,0.0,0.0,0.0,0.0,0.0,0.0,0.0,0.0,0.0,0.4248449604182928,0.0,0.0,0.0,0.0,0.0,0.0,0.0,0.0,0.0,0.0,0.0,0.0,0.0,0.0,0.0,0.0,0.0,0.0,0.0,0.0,0.0,0.0,0.0,0.0,0.0,0.0,0.0,0.0,0.3660043066921492,0.0,0.0,0.0,0.0,0.0,0.0,0.0,0.0,0.0,0.0,0.0,0.0,0.0,0.0,0.49669388982794627
5.0,2025-06-08,임산부 프리패스 최고👍 임신확인서(또는 산모수첩)랑 신분증 들고 가면 프리패스 및 5% 할인된다.,1,54,임산부 프리패스 최고 임신확인서 또는 산모수첩 랑 신분증 들고 가면 프리패스 및 5 할인된다,임산부 프리패스 최고 임신확인서 또는 산모수첩 신분증 들고 가면 프리패스 할인된다,2025,6,2025-06,2,6,일,1,51,11,긍정,0,0.0,0.0,0.5555249631639714,0.0,0.0,0.0,0.0,0.0,0.0,0.0,0.0,0.0,0.0,0.0,0.0,0.0,0.0,0.0,0.0,0.0,0.0,0.0,0.0,0.0,0.0,0.0,0.0,0.0,0.0,0.0,0.0,0.0,0.0,0.0,0.0,0.0,0.0,0.0,0.0,0.0,0.0,0.0,0.0,0.0,0.0,0.0,0.0,0.0,0.0,0.0,0.0,0.0,0.0,0.0,0.0,0.0,0.0,0.0,0.0,0.0,0.0,0.0,0.0,0.0,0.0,0.0,0.0,0.0,0.0,0.6583527512075861,0.0,0.0,0.0,0.0,0.0,0.0,0.0,0.0,0.0,0.0,0.0,0.0,0.0,0.0,0.0,0.0,0.0,0.5079012406748683,0.0,0.0,0.0,0.0,0.0,0.0,0.0,0.0,0.0,0.0,0.0,0.0
5.0,2025-06-15,십년전에 갔다가 오랜만에 갔다 빵사러 줄을 서야한다는게 아직도 충격적이지만.. 빵은 죄가 없고 직원들은 친절하다,0,62,십년전에 갔다가 오랜만에 갔다 빵사러 줄을 서야한다는게 아직도 충격적이지만 빵은 죄가 없고 직원들은 친절하다,십년전 갔다 오랜 갔다 빵사러 줄을 서야한다는게 아직 충격적이지 빵은 죄가 없고 직원들 친절하다,2025,6,2025-06,2,6,일,1,60,14,긍정,0,0.0,0.0,0.0,0.0,0.0,0.0,0.0,0.0,0.0,0.0,0.0,0.0,0.0,0.0,0.0,0.0,0.0,0.0,0.0,0.0,0.0,0.0,0.0,0.0,0.0,0.0,0.0,0.0,0.0,0.0,0.0,0.0,0.0,0.0,0.0,0.0,0.0,0.0,0.0,0.0,0.0,0.0,0.0,0.0,0.0,0.0,0.6030802726093651,0.0,0.0,0.0,0.0,0.0,0.0,0.0,0.0,0.0,0.0,0.0,0.0,0.0,0.7976805029517857,0.0,0.0,0.0,0.0,0.0,0.0,0.0,0.0,0.0,0.0,0.0,0.0,0.0,0.0,0.0,0.0,0.0,0.0,0.0,0.0,0.0,0.0,0.0,0.0,0.0,0.0,0.0,0.0,0.0,0.0,0.0,0.0,0.0,0.0,0.0,0.0,0.0,0.0,0.0
4.0,2025-06-18,"가격도 좋고 맛있어요.

근데 주말 사람 많아서 근처 다른 곳에서 줄 섰다가 건물 앞에서 다시 대기줄...",0,59,가격도 좋고 맛있어요 근데 주말 사람 많아서 근처 다른 곳에서 줄 섰다가 건물 앞에서 다시 대기줄,가격 좋고 맛있어요 주말 사람 많아서 근처 다른 섰다 건물 대기줄,2025,6,2025-06,2,2,수,0,54,11,긍정,1,0.272284793627426,0.0,0.0,0.0,0.0,0.0,0.0,0.0,0.0,0.3793571584138188,0.0,0.4401656628693787,0.0,0.0,0.0,0.0,0.0,0.3617526939922034,0.0,0.0,0.0,0.0,0.0,0.0,0.0,0.0,0.0,0.0,0.31614499324849477,0.0,0.0,0.0,0.0,0.0,0.0,0.0,0.0,0.0,0.0,0.0,0.0,0.0,0.0,0.0,0.0,0.0,0.0,0.0,0.0,0.0,0.2553364887929348,0.0,0.0,0.0,0.0,0.0,0.0,0.0,0.0,0.0,0.0,0.0,0.0,0.0,0.0,0.0,0.0,0.0,0.0,0.0,0.0,0.0,0.0,0.0,0.0,0.0,0.0,0.0,0.3896900436211347,0.0,0.0,0.3746139423152445,0.0,0.0,0.0,0.0,0.0,0.0,0.0,0.0,0.0,0.0,0.0,0.0,0.0,0.0,0.0,0.0,0.0,0.0
5.0,2025-06-19,"이만치 삿는데 5만원 나옴
가성비 갑 ㅇㅈ
맛도 평타이상인듯",0,33,이만치 삿는데 5만원 나옴 가성비 갑 맛도 평타이상인듯,이만치 삿는데 5만원 나옴 가성비 맛도 평타이상인듯,2025,6,2025-06,2,3,목,0,30,7,긍정,0,0.0,0.0,0.0,0.634632189161446,0.0,0.0,0.0,0.0,0.0,0.0,0.0,0.0,0.0,0.0,0.0,0.0,0.0,0.0,0.0,0.0,0.0,0.0,0.7728143272999993,0.0,0.0,0.0,0.0,0.0,0.0,0.0,0.0,0.0,0.0,0.0,0.0,0.0,0.0,0.0,0.0,0.0,0.0,0.0,0.0,0.0,0.0,0.0,0.0,0.0,0.0,0.0,0.0,0.0,0.0,0.0,0.0,0.0,0.0,0.0,0.0,0.0,0.0,0.0,0.0,0.0,0.0,0.0,0.0,0.0,0.0,0.0,0.0,0.0,0.0,0.0,0.0,0.0,0.0,0.0,0.0,0.0,0.0,0.0,0.0,0.0,0.0,0.0,0.0,0.0,0.0,0.0,0.0,0.0,0.0,0.0,0.0,0.0,0.0,0.0,0.0,0.0
5.0,2025-06-20,"24.09.14
25.06.20",0,17,24 09 14 25 06 20,24 09 14 25 06 20,2025,6,2025-06,2,4,금,0,17,6,긍정,0,0.0,0.0,0.0,0.0,0.0,0.0,0.0,0.0,0.0,0.0,0.0,0.0,0.0,0.0,0.0,0.0,0.0,0.0,0.0,0.0,0.0,0.0,0.0,0.0,0.0,0.0,0.0,0.0,0.0,0.0,0.0,0.0,0.0,0.0,0.0,0.0,0.0,0.0,0.0,0.0,0.0,0.0,0.0,0.0,0.0,0.0,0.0,0.0,0.0,0.0,0.0,0.0,0.0,0.0,0.0,0.0,0.0,0.0,0.0,0.0,0.0,0.0,0.0,0.0,0.0,0.0,0.0,0.0,0.0,0.0,0.0,0.0,0.0,0.0,0.0,0.0,0.0,0.0,0.0,0.0,0.0,0.0,0.0,0.0,0.0,0.0,0.0,0.0,0.0,0.0,0.0,0.0,0.0,0.0,0.0,0.0,0.0,0.0,0.0,0.0
5.0,2025-06-28,처음 방문해봤는데 회전율이 높아 주차도 금방 했고 빵도 금방 사서 나왔어요 매장 내부는 복잡하고 시장통같지만요 ㅜ 빵이 맛있고 저렴해서 대전에 간다면 무조건 들리겠지만 성심당때문에 대전 갈 정도는 아닌듯해요,0,115,처음 방문해봤는데 회전율이 높아 주차도 금방 했고 빵도 금방 사서 나왔어요 매장 내부는 복잡하고 시장통같지만요 빵이 맛있고 저렴해서 대전에 간다면 무조건 들리겠지만 성심당때문에 대전 갈 정도는 아닌듯해요,처음 방문해봤는데 회전율 높아 주차 금방 했고 빵도 금방 사서 나왔어요 매장 내부 복잡 시장통같지만요 빵이 맛있고 저렴해서 대전 간다면 무조건 들리겠지 성심당때문 대전 아닌듯해요,2025,6,2025-06,2,5,토,1,113,25,긍정,0,0.0,0.0,0.0,0.0,0.0,0.0,0.5260185123946567,0.2675368944998519,0.0,0.0,0.0,0.0,0.32187458122841583,0.0,0.0,0.0,0.0,0.0,0.0,0.0,0.0,0.0,0.0,0.0,0.0,0.22166639843180508,0.0,0.0,0.0,0.0,0.0,0.0,0.26300925619732834,0.0,0.0,0.0,0.0,0.2778499647083571,0.0,0.0,0.0,0.0,0.0,0.0,0.22832882901574264,0.0,0.0,0.0,0.22380119071321905,0.0,0.0,0.0,0.29802538336503215,0.0,0.0,0.0,0.0,0.0,0.0,0.0,0.0,0.0,0.0,0.0,0.0,0.0,0.0,0.0,0.0,0.0,0.0,0.0,0.0,0.0,0.0,0.0,0.0,0.0,0.0,0.0,0.0,0.0,0.2778499647083571,0.0,0.0,0.0,0.2904721425338753,0.0,0.0,0.0,0.0,0.0,0.0,0.0,0.0,0.0,0.0,0.0,0.0,0.0
5.0,2025-07-06,본점에 사람 너무 많아서 옆에 위치한 케익부띠끄 들렸다가 망고시루 사서 내려왔네요 ^.^ 성심당 인기는 정말 볼때마다 놀랍습니다. 망고시루 너무 맛있어서 다음엔 다른거 먹어보고싶네요.,0,102,본점에 사람 너무 많아서 옆에 위치한 케익부띠끄 들렸다가 망고시루 사서 내려왔네요 성심당 인기는 정말 볼때마다 놀랍습니다 망고시루 너무 맛있어서 다음엔 다른거 먹어보고싶네요,본점 사람 많아서 옆에 위치한 케익부띠끄 들렸다 망고시루 사서 내려왔네요 성심당 인기 볼때마다 놀랍습니다 망고시루 맛있어서 다음엔 다른거 먹어보고싶네요,2025,7,2025-07,3,6,일,1,96,19,긍정,0,0.0,0.0,0.0,0.0,0.0,0.0,0.0,0.0,0.0,0.0,0.0,0.0,0.0,0.0,0.0,0.0,0.0,0.28246270647824145,0.0,0.0,0.0,0.0,0.0,0.0,0.0,0.0,0.0,0.0,0.0,0.0,0.0,0.7035139821626529,0.0,0.0,0.0,0.0,0.0,0.0,0.0,0.0,0.0,0.3042766681130009,0.0,0.0,0.0,0.0,0.0,0.0,0.0,0.0,0.19937110872948452,0.0,0.3609038416002897,0.0,0.0,0.0,0.1801294002459507,0.0,0.0,0.0,0.0,0.0,0.0,0.0,0.0,0.0,0.0,0.0,0.3609038416002897,0.0,0.0,0.0,0.0,0.0,0.0,0.0,0.0,0.0,0.0,0.0,0.0,0.0,0.0,0.0,0.0,0.0,0.0,0.0,0.0,0.0,0.0,0.0,0.0,0.0,0.0,0.0,0.0,0.0,0.0,0.0
3.0,2025-07-07,국내 최고의 빵집이라기보다는 최선의 빵집.,0,23,국내 최고의 빵집이라기보다는 최선의 빵집,국내 최고 빵집이라기 최선 빵집,2025,7,2025-07,3,0,월,0,22,5,중립,0,0.0,0.0,0.0,0.0,0.0,0.0,0.0,0.0,0.0,0.0,0.0,0.0,0.0,0.0,0.0,0.0,0.0,0.0,0.0,0.0,0.0,0.0,0.0,0.0,0.0,0.0,0.0,0.0,0.0,0.0,0.0,0.0,0.0,0.0,0.0,0.0,0.0,0.0,0.0,0.0,0.0,0.0,0.0,0.0,0.0,0.0,0.0,0.0,0.0,0.6582002702153678,0.0,0.0,0.0,0.0,0.0,0.0,0.0,0.0,0.0,0.0,0.0,0.0,0.0,0.0,0.0,0.0,0.0,0.0,0.0,0.0,0.0,0.0,0.0,0.0,0.0,0.0,0.0,0.0,0.0,0.0,0.0,0.0,0.0,0.0,0.0,0.0,0.0,0.75284288154197,0.0,0.0,0.0,0.0,0.0,0.0,0.0,0.0,0.0,0.0,0.0,0.0
5.0,2025-07-07,성심당은 줄서야하지만 줄 선 시간이 아깝지 않은 빵집이에요ㅠ 성심당을 위해 대전을 갈 가치가 있다고 생각해요! 소보로가 유명하지만 다른 빵도 다 맛있게 먹었어요. 보문산 메아리 (큰 거) 명란 바게뜨 꼭 사드셔보시고 고로케류도 개인적으로 맛있게 먹어서 추천해요! 그리...,0,152,성심당은 줄서야하지만 줄 선 시간이 아깝지 않은 빵집이에요 성심당을 위해 대전을 갈 가치가 있다고 생각해요 소보로가 유명하지만 다른 빵도 다 맛있게 먹었어요 보문산 메아리 큰 거 명란 바게뜨 꼭 사드셔보시고 고로케류도 개인적으로 맛있게 먹어서 추천해요 그리,성심당 줄서야하지 시간 아깝지 않은 빵집이에요 성심당 위해 대전 가치 있다고 생각해요 소보 유명하지 다른 빵도 맛있게 먹었어요 보문산 메아리 명란 바게뜨 사드셔보시고 고로케류 개인적 맛있게 먹어서 추천해요 그리,2025,7,2025-07,3,0,월,0,143,29,긍정,1,0.0,0.0,0.0,0.0,0.0,0.0,0.0,0.0,0.0,0.4356884012232968,0.0,0.0,0.28666410000927395,0.0,0.0,0.0,0.0,0.0,0.0,0.0,0.0,0.0,0.0,0.0,0.0,0.0,0.0,0.0,0.0,0.0,0.0,0.0,0.0,0.0,0.0,0.5308476237931244,0.0,0.0,0.0,0.0,0.0,0.0,0.0,0.0,0.40670299609350363,0.0,0.0,0.0,0.0,0.0,0.0,0.0,0.0,0.0,0.0,0.0,0.5298988432589011,0.0,0.0,0.0,0.0,0.0,0.0,0.0,0.0,0.0,0.0,0.0,0.0,0.0,0.0,0.0,0.0,0.0,0.0,0.0,0.0,0.0,0.0,0.0,0.0,0.0,0.0,0.0,0.0,0.0,0.0,0.0,0.0,0.0,0.0,0.0,0.0,0.0,0.0,0.0,0.0,0.0,0.0,0.0
5.0,2025-07-12,"튀김소보로 맛집이지만 튀소는 안먹었어요ㅋㅋㅋㅋㅋ
가성비 좋은 빵집이에요!
대전 갈일 있으면 또 들릴거같아요",0,59,튀김소보로 맛집이지만 튀소는 안먹었어요 가성비 좋은 빵집이에요 대전 갈일 있으면 또 들릴거같아요,튀김소보로 맛집이지 튀소 안먹었어요 가성비 좋은 빵집이에요 대전 갈일 있으면 들릴거같아요,2025,7,2025-07,3,5,토,1,53,11,긍정,0,0.0,0.0,0.0,0.39580426298091337,0.0,0.0,0.0,0.0,0.0,0.0,0.0,0.0,0.3171252669718967,0.0,0.0,0.0,0.0,0.0,0.0,0.0,0.0,0.0,0.0,0.0,0.0,0.0,0.0,0.0,0.0,0.0,0.0,0.0,0.0,0.0,0.0,0.0,0.0,0.0,0.0,0.0,0.0,0.0,0.0,0.0,0.0,0.0,0.0,0.0,0.0,0.0,0.0,0.0,0.0,0.0,0.0,0.0,0.0,0.0,0.0,0.0,0.0,0.0,0.0,0.0,0.0,0.0,0.0,0.0,0.0,0.0,0.0,0.0,0.0,0.0,0.0,0.0,0.0,0.0,0.0,0.0,0.5368770855435963,0.0,0.0,0.0,0.0,0.0,0.0,0.0,0.0,0.0,0.0,0.4883559662985222,0.4648031794781419,0.0,0.0,0.0,0.0,0.0,0.0,0.0
5.0,2025-07-18,성심당때문에 대전에서 살고 싶어여...🥺,1,22,성심당때문에 대전에서 살고 싶어여,성심당때문 대전 살고 싶어여,2025,7,2025-07,3,4,금,0,18,4,긍정,0,0.0,0.0,0.0,0.0,0.0,0.0,0.0,0.0,0.0,0.0,0.0,0.0,1.0,0.0,0.0,0.0,0.0,0.0,0.0,0.0,0.0,0.0,0.0,0.0,0.0,0.0,0.0,0.0,0.0,0.0,0.0,0.0,0.0,0.0,0.0,0.0,0.0,0.0,0.0,0.0,0.0,0.0,0.0,0.0,0.0,0.0,0.0,0.0,0.0,0.0,0.0,0.0,0.0,0.0,0.0,0.0,0.0,0.0,0.0,0.0,0.0,0.0,0.0,0.0,0.0,0.0,0.0,0.0,0.0,0.0,0.0,0.0,0.0,0.0,0.0,0.0,0.0,0.0,0.0,0.0,0.0,0.0,0.0,0.0,0.0,0.0,0.0,0.0,0.0,0.0,0.0,0.0,0.0,0.0,0.0,0.0,0.0,0.0,0.0,0.0
5.0,2025-07-19,대전 빵투어~성심당 워낙 유명하여 평일 오전 9시 도착(인천에서 버스로 2시간) 하였는데도 사람들도 많고 다행히 줄은 많이 안 서고 들어가서 여러가지 빵들도 구경하고 저렴하게 구입~마침 M본부에서 촬영을 하고 있어서 그런가 더 복잡하긴 했지만 재미...,0,141,대전 빵투어 성심당 워낙 유명하여 평일 오전 9시 도착 인천에서 버스로 2시간 하였는데도 사람들도 많고 다행히 줄은 많이 안 서고 들어가서 여러가지 빵들도 구경하고 저렴하게 구입 마침 M본부에서 촬영을 하고 있어서 그런가 더 복잡하긴 했지만 재미,대전 빵투어 성심당 워낙 유명하여 평일 오전 9시 도착 인천 버스 2시간 하였는데 사람들 많고 다행히 줄은 서고 들어가서 여러가지 빵들 구경 저렴하게 구입 마침 M본부 촬영 있어서 복잡하긴 했지 재미,2025,7,2025-07,3,5,토,1,137,31,긍정,0,0.0,0.0,0.0,0.0,0.0,0.0,0.0,0.0,0.0,0.0,0.0,0.0,0.21031196433793975,0.0,0.0,0.3196440834327131,0.0,0.0,0.0,0.0,0.0,0.0,0.0,0.0,0.0,0.0,0.0,0.0,0.0,0.0,0.0,0.0,0.0,0.0,0.0,0.0,0.0,0.0,0.0,0.0,0.0,0.0,0.0,0.0,0.0,0.3196440834327131,0.0,0.0,0.0,0.0,0.0,0.3382210444855621,0.0,0.0,0.0,0.0,0.1943809263569735,0.0,0.0,0.0,0.0,0.0,0.31185591858570405,0.0,0.0,0.0,0.0,0.0,0.0,0.0,0.0,0.0,0.35604755037922586,0.0,0.0,0.0,0.0,0.0,0.0,0.0,0.0,0.0,0.0,0.3795873948704105,0.0,0.0,0.0,0.0,0.0,0.0,0.0,0.0,0.0,0.0,0.0,0.28188426286685536,0.0,0.0,0.0,0.38945792835743237
5.0,2025-07-21,"솔직히 말 안 해도 다 알지 않나?

* 개인 메모용: 김치찹쌀주먹밥은 오후 2시에 나온다. 최애 메뉴가 의외로 찹쌀주먹밥인 나...",0,74,솔직히 말 안 해도 다 알지 않나 개인 메모용 김치찹쌀주먹밥은 오후 2시에 나온다 최애 메뉴가 의외로 찹쌀주먹밥인 나,솔직히 해도 알지 않나 개인 메모용 김치찹쌀주먹밥 오후 2시 나온다 최애 메뉴 의외 찹쌀주먹밥인,2025,7,2025-07,3,0,월,0,65,14,긍정,0,0.0,0.0,0.0,0.0,0.0,0.0,0.0,0.0,0.0,0.0,0.0,0.0,0.0,0.0,0.0,0.0,0.0,0.0,0.0,0.0,0.0,0.0,0.0,0.0,0.0,0.0,0.0,0.0,0.0,0.0,0.0,0.0,0.0,0.0,0.0,0.0,0.0,0.0,0.0,0.0,0.0,0.0,0.0,0.0,0.0,0.0,0.0,0.0,0.0,0.0,0.0,0.0,0.0,0.0,0.0,0.0,0.0,0.0,0.6979737288809016,0.0,0.0,0.0,0.0,0.0,0.0,0.0,0.0,0.0,0.0,0.0,0.0,0.0,0.0,0.0,0.0,0.0,0.0,0.0,0.0,0.0,0.0,0.0,0.0,0.0,0.0,0.0,0.0,0.0,0.7161233649254085,0.0,0.0,0.0,0.0,0.0,0.0,0.0,0.0,0.0,0.0,0.0
5.0,2025-07-23,가까이 있음 매일 가고 싶어요..샌드위치가 맛있어요.,0,29,가까이 있음 매일 가고 싶어요 샌드위치가 맛있어요,가까 있음 매일 가고 싶어요 샌드위치 맛있어요,2025,7,2025-07,3,2,수,0,27,7,긍정,0,0.0,0.56248683209943,0.0,0.0,0.0,0.0,0.0,0.0,0.0,0.0,0.0,0.0,0.0,0.0,0.0,0.0,0.0,0.0,0.0,0.0,0.0,0.0,0.0,0.0,0.0,0.0,0.0,0.0,0.3947346700575103,0.0,0.0,0.0,0.0,0.0,0.0,0.0,0.0,0.0,0.0,0.0,0.0,0.0,0.0,0.0,0.0,0.0,0.0,0.0,0.0,0.0,0.0,0.0,0.0,0.0,0.5093061318746243,0.0,0.0,0.0,0.0,0.0,0.0,0.0,0.0,0.0,0.0,0.0,0.0,0.0,0.0,0.0,0.0,0.0,0.0,0.5180737090455798,0.0,0.0,0.0,0.0,0.0,0.0,0.0,0.0,0.0,0.0,0.0,0.0,0.0,0.0,0.0,0.0,0.0,0.0,0.0,0.0,0.0,0.0,0.0,0.0,0.0,0.0
3.0,2025-07-23,"입장하고 질서 없는게 너무 혼란스러움
성심당 뒷편건물 지하에 빵보관소 엄청 큰 빵 보관소 있음
정신없어서 무슨빵 샀는지도 기억...",0,73,입장하고 질서 없는게 너무 혼란스러움 성심당 뒷편건물 지하에 빵보관소 엄청 큰 빵 보관소 있음 정신없어서 무슨빵 샀는지도 기억,입장 질서 없는게 혼란스러움 성심당 뒷편건물 지하 빵보관소 보관소 있음 정신없어서 무슨빵 샀는지 기억,2025,7,2025-07,3,2,수,0,70,14,중립,0,0.0,0.0,0.0,0.0,0.0,0.0,0.0,0.0,0.0,0.0,0.0,0.0,0.0,0.0,0.0,0.0,0.0,0.0,0.0,0.0,0.0,0.0,0.0,0.0,0.0,0.0,0.0,0.0,0.0,0.0,0.0,0.0,0.0,0.0,0.0,0.0,0.0,0.0,0.0,0.0,0.0,0.0,0.0,0.0,0.0,0.0,0.0,0.0,0.0,0.0,0.0,0.0,0.0,0.0,0.0,0.0,0.34816924869231225,0.0,0.0,0.0,0.0,0.0,0.0,0.0,0.0,0.0,0.0,0.0,0.0,0.0,0.6975852870690211,0.0,0.0,0.6262211602380283,0.0,0.0,0.0,0.0,0.0,0.0,0.0,0.0,0.0,0.0,0.0,0.0,0.0,0.0,0.0,0.0,0.0,0.0,0.0,0.0,0.0,0.0,0.0,0.0,0.0,0.0
5.0,2025-07-23,판매 제한이 걸린 데는 이유가 있습니다... 망고롤을 사십시오... 그리고 빵만 사더라도 꼭 보냉백을 구입하십시오.... 33도 무더위에 어떻게 살아돌아왔는지 기억이 안 나지만 나중에 쓰기 개좋아보여서 두 개 사왔는데 너무 기대됩니다 전 망고롤을 사고 집안의 자랑이 되었습니다,0,154,판매 제한이 걸린 데는 이유가 있습니다 망고롤을 사십시오 그리고 빵만 사더라도 꼭 보냉백을 구입하십시오 33도 무더위에 어떻게 살아돌아왔는지 기억이 안 나지만 나중에 쓰기 개좋아보여서 두 개 사왔는데 너무 기대됩니다 전 망고롤을 사고 집안의 자랑이 되었습니다,판매 제한 걸린 데는 이유 있습니다 망고롤 사십시오 빵만 사더 보냉백 구입하십시오 33 무더위 어떻게 살아돌아왔는지 기억 나지 나중 쓰기 개좋아보여서 사왔는데 기대됩니다 망고롤 사고 집안 자랑 되었습니다,2025,7,2025-07,3,2,수,0,144,28,긍정,0,0.0,0.0,0.0,0.0,0.0,0.0,0.0,0.0,0.0,0.0,0.0,0.0,0.0,0.0,0.0,0.0,0.0,0.0,0.0,0.0,0.0,0.0,0.0,0.0,0.0,0.0,0.0,0.0,0.0,0.0,0.0,0.0,0.0,0.0,0.0,0.0,0.0,0.0,0.0,0.0,0.0,0.0,0.0,0.0,0.0,0.0,0.0,0.0,0.0,0.0,0.0,0.0,0.0,0.0,0.0,0.0,0.0,0.0,0.0,0.0,0.0,0.0,0.0,0.0,0.0,0.0,0.6896246088794347,0.0,0.0,0.0,0.0,0.7241670379324696,0.0,0.0,0.0,0.0,0.0,0.0,0.0,0.0,0.0,0.0,0.0,0.0,0.0,0.0,0.0,0.0,0.0,0.0,0.0,0.0,0.0,0.0,0.0,0.0,0.0,0.0,0.0,0.0
4.0,2025-07-24,웨이팅이 있지만 생각보다 빨리 줄고 빵 박물관 온 거 처럼 볼거리로도 가볼만하다고 생각합니다,0,51,웨이팅이 있지만 생각보다 빨리 줄고 빵 박물관 온 거 처럼 볼거리로도 가볼만하다고 생각합니다,웨이팅 있지 생각 빨리 줄고 박물관 볼거리 가볼만하다고 생각합니다,2025,7,2025-07,3,3,목,0,51,9,긍정,1,0.0,0.0,0.0,0.0,0.0,0.0,0.0,0.0,0.0,0.0,0.0,0.0,0.0,0.0,0.0,0.0,0.0,0.0,0.0,0.0,0.0,0.0,0.0,0.0,0.0,0.0,0.0,0.0,0.0,0.0,0.0,0.0,0.0,0.0,0.0,0.0,0.0,0.0,0.0,0.0,0.0,0.0,0.0,0.626315658102701,0.0,0.0,0.0,0.0,0.0,0.0,0.0,0.0,0.0,0.0,0.0,0.6070397705477054,0.0,0.0,0.0,0.0,0.0,0.0,0.0,0.4891128840960641,0.0,0.0,0.0,0.0,0.0,0.0,0.0,0.0,0.0,0.0,0.0,0.0,0.0,0.0,0.0,0.0,0.0,0.0,0.0,0.0,0.0,0.0,0.0,0.0,0.0,0.0,0.0,0.0,0.0,0.0,0.0,0.0,0.0,0.0,0.0,0.0
5.0,2025-07-25,말모말모 주기적으로 가줘야함,0,15,말모말모 주기적으로 가줘야함,말모말모 주기적 가줘야함,2025,7,2025-07,3,4,금,0,15,3,긍정,0,0.0,0.0,0.0,0.0,0.0,0.0,0.0,0.0,0.0,0.0,0.0,0.0,0.0,0.0,0.0,0.0,0.0,0.0,0.0,0.0,0.0,0.0,0.0,0.0,0.0,0.0,0.0,0.0,0.0,0.0,0.0,0.0,0.0,0.0,0.0,0.0,0.0,0.0,0.0,0.0,0.0,0.0,0.0,0.0,0.0,0.0,0.0,0.0,0.0,0.0,0.0,0.0,0.0,0.0,0.0,0.0,0.0,0.0,0.0,0.0,0.0,0.0,0.0,0.0,0.0,0.0,0.0,0.0,0.0,0.0,0.0,0.0,0.0,0.0,0.0,0.0,0.0,0.0,0.0,0.0,0.0,0.0,0.0,0.0,0.0,0.0,0.0,0.0,0.0,0.0,0.0,0.0,0.0,0.0,0.0,0.0,0.0,0.0,0.0,0.0
5.0,2025-07-26,성심당 빵 최고네용 ㅎㅎ 주차는 근처 공영주차장 가면 자리 널널합니다!,0,39,성심당 빵 최고네용 주차는 근처 공영주차장 가면 자리 널널합니다,성심당 최고네용 주차 근처 공영주차장 가면 자리 널널합니다,2025,7,2025-07,3,5,토,1,35,8,긍정,0,0.0,0.0,0.6471575409897162,0.0,0.0,0.0,0.0,0.0,0.0,0.0,0.0,0.0,0.0,0.0,0.0,0.0,0.0,0.0,0.0,0.0,0.0,0.0,0.0,0.0,0.0,0.0,0.0,0.0,0.0,0.0,0.0,0.0,0.0,0.0,0.0,0.0,0.0,0.0,0.0,0.0,0.0,0.0,0.0,0.0,0.0,0.0,0.0,0.0,0.0,0.0,0.0,0.0,0.0,0.0,0.0,0.0,0.35980955154295474,0.0,0.0,0.0,0.0,0.0,0.0,0.0,0.0,0.0,0.0,0.0,0.0,0.0,0.0,0.0,0.0,0.0,0.0,0.0,0.0,0.0,0.0,0.0,0.0,0.0,0.6721043101770748,0.0,0.0,0.0,0.0,0.0,0.0,0.0,0.0,0.0,0.0,0.0,0.0,0.0,0.0,0.0,0.0,0.0
5.0,2025-07-29,"부추빵, 카레고로케, 찹쌀주먹밥, 미니메아리, 꽈배기 등 샀는데 부추빵이 진심 맛있음
부추전이 빵...",0,57,부추빵 카레고로케 찹쌀주먹밥 미니메아리 꽈배기 등 샀는데 부추빵이 진심 맛있음 부추전이 빵,부추빵 카레고로케 찹쌀주먹밥 미니메아리 꽈배기 샀는데 부추빵 진심 맛있음 부추전,2025,7,2025-07,3,1,화,0,50,10,긍정,0,0.0,0.0,0.0,0.0,0.0,0.0,0.0,0.0,0.0,0.0,0.0,0.0,0.0,0.0,0.0,0.0,0.0,0.0,0.0,0.0,0.0,0.0,0.0,0.0,0.0,0.0,0.0,0.0,0.0,0.0,0.41074411124758897,0.0,0.0,0.0,0.0,0.0,0.0,0.0,0.0,0.0,0.0,0.0,0.786629713159604,0.0,0.0,0.0,0.0,0.0,0.0,0.0,0.0,0.0,0.0,0.4609804436739889,0.0,0.0,0.0,0.0,0.0,0.0,0.0,0.0,0.0,0.0,0.0,0.0,0.0,0.0,0.0,0.0,0.0,0.0,0.0,0.0,0.0,0.0,0.0,0.0,0.0,0.0,0.0,0.0,0.0,0.0,0.0,0.0,0.0,0.0,0.0,0.0,0.0,0.0,0.0,0.0,0.0,0.0,0.0,0.0,0.0,0.0
5.0,2025-07-29,"국내한정으로 보자면 올타임 no1빵집인건 거의
대부분 인정하실듯.... 길게쓸말이없다 ㅎ...",0,52,국내한정으로 보자면 올타임 no1빵집인건 거의 대부분 인정하실듯 길게쓸말이없다,국내한정 보자면 올타임 no1빵집인건 거의 대부분 인정하실듯 길게쓸말이없다,2025,7,2025-07,3,1,화,0,43,8,긍정,0,0.0,0.0,0.0,0.0,0.0,0.0,0.0,0.0,0.0,0.0,0.0,0.0,0.0,0.0,0.0,0.0,0.0,0.0,0.0,0.0,0.0,0.0,0.0,0.0,0.0,0.0,0.0,0.0,0.0,0.0,0.0,0.0,0.0,0.0,0.0,0.0,0.0,0.0,0.0,0.0,0.0,0.0,0.0,0.0,0.0,0.0,0.0,0.0,0.0,0.0,0.0,0.0,0.0,0.0,0.0,0.0,0.0,0.0,0.0,0.0,0.0,0.0,0.0,0.0,0.0,0.0,0.0,0.0,0.0,0.0,0.0,0.0,0.0,0.0,0.0,0.0,0.0,0.0,0.0,0.0,0.0,0.0,0.0,0.0,0.0,0.0,0.0,0.0,0.0,0.0,0.0,0.0,0.0,0.0,0.0,0.0,0.0,0.0,0.0,0.0
5.0,2025-08-01,통팥이라맛있어요,0,8,통팥이라맛있어요,통팥이라맛있어요,2025,8,2025-08,3,4,금,0,8,1,긍정,0,0.0,0.0,0.0,0.0,0.0,0.0,0.0,0.0,0.0,0.0,0.0,0.0,0.0,0.0,0.0,0.0,0.0,0.0,0.0,0.0,0.0,0.0,0.0,0.0,0.0,0.0,0.0,0.0,0.0,0.0,0.0,0.0,0.0,0.0,0.0,0.0,0.0,0.0,0.0,0.0,0.0,0.0,0.0,0.0,0.0,0.0,0.0,0.0,0.0,0.0,0.0,0.0,0.0,0.0,0.0,0.0,0.0,0.0,0.0,0.0,0.0,0.0,0.0,0.0,0.0,0.0,0.0,0.0,0.0,0.0,0.0,0.0,0.0,0.0,0.0,0.0,0.0,0.0,0.0,0.0,0.0,0.0,0.0,0.0,0.0,0.0,0.0,0.0,0.0,0.0,0.0,0.0,0.0,0.0,0.0,0.0,0.0,0.0,0.0,0.0
4.0,2025-08-02,"토요일 1시반 웨이팅 시작 30분 뒤 입장
내부는 혼돈의 카오스
20가지 넘게 구매해서 5만원쯤 나왔는데 가...",0,63,토요일 1시반 웨이팅 시작 30분 뒤 입장 내부는 혼돈의 카오스 20가지 넘게 구매해서 5만원쯤 나왔는데 가,토요일 1시반 웨이팅 시작 30분 입장 내부 혼돈 카오스 20가지 넘게 구매해서 5만원쯤 나왔는데,2025,8,2025-08,3,5,토,1,60,14,긍정,1,0.0,0.0,0.0,0.0,0.0,0.0,0.0,0.5027951130870965,0.0,0.0,0.0,0.0,0.0,0.0,0.0,0.0,0.0,0.0,0.0,0.0,0.0,0.0,0.0,0.0,0.0,0.0,0.0,0.0,0.0,0.0,0.0,0.0,0.0,0.0,0.0,0.0,0.0,0.0,0.0,0.0,0.0,0.0,0.0,0.0,0.0,0.0,0.0,0.0,0.0,0.0,0.0,0.0,0.0,0.0,0.0,0.0,0.0,0.0,0.0,0.0,0.0,0.0,0.0,0.38600615802963345,0.0,0.0,0.0,0.0,0.0,0.0,0.5600936147964801,0.0,0.0,0.0,0.0,0.0,0.0,0.0,0.0,0.0,0.0,0.0,0.0,0.0,0.0,0.0,0.0,0.0,0.0,0.0,0.5333774112981797,0.0,0.0,0.0,0.0,0.0,0.0,0.0,0.0,0.0
5.0,2025-08-04,우유푸딩❤️ 진짜 맛있음; 레전드; 명란바게트❤️ 얼려놨던거 후라이팬에 살짝 구워먹으면 극락체험,2,53,우유푸딩 진짜 맛있음 레전드 명란바게트 얼려놨던거 후라이팬에 살짝 구워먹으면 극락체험,우유푸딩 맛있음 레전드 명란바게트 얼려놨던거 후라이팬 살짝 구워먹으면 극락체험,2025,8,2025-08,3,0,월,0,47,9,긍정,0,0.0,0.0,0.0,0.0,0.0,0.0,0.0,0.0,0.0,0.0,0.0,0.0,0.0,0.0,0.0,0.0,0.0,0.0,0.0,0.0,0.0,0.0,0.0,0.0,0.0,0.0,0.0,0.0,0.0,0.0,0.7428443331933319,0.0,0.0,0.0,0.0,0.0,0.6694641862284749,0.0,0.0,0.0,0.0,0.0,0.0,0.0,0.0,0.0,0.0,0.0,0.0,0.0,0.0,0.0,0.0,0.0,0.0,0.0,0.0,0.0,0.0,0.0,0.0,0.0,0.0,0.0,0.0,0.0,0.0,0.0,0.0,0.0,0.0,0.0,0.0,0.0,0.0,0.0,0.0,0.0,0.0,0.0,0.0,0.0,0.0,0.0,0.0,0.0,0.0,0.0,0.0,0.0,0.0,0.0,0.0,0.0,0.0,0.0,0.0,0.0,0.0,0.0
5.0,2025-08-05,두 말이 필요없는 지역 명소,0,15,두 말이 필요없는 지역 명소,말이 필요없 지역 명소,2025,8,2025-08,3,1,화,0,15,4,긍정,0,0.0,0.0,0.0,0.0,0.0,0.0,0.0,0.0,0.0,0.0,0.0,0.0,0.0,0.0,0.0,0.0,0.0,0.0,0.0,0.0,0.0,1.0,0.0,0.0,0.0,0.0,0.0,0.0,0.0,0.0,0.0,0.0,0.0,0.0,0.0,0.0,0.0,0.0,0.0,0.0,0.0,0.0,0.0,0.0,0.0,0.0,0.0,0.0,0.0,0.0,0.0,0.0,0.0,0.0,0.0,0.0,0.0,0.0,0.0,0.0,0.0,0.0,0.0,0.0,0.0,0.0,0.0,0.0,0.0,0.0,0.0,0.0,0.0,0.0,0.0,0.0,0.0,0.0,0.0,0.0,0.0,0.0,0.0,0.0,0.0,0.0,0.0,0.0,0.0,0.0,0.0,0.0,0.0,0.0,0.0,0.0,0.0,0.0,0.0,0.0
5.0,2025-08-06,평일 9시 조금 넘어서 도착했는데 웨이팅 없고 계산 대기줄만 길었어요. 없는 빵 있을까봐 걱정했는데 다 있었고 품절된 빵도 없었습니다!사람 많아서 불친절하실 줄 알았는데 정말 친절하게 다 해주셨어요🥹엄청 많이 담았는...,1,123,평일 9시 조금 넘어서 도착했는데 웨이팅 없고 계산 대기줄만 길었어요 없는 빵 있을까봐 걱정했는데 다 있었고 품절된 빵도 없었습니다 사람 많아서 불친절하실 줄 알았는데 정말 친절하게 다 해주셨어요 엄청 많이 담았는,평일 9시 넘어서 도착했는데 웨이팅 없고 계산 대기줄 길었어요 있을까봐 걱정했는데 있었고 품절된 빵도 없었습니다 사람 많아서 불친절하실 알았는데 친절하게 해주셨어요 담았,2025,8,2025-08,3,2,수,0,119,22,긍정,1,0.0,0.0,0.0,0.0,0.0,0.0,0.0,0.0,0.0,0.0,0.0,0.4560507636303885,0.0,0.0,0.0,0.0,0.0,0.37480795586150145,0.0,0.0,0.0,0.0,0.0,0.0,0.0,0.0,0.0,0.0,0.0,0.0,0.0,0.0,0.0,0.0,0.0,0.0,0.0,0.0,0.0,0.0,0.0,0.0,0.0,0.0,0.3668991315203111,0.0,0.0,0.0,0.0,0.0,0.26455130538266475,0.0,0.0,0.0,0.0,0.0,0.0,0.0,0.0,0.0,0.46675655144351,0.0,0.0,0.33004472894153764,0.0,0.0,0.0,0.0,0.0,0.0,0.0,0.0,0.0,0.0,0.0,0.0,0.0,0.0,0.0,0.0,0.0,0.0,0.0,0.0,0.0,0.0,0.0,0.0,0.0,0.0,0.0,0.0,0.0,0.0,0.0,0.3466166901744648,0.0,0.0,0.0,0.0
5.0,2025-08-07,"대전인들은 잘 안 먹는다던데 왜 난 맨날 먹고싶지??
이번 생일에도 망고시루 무조건 먹을거에요 
진짜...",0,59,대전인들은 잘 안 먹는다던데 왜 난 맨날 먹고싶지 이번 생일에도 망고시루 무조건 먹을거에요 진짜,대전인들 먹는다던데 맨날 먹고싶지 이번 생일 망고시루 무조건 먹을거에요,2025,8,2025-08,3,3,목,0,53,9,긍정,0,0.0,0.0,0.0,0.0,0.0,0.0,0.0,0.0,0.0,0.0,0.0,0.0,0.0,0.0,0.0,0.0,0.0,0.0,0.0,0.0,0.0,0.0,0.0,0.0,0.0,0.0,0.0,0.0,0.0,0.0,0.0,0.7226331015593348,0.0,0.0,0.0,0.0,0.0,0.6912317994209586,0.0,0.0,0.0,0.0,0.0,0.0,0.0,0.0,0.0,0.0,0.0,0.0,0.0,0.0,0.0,0.0,0.0,0.0,0.0,0.0,0.0,0.0,0.0,0.0,0.0,0.0,0.0,0.0,0.0,0.0,0.0,0.0,0.0,0.0,0.0,0.0,0.0,0.0,0.0,0.0,0.0,0.0,0.0,0.0,0.0,0.0,0.0,0.0,0.0,0.0,0.0,0.0,0.0,0.0,0.0,0.0,0.0,0.0,0.0,0.0,0.0,0.0
5.0,2025-08-10,여전히 맛있어요! 임산부 프리패스로 이용했는데 빵을 두 번 고르고 결제를 두 번 했었습니다. 첫 번째 결제할 때에는 임산부할인 받고 온누리상품권 결제를 했는데 두 번째 결제시 임산부 할인 5%와 온누리 상품권 중복이 안된다고 안내...,0,131,여전히 맛있어요 임산부 프리패스로 이용했는데 빵을 두 번 고르고 결제를 두 번 했었습니다 첫 번째 결제할 때에는 임산부할인 받고 온누리상품권 결제를 했는데 두 번째 결제시 임산부 할인 5 와 온누리 상품권 중복이 안된다고 안내,여전히 맛있어요 임산부 프리패스 이용했는데 빵을 고르고 결제 했었습니다 번째 결제할 때에 임산부할인 받고 온누리상품권 결제 했는데 번째 결제시 임산부 할인 온누리 상품권 중복 안된다고 안내,2025,8,2025-08,3,6,일,1,126,26,긍정,0,0.0,0.0,0.0,0.0,0.0,0.0,0.0,0.0,0.0,0.0,0.0,0.0,0.0,0.0,0.0,0.0,0.0,0.0,0.0,0.0,0.0,0.0,0.0,0.0,0.0,0.0,0.0,0.0,0.2668423953432289,0.0,0.0,0.0,0.0,0.0,0.0,0.0,0.0,0.0,0.0,0.0,0.0,0.0,0.0,0.0,0.0,0.0,0.0,0.2958719301768207,0.0,0.0,0.0,0.0,0.0,0.0,0.0,0.0,0.0,0.0,0.0,0.0,0.0,0.0,0.0,0.0,0.0,0.0,0.0,0.0,0.0,0.8300919122505653,0.0,0.0,0.0,0.0,0.0,0.0,0.0,0.0,0.0,0.0,0.0,0.0,0.0,0.0,0.0,0.0,0.0,0.0,0.0,0.0,0.0,0.0,0.0,0.0,0.0,0.0,0.0,0.0,0.3901312012607173,0.0
5.0,2025-08-14,제발저믿고마라고로케 드셔주셔요,0,16,제발저믿고마라고로케 드셔주셔요,제발저믿고마라고로케 드셔주셔요,2025,8,2025-08,3,3,목,0,16,2,긍정,0,0.0,0.0,0.0,0.0,0.0,0.0,0.0,0.0,0.0,0.0,0.0,0.0,0.0,0.0,0.0,0.0,0.0,0.0,0.0,0.0,0.0,0.0,0.0,0.0,0.0,0.0,0.0,0.0,0.0,0.0,0.0,0.0,0.0,0.0,0.0,0.0,0.0,0.0,0.0,0.0,0.0,0.0,0.0,0.0,0.0,0.0,0.0,0.0,0.0,0.0,0.0,0.0,0.0,0.0,0.0,0.0,0.0,0.0,0.0,0.0,0.0,0.0,0.0,0.0,0.0,0.0,0.0,0.0,0.0,0.0,0.0,0.0,0.0,0.0,0.0,0.0,0.0,0.0,0.0,0.0,0.0,0.0,0.0,0.0,0.0,0.0,0.0,0.0,0.0,0.0,0.0,0.0,0.0,0.0,0.0,0.0,0.0,0.0,0.0,0.0
3.0,2025-08-14,"튀김소보루랑 고로케류는 맛있음 나머지는 아주아주 평범함... 베스트셀러인 작은 메아리도 너무너무 평범한 퀸아망이었음
명란바게트도 특별히 맛있지 않았음 오히려 다른 빵집들에 비하면 맛...",0,104,튀김소보루랑 고로케류는 맛있음 나머지는 아주아주 평범함 베스트셀러인 작은 메아리도 너무너무 평범한 퀸아망이었음 명란바게트도 특별히 맛있지 않았음 오히려 다른 빵집들에 비하면 맛,튀김소보루 고로케류 맛있음 나머지 아주아주 평범함 베스트셀러인 작은 메아리 너무너무 평범한 퀸아망이었음 명란바게트 특별히 맛있지 않았음 오히려 다른 빵집들 비하면,2025,8,2025-08,3,3,목,0,98,20,중립,0,0.0,0.0,0.0,0.0,0.0,0.0,0.0,0.0,0.0,0.5745841391296206,0.0,0.0,0.0,0.0,0.0,0.0,0.0,0.0,0.0,0.0,0.0,0.0,0.0,0.0,0.0,0.0,0.0,0.0,0.0,0.0,0.6079776155849503,0.0,0.0,0.0,0.0,0.0,0.5479199631408872,0.0,0.0,0.0,0.0,0.0,0.0,0.0,0.0,0.0,0.0,0.0,0.0,0.0,0.0,0.0,0.0,0.0,0.0,0.0,0.0,0.0,0.0,0.0,0.0,0.0,0.0,0.0,0.0,0.0,0.0,0.0,0.0,0.0,0.0,0.0,0.0,0.0,0.0,0.0,0.0,0.0,0.0,0.0,0.0,0.0,0.0,0.0,0.0,0.0,0.0,0.0,0.0,0.0,0.0,0.0,0.0,0.0,0.0,0.0,0.0,0.0,0.0,0.0
5.0,2025-08-16,"성심당은 단순한 빵집을 넘어, ‘대전의 상징’이라고 불릴 만큼 특별한 의미를 가진 곳입니다. 이번에 직접 방문했을 때 느낀 건, 단순히 빵 맛만이 아니라 분위기, 서비스, ...",0,99,성심당은 단순한 빵집을 넘어 대전의 상징 이라고 불릴 만큼 특별한 의미를 가진 곳입니다 이번에 직접 방문했을 때 느낀 건 단순히 빵 맛만이 아니라 분위기 서비스,성심당 단순한 빵집 넘어 대전 상징 이라고 불릴 만큼 특별한 의미 가진 곳입니다 이번 직접 방문했 느낀 단순히 맛만 아니라 분위기 서비스,2025,8,2025-08,3,5,토,1,89,22,긍정,0,0.0,0.0,0.0,0.0,0.0,0.0,0.0,0.0,0.0,0.0,0.0,0.0,0.5255939842656101,0.0,0.0,0.0,0.0,0.0,0.0,0.0,0.0,0.0,0.0,0.0,0.0,0.0,0.0,0.0,0.0,0.0,0.0,0.0,0.0,0.0,0.0,0.0,0.0,0.0,0.0,0.0,0.0,0.0,0.0,0.0,0.0,0.0,0.0,0.0,0.0,0.6984041062246354,0.0,0.0,0.0,0.0,0.0,0.0,0.4857804731690743,0.0,0.0,0.0,0.0,0.0,0.0,0.0,0.0,0.0,0.0,0.0,0.0,0.0,0.0,0.0,0.0,0.0,0.0,0.0,0.0,0.0,0.0,0.0,0.0,0.0,0.0,0.0,0.0,0.0,0.0,0.0,0.0,0.0,0.0,0.0,0.0,0.0,0.0,0.0,0.0,0.0,0.0,0.0
5.0,2025-08-24,"✅ 솔직 후기

대전은 성심당 없으면, 시체라는 말이 괜히 있는게 아니다. 
대전 시내가 대부분 ...",1,57,솔직 후기 대전은 성심당 없으면 시체라는 말이 괜히 있는게 아니다 대전 시내가 대부분,솔직 후기 대전 성심당 없으면 시체라 말이 괜히 있는게 아니다 대전 시내 대부분,2025,8,2025-08,3,6,일,1,47,13,긍정,0,0.0,0.0,0.0,0.0,0.0,0.0,0.0,0.0,0.0,0.0,0.0,0.0,0.7022160791615233,0.0,0.0,0.0,0.0,0.0,0.0,0.0,0.0,0.6337071049765074,0.0,0.0,0.0,0.0,0.0,0.0,0.0,0.0,0.0,0.0,0.0,0.0,0.0,0.0,0.0,0.0,0.0,0.0,0.0,0.0,0.0,0.0,0.0,0.0,0.0,0.0,0.0,0.0,0.0,0.0,0.0,0.0,0.0,0.0,0.3245117613728525,0.0,0.0,0.0,0.0,0.0,0.0,0.0,0.0,0.0,0.0,0.0,0.0,0.0,0.0,0.0,0.0,0.0,0.0,0.0,0.0,0.0,0.0,0.0,0.0,0.0,0.0,0.0,0.0,0.0,0.0,0.0,0.0,0.0,0.0,0.0,0.0,0.0,0.0,0.0,0.0,0.0,0.0,0.0
5.0,2025-08-29,"가격 저렴한데 맛도 있고, 내용물도 풍성하니 너무 좋아요. 오래오래 영업해주세요",0,44,가격 저렴한데 맛도 있고 내용물도 풍성하니 너무 좋아요 오래오래 영업해주세요,가격 저렴한데 맛도 있고 내용물 풍성하니 좋아요 오래오래 영업해주세요,2025,8,2025-08,3,4,금,0,42,9,긍정,0,0.44768838374598313,0.0,0.0,0.0,0.0,0.0,0.0,0.0,0.0,0.0,0.0,0.0,0.0,0.0,0.0,0.0,0.0,0.0,0.0,0.0,0.0,0.0,0.6237358717326652,0.0,0.0,0.0,0.0,0.0,0.0,0.0,0.0,0.0,0.0,0.0,0.0,0.0,0.0,0.0,0.0,0.0,0.0,0.0,0.0,0.0,0.0,0.0,0.0,0.0,0.0,0.0,0.0,0.0,0.0,0.0,0.0,0.0,0.0,0.0,0.0,0.0,0.0,0.0,0.0,0.0,0.0,0.0,0.0,0.0,0.0,0.0,0.0,0.0,0.0,0.0,0.0,0.0,0.0,0.0,0.0,0.6407251152973492,0.0,0.0,0.0,0.0,0.0,0.0,0.0,0.0,0.0,0.0,0.0,0.0,0.0,0.0,0.0,0.0,0.0,0.0,0.0,0.0
3.0,2025-09-11,"주차하기 어렵고
빵사는게 전쟁입니다",0,19,주차하기 어렵고 빵사는게 전쟁입니다,주차하기 어렵고 빵사는게 전쟁입니다,2025,9,2025-09,3,3,목,0,19,4,중립,0,0.0,0.0,0.0,0.0,0.0,0.0,0.0,0.0,0.0,0.0,0.0,0.0,0.0,0.0,0.0,0.0,0.0,0.0,0.0,0.0,0.0,0.0,0.0,0.0,0.0,0.0,0.0,0.0,0.0,0.0,0.0,0.0,0.0,0.0,0.0,0.0,0.0,0.0,0.0,0.0,0.0,0.0,0.0,0.0,0.0,0.0,0.0,0.0,0.0,0.0,0.0,0.0,0.0,0.0,0.0,0.0,0.0,0.0,0.0,0.0,0.0,0.0,0.0,0.0,0.0,0.0,0.0,0.0,0.0,0.0,0.0,0.0,0.0,0.0,0.0,0.0,0.0,0.0,0.0,0.0,0.0,0.0,0.0,0.0,0.0,0.0,0.0,0.0,0.0,0.0,0.0,0.0,0.0,0.0,0.0,0.0,0.0,0.0,0.0,0.0
5.0,2025-09-11,"+주말 11시 본점, 부띠끄, 샌드위치 다돌면 1시간소요
재구매빵: 무화과크루아상, 아몬드크루아상, 명란바게뜨, 크리미튀소,초코튀소,빅매치
+...",0,82,주말 11시 본점 부띠끄 샌드위치 다돌면 1시간소요 재구매빵 무화과크루아상 아몬드크루아상 명란바게뜨 크리미튀소 초코튀소 빅매치,주말 11시 본점 부띠끄 샌드위치 다돌면 1시간소요 재구매빵 무화과크루아상 아몬드크루아상 명란바게뜨 크리미튀소 초코튀소 빅매치,2025,9,2025-09,3,3,목,0,70,14,긍정,0,0.0,0.0,0.0,0.0,0.0,0.0,0.0,0.0,0.0,0.0,0.0,0.0,0.0,0.0,0.0,0.0,0.0,0.0,0.0,0.0,0.0,0.0,0.0,0.0,0.0,0.0,0.0,0.0,0.0,0.0,0.0,0.0,0.0,0.0,0.0,0.0,0.0,0.0,0.0,0.0,0.0,0.5754548079179945,0.0,0.0,0.0,0.0,0.0,0.0,0.0,0.0,0.0,0.0,0.0,0.0,0.6023540761686813,0.0,0.0,0.0,0.0,0.0,0.0,0.0,0.0,0.0,0.0,0.0,0.0,0.0,0.0,0.0,0.0,0.0,0.0,0.0,0.0,0.0,0.0,0.0,0.0,0.0,0.0,0.5531919476700999,0.0,0.0,0.0,0.0,0.0,0.0,0.0,0.0,0.0,0.0,0.0,0.0,0.0,0.0,0.0,0.0,0.0,0.0
5.0,2025-09-13,"대전의 자랑이자 명물이자 문화.
가성비든 맛이든 GOAT 그 자체.
손님들의 예의는 전국 최하.",0,53,대전의 자랑이자 명물이자 문화 가성비든 맛이든 GOAT 그 자체 손님들의 예의는 전국 최하,대전 자랑이자 명물이자 문화 가성비든 맛이든 GOAT 자체 손님들 예의 전국 최하,2025,9,2025-09,3,5,토,1,50,12,긍정,0,0.0,0.0,0.0,0.0,0.0,0.0,0.0,0.0,0.0,0.0,0.0,0.0,1.0,0.0,0.0,0.0,0.0,0.0,0.0,0.0,0.0,0.0,0.0,0.0,0.0,0.0,0.0,0.0,0.0,0.0,0.0,0.0,0.0,0.0,0.0,0.0,0.0,0.0,0.0,0.0,0.0,0.0,0.0,0.0,0.0,0.0,0.0,0.0,0.0,0.0,0.0,0.0,0.0,0.0,0.0,0.0,0.0,0.0,0.0,0.0,0.0,0.0,0.0,0.0,0.0,0.0,0.0,0.0,0.0,0.0,0.0,0.0,0.0,0.0,0.0,0.0,0.0,0.0,0.0,0.0,0.0,0.0,0.0,0.0,0.0,0.0,0.0,0.0,0.0,0.0,0.0,0.0,0.0,0.0,0.0,0.0,0.0,0.0,0.0,0.0
4.0,2025-09-15,"좀 늦게 방문해서 거의 대기없이 바바로 구매  
가성비 굳!!",0,34,좀 늦게 방문해서 거의 대기없이 바바로 구매 가성비 굳,늦게 방문해서 거의 대기없 바바 구매 가성비,2025,9,2025-09,3,0,월,0,30,7,긍정,1,0.0,0.0,0.0,1.0,0.0,0.0,0.0,0.0,0.0,0.0,0.0,0.0,0.0,0.0,0.0,0.0,0.0,0.0,0.0,0.0,0.0,0.0,0.0,0.0,0.0,0.0,0.0,0.0,0.0,0.0,0.0,0.0,0.0,0.0,0.0,0.0,0.0,0.0,0.0,0.0,0.0,0.0,0.0,0.0,0.0,0.0,0.0,0.0,0.0,0.0,0.0,0.0,0.0,0.0,0.0,0.0,0.0,0.0,0.0,0.0,0.0,0.0,0.0,0.0,0.0,0.0,0.0,0.0,0.0,0.0,0.0,0.0,0.0,0.0,0.0,0.0,0.0,0.0,0.0,0.0,0.0,0.0,0.0,0.0,0.0,0.0,0.0,0.0,0.0,0.0,0.0,0.0,0.0,0.0,0.0,0.0,0.0,0.0,0.0,0.0
5.0,2025-09-16,화요일 낮 12시반쯤 방문했는데 십여분 대기하고 구매완료~ 확실히 프랜차이즈 빵집들보다 저렴하고 맛있네요,0,58,화요일 낮 12시반쯤 방문했는데 십여분 대기하고 구매완료 확실히 프랜차이즈 빵집들보다 저렴하고 맛있네요,화요일 12시반쯤 방문했는데 십여분 대기 구매완료 확실히 프랜차이즈 빵집들 저렴 맛있네요,2025,9,2025-09,3,1,화,0,57,11,긍정,1,0.0,0.0,0.0,0.0,0.0,0.0,0.0,0.0,0.0,0.0,0.6245424447346282,0.0,0.0,0.0,0.0,0.0,0.0,0.0,0.0,0.0,0.0,0.0,0.0,0.0,0.0,0.0,0.5947520621877403,0.0,0.0,0.0,0.0,0.0,0.0,0.0,0.0,0.0,0.0,0.0,0.0,0.0,0.0,0.0,0.0,0.0,0.0,0.0,0.0,0.0,0.0,0.0,0.0,0.0,0.0,0.0,0.0,0.0,0.0,0.0,0.0,0.0,0.0,0.0,0.0,0.0,0.0,0.0,0.0,0.0,0.0,0.0,0.0,0.0,0.0,0.0,0.0,0.5061785448320819,0.0,0.0,0.0,0.0,0.0,0.0,0.0,0.0,0.0,0.0,0.0,0.0,0.0,0.0,0.0,0.0,0.0,0.0,0.0,0.0,0.0,0.0,0.0,0.0
5.0,2025-09-17,평일에 조금 기다리긴 했지만 들어가서 빵 고르니까 행복해졌어요 ㅋㅋㅋ 역시나 가격도 너무 저렴하고 맛도 있어서 최고네요,0,66,평일에 조금 기다리긴 했지만 들어가서 빵 고르니까 행복해졌어요 역시나 가격도 너무 저렴하고 맛도 있어서 최고네요,평일 기다리긴 했지 들어가서 고르니까 행복해졌어요 역시나 가격 저렴 맛도 있어서 최고네요,2025,9,2025-09,3,2,수,0,62,12,긍정,1,0.2931856328405194,0.0,0.0,0.0,0.0,0.0,0.0,0.0,0.0,0.0,0.0,0.0,0.0,0.0,0.0,0.0,0.0,0.0,0.0,0.0,0.0,0.0,0.40847697398160443,0.0,0.0,0.0,0.0,0.0,0.0,0.0,0.0,0.0,0.0,0.0,0.0,0.0,0.0,0.0,0.0,0.0,0.0,0.0,0.0,0.0,0.0,0.0,0.0,0.0,0.0,0.0,0.0,0.0,0.0,0.0,0.0,0.0,0.0,0.0,0.0,0.0,0.0,0.0,0.0,0.0,0.0,0.0,0.0,0.0,0.0,0.0,0.0,0.0,0.4549973971380715,0.0,0.0,0.4033696641130163,0.0,0.0,0.0,0.0,0.0,0.0,0.0,0.0,0.0,0.0,0.0,0.0,0.0,0.0,0.0,0.0,0.0,0.0,0.0,0.3602232504113486,0.0,0.0,0.0,0.49769291632165213
5.0,2025-09-21,헤헵 빵을 그렇게 많이 샀는데 2만원! 성심당의 사랑을 잘 보고왓습니다!💕💕 최고(영상은 대전역점),2,55,헤헵 빵을 그렇게 많이 샀는데 2만원 성심당의 사랑을 잘 보고왓습니다 최고 영상은 대전역점,헤헵 빵을 그렇게 샀는데 2만원 성심당 사랑 보고왓습니다 최고 영상 대전역점,2025,9,2025-09,3,6,일,1,50,11,긍정,0,0.0,0.0,0.0,0.0,0.0,0.0,0.0,0.0,0.0,0.0,0.0,0.0,0.0,0.0,0.0,0.0,0.0,0.0,0.0,0.0,0.0,0.0,0.0,0.0,0.0,0.0,0.0,0.0,0.0,0.0,0.0,0.0,0.0,0.0,0.0,0.0,0.0,0.0,0.0,0.0,0.0,0.0,0.0,0.0,0.0,0.0,0.0,0.48473251995385286,0.0,0.0,0.0,0.0,0.0,0.6229602123013305,0.0,0.0,0.31900844123659494,0.0,0.0,0.0,0.0,0.0,0.0,0.0,0.0,0.0,0.0,0.0,0.0,0.0,0.0,0.0,0.0,0.0,0.0,0.0,0.0,0.0,0.0,0.0,0.0,0.0,0.0,0.0,0.0,0.0,0.0,0.524584190010018,0.0,0.0,0.0,0.0,0.0,0.0,0.0,0.0,0.0,0.0,0.0,0.0
5.0,2025-09-23,"평일 웨이팅: 밖에서 대기 7~8분
주차: 만원 이상 구매시 한시간 무료...",0,43,평일 웨이팅 밖에서 대기 7 8분 주차 만원 이상 구매시 한시간 무료,평일 웨이팅 대기 8분 주차 만원 이상 구매시 한시간 무료,2025,9,2025-09,3,1,화,0,38,10,긍정,1,0.0,0.0,0.0,0.0,0.0,0.0,0.0,0.0,0.0,0.0,0.590484390403227,0.0,0.0,0.0,0.0,0.0,0.0,0.0,0.0,0.0,0.0,0.0,0.0,0.0,0.0,0.0,0.0,0.0,0.0,0.0,0.0,0.0,0.0,0.0,0.0,0.0,0.0,0.0,0.0,0.0,0.0,0.0,0.0,0.0,0.0,0.0,0.0,0.0,0.0,0.0,0.0,0.0,0.0,0.0,0.0,0.0,0.0,0.0,0.0,0.0,0.0,0.0,0.0,0.4069509183725339,0.0,0.0,0.0,0.0,0.0,0.0,0.0,0.0,0.0,0.0,0.0,0.0,0.0,0.0,0.0,0.0,0.0,0.0,0.5505103799612209,0.0,0.0,0.0,0.0,0.0,0.0,0.0,0.0,0.0,0.0,0.0,0.0,0.4273844361705664,0.0,0.0,0.0,0.0
5.0,2025-09-23,"냄새부터 씐나~~
평일 오전 방문은 진리
담기 바쁜 손들의 스냅이 ...",0,40,냄새부터 씐나 평일 오전 방문은 진리 담기 바쁜 손들의 스냅이,냄새 씐나 평일 오전 방문 진리 담기 바쁜 손들 스냅,2025,9,2025-09,3,1,화,0,34,10,긍정,0,0.0,0.0,0.0,0.0,0.0,0.0,0.0,0.0,0.0,0.0,0.0,0.0,0.0,0.0,0.0,0.0,0.0,0.0,0.0,0.0,0.0,0.0,0.0,0.0,0.0,0.0,0.0,0.0,0.0,0.0,0.0,0.0,0.0,0.0,0.0,0.0,0.0,0.0,0.0,0.6463102232381136,0.0,0.0,0.0,0.0,0.0,0.0,0.0,0.0,0.0,0.0,0.0,0.0,0.0,0.0,0.0,0.0,0.0,0.0,0.0,0.0,0.0,0.0,0.5660919957027556,0.0,0.0,0.0,0.0,0.0,0.0,0.0,0.0,0.0,0.0,0.0,0.0,0.0,0.0,0.0,0.0,0.0,0.0,0.0,0.0,0.0,0.0,0.0,0.0,0.0,0.0,0.0,0.0,0.0,0.0,0.0,0.0,0.5116863763470461,0.0,0.0,0.0,0.0
4.0,2025-09-25,내부 냉방이 좀 잘 안 되어 있어서 힘겹긴 했는데 그래도 만족스러웠어요.,0,40,내부 냉방이 좀 잘 안 되어 있어서 힘겹긴 했는데 그래도 만족스러웠어요,내부 냉방 되어 있어서 힘겹긴 했는데 그래 만족스러웠어요,2025,9,2025-09,3,3,목,0,39,8,긍정,0,0.0,0.0,0.0,0.0,0.0,0.49025048196212967,0.0,0.4813943655504502,0.0,0.0,0.0,0.0,0.0,0.0,0.0,0.0,0.0,0.0,0.0,0.0,0.0,0.0,0.0,0.0,0.0,0.0,0.0,0.0,0.0,0.0,0.0,0.0,0.0,0.0,0.0,0.0,0.0,0.0,0.0,0.0,0.0,0.0,0.0,0.0,0.0,0.0,0.0,0.0,0.0,0.0,0.0,0.0,0.0,0.0,0.0,0.0,0.0,0.0,0.0,0.0,0.0,0.0,0.0,0.0,0.0,0.0,0.0,0.0,0.0,0.0,0.0,0.0,0.49025048196212967,0.0,0.0,0.0,0.0,0.0,0.0,0.0,0.0,0.0,0.0,0.0,0.0,0.0,0.0,0.0,0.0,0.0,0.0,0.0,0.0,0.0,0.0,0.0,0.0,0.0,0.5362540393209907,0.0
1.0,2025-09-27,초코렛종류방이 한종류도 없음..,0,17,초코렛종류방이 한종류도 없음,초코렛종류방 한종류 없음,2025,9,2025-09,3,5,토,1,15,3,부정,0,0.0,0.0,0.0,0.0,0.0,0.0,0.0,0.0,0.0,0.0,0.0,0.0,0.0,0.0,0.0,0.0,0.0,0.0,0.0,0.0,0.0,0.0,0.0,0.0,0.0,0.0,0.0,0.0,0.0,0.0,0.0,0.0,0.0,0.0,0.0,0.0,0.0,0.0,0.0,0.0,0.0,0.0,0.0,0.0,0.0,0.0,0.0,0.0,0.0,0.0,0.0,0.0,0.0,0.0,0.0,0.0,0.0,0.0,0.0,0.0,0.0,0.0,0.0,0.0,0.0,0.0,0.0,0.0,0.0,0.0,0.0,0.0,0.0,0.0,0.0,0.0,0.0,0.0,0.0,0.0,0.0,0.0,0.0,0.0,0.0,0.0,0.0,0.0,0.0,0.0,0.0,0.0,0.0,0.0,0.0,0.0,0.0,0.0,0.0,0.0
4.0,2025-10-02,점수 낮게 주는 ○○○○은 뭐니.. ㅋㅋㅋㅋ,0,24,점수 낮게 주는 은 뭐니,점수 낮게 주는 뭐니,2025,10,2025-10,4,3,목,0,13,4,긍정,0,0.0,0.0,0.0,0.0,0.0,0.0,0.0,0.0,0.0,0.0,0.0,0.0,0.0,0.0,0.0,0.0,0.0,0.0,0.0,0.0,0.0,0.0,0.0,0.0,0.0,0.0,0.0,0.0,0.0,0.0,0.0,0.0,0.0,0.0,0.0,0.0,0.0,0.0,0.0,0.0,0.0,0.0,0.0,0.0,0.0,0.0,0.0,0.0,0.0,0.0,0.0,0.0,0.0,0.0,0.0,0.0,0.0,0.0,0.0,0.0,0.0,0.0,0.0,0.0,0.0,0.0,0.0,0.0,0.0,0.0,0.0,0.0,0.0,0.0,0.0,0.0,0.0,0.0,0.0,0.0,0.0,0.0,0.0,0.0,0.0,0.0,0.0,0.0,0.0,0.0,0.0,0.0,0.0,0.0,0.0,0.0,0.0,0.0,0.0,0.0
4.0,2025-10-03,대전에만 있다는게 최대 단점,0,15,대전에만 있다는게 최대 단점,대전 있다는게 최대 단점,2025,10,2025-10,4,4,금,0,15,4,긍정,0,0.0,0.0,0.0,0.0,0.0,0.0,0.0,0.0,0.0,0.0,0.0,0.0,1.0,0.0,0.0,0.0,0.0,0.0,0.0,0.0,0.0,0.0,0.0,0.0,0.0,0.0,0.0,0.0,0.0,0.0,0.0,0.0,0.0,0.0,0.0,0.0,0.0,0.0,0.0,0.0,0.0,0.0,0.0,0.0,0.0,0.0,0.0,0.0,0.0,0.0,0.0,0.0,0.0,0.0,0.0,0.0,0.0,0.0,0.0,0.0,0.0,0.0,0.0,0.0,0.0,0.0,0.0,0.0,0.0,0.0,0.0,0.0,0.0,0.0,0.0,0.0,0.0,0.0,0.0,0.0,0.0,0.0,0.0,0.0,0.0,0.0,0.0,0.0,0.0,0.0,0.0,0.0,0.0,0.0,0.0,0.0,0.0,0.0,0.0,0.0
3.0,2025-10-06,사람 많고 빵 많고 빵은 쫄깃쫄깃하고..! 다만 이보다 가까운 곳에 더 맛있는 빵집이 있어서..,0,53,사람 많고 빵 많고 빵은 쫄깃쫄깃하고 다만 이보다 가까운 곳에 더 맛있는 빵집이 있어서,사람 많고 많고 빵은 쫄깃쫄깃 다만 가까운 곳에 맛있 빵집 있어서,2025,10,2025-10,4,0,월,0,48,11,중립,0,0.0,0.0,0.0,0.0,0.0,0.0,0.0,0.0,0.0,0.0,0.0,0.0,0.0,0.0,0.0,0.6875911673546667,0.0,0.0,0.0,0.0,0.0,0.0,0.0,0.0,0.37603182206153846,0.0,0.0,0.0,0.0,0.0,0.0,0.0,0.0,0.0,0.0,0.0,0.0,0.0,0.0,0.0,0.0,0.0,0.0,0.0,0.0,0.0,0.30866795951536247,0.0,0.0,0.3005757929354291,0.23140081912710322,0.0,0.0,0.0,0.0,0.0,0.0,0.0,0.0,0.0,0.0,0.0,0.0,0.0,0.0,0.0,0.0,0.0,0.0,0.0,0.0,0.0,0.3829496047133255,0.0,0.0,0.0,0.0,0.0,0.0,0.0,0.0,0.0,0.0,0.0,0.0,0.0,0.0,0.0,0.0,0.0,0.0,0.0,0.0,0.0,0.0,0.0,0.0,0.0,0.0,0.0
5.0,2025-10-07,"지인들이 사다준거만 먹다가
드디어 와본 성심당!!

말차  가격 비싸...",0,41,지인들이 사다준거만 먹다가 드디어 와본 성심당 말차 가격 비싸,지인들 사다준거 먹다 드디어 와본 성심당 말차 가격 비싸,2025,10,2025-10,4,1,화,0,34,9,긍정,0,0.7629735123312006,0.0,0.0,0.0,0.0,0.0,0.0,0.0,0.0,0.0,0.0,0.0,0.0,0.0,0.0,0.0,0.0,0.0,0.0,0.0,0.0,0.0,0.0,0.0,0.0,0.0,0.0,0.0,0.0,0.0,0.0,0.0,0.0,0.0,0.0,0.0,0.0,0.0,0.0,0.0,0.0,0.0,0.0,0.0,0.0,0.0,0.0,0.0,0.0,0.0,0.0,0.0,0.0,0.0,0.0,0.0,0.6464297482951966,0.0,0.0,0.0,0.0,0.0,0.0,0.0,0.0,0.0,0.0,0.0,0.0,0.0,0.0,0.0,0.0,0.0,0.0,0.0,0.0,0.0,0.0,0.0,0.0,0.0,0.0,0.0,0.0,0.0,0.0,0.0,0.0,0.0,0.0,0.0,0.0,0.0,0.0,0.0,0.0,0.0,0.0,0.0
5.0,2025-10-07,"맛있음…
가히 대전의 자부심이라 할 만 함.",0,24,맛있음 가히 대전의 자부심이라 할 만 함,맛있음 가히 대전 자부심이라,2025,10,2025-10,4,1,화,0,22,4,긍정,0,0.0,0.0,0.0,0.0,0.0,0.0,0.0,0.0,0.0,0.0,0.0,0.0,0.5280544581109898,0.0,0.0,0.0,0.0,0.0,0.0,0.0,0.0,0.0,0.0,0.0,0.0,0.0,0.0,0.0,0.0,0.0,0.8492105093962915,0.0,0.0,0.0,0.0,0.0,0.0,0.0,0.0,0.0,0.0,0.0,0.0,0.0,0.0,0.0,0.0,0.0,0.0,0.0,0.0,0.0,0.0,0.0,0.0,0.0,0.0,0.0,0.0,0.0,0.0,0.0,0.0,0.0,0.0,0.0,0.0,0.0,0.0,0.0,0.0,0.0,0.0,0.0,0.0,0.0,0.0,0.0,0.0,0.0,0.0,0.0,0.0,0.0,0.0,0.0,0.0,0.0,0.0,0.0,0.0,0.0,0.0,0.0,0.0,0.0,0.0,0.0,0.0,0.0
3.0,2025-10-09,"빵은 맛있는데
과일시루가 기대이하에용.. 빵이랑
크림이 너무 맛없음 ㅠ",0,39,빵은 맛있는데 과일시루가 기대이하에용 빵이랑 크림이 너무 맛없음,빵은 맛있는데 과일시루 기대이하에용 크림 맛없음,2025,10,2025-10,4,3,목,0,35,6,중립,0,0.0,0.0,0.0,0.0,0.0,0.0,0.0,0.0,0.0,0.0,0.0,0.0,0.0,0.0,0.0,0.0,0.0,0.0,0.0,0.0,0.0,0.0,0.0,0.0,0.0,0.0,0.0,0.0,0.0,0.0,0.0,0.0,0.0,0.0,0.0,0.0,0.0,0.0,0.0,0.0,0.0,0.0,0.0,0.0,0.0,0.0,1.0,0.0,0.0,0.0,0.0,0.0,0.0,0.0,0.0,0.0,0.0,0.0,0.0,0.0,0.0,0.0,0.0,0.0,0.0,0.0,0.0,0.0,0.0,0.0,0.0,0.0,0.0,0.0,0.0,0.0,0.0,0.0,0.0,0.0,0.0,0.0,0.0,0.0,0.0,0.0,0.0,0.0,0.0,0.0,0.0,0.0,0.0,0.0,0.0,0.0,0.0,0.0,0.0,0.0
5.0,2025-10-13,"'딸기시루' 라는 표현이 딱입니다 ㅋ
딸기반 쵸코케잌 반
사진에 메리크리스마스 데코는 개인적 소품 얹은거고요
보문산 메아리...",0,71,딸기시루 라는 표현이 딱입니다 딸기반 쵸코케잌 반 사진에 메리크리스마스 데코는 개인적 소품 얹은거고요 보문산 메아리,딸기시루 라는 표현 딱입니다 딸기반 쵸코케잌 사진 메리크리스마스 데코 개인적 소품 얹은거고요 보문산 메아리,2025,10,2025-10,4,0,월,0,64,14,긍정,0,0.0,0.0,0.0,0.0,0.0,0.0,0.0,0.0,0.0,0.0,0.0,0.0,0.0,0.0,1.0,0.0,0.0,0.0,0.0,0.0,0.0,0.0,0.0,0.0,0.0,0.0,0.0,0.0,0.0,0.0,0.0,0.0,0.0,0.0,0.0,0.0,0.0,0.0,0.0,0.0,0.0,0.0,0.0,0.0,0.0,0.0,0.0,0.0,0.0,0.0,0.0,0.0,0.0,0.0,0.0,0.0,0.0,0.0,0.0,0.0,0.0,0.0,0.0,0.0,0.0,0.0,0.0,0.0,0.0,0.0,0.0,0.0,0.0,0.0,0.0,0.0,0.0,0.0,0.0,0.0,0.0,0.0,0.0,0.0,0.0,0.0,0.0,0.0,0.0,0.0,0.0,0.0,0.0,0.0,0.0,0.0,0.0,0.0,0.0,0.0
5.0,2025-10-17,"대전 사람이 사는곳은 성심광역시🥖
추천하는 빵: 보문산메아리 퀸블랙 명란바게트 작은메아리 오징어먹물방망이 김치...",1,64,대전 사람이 사는곳은 성심광역시 추천하는 빵 보문산메아리 퀸블랙 명란바게트 작은메아리 오징어먹물방망이 김치,대전 사람 사는곳 성심광역시 추천하 보문산메아리 퀸블랙 명란바게트 작은메아리 오징어먹물방망 김치,2025,10,2025-10,4,4,금,0,59,11,긍정,0,0.0,0.0,0.0,0.0,0.0,0.0,0.0,0.0,0.0,0.0,0.0,0.0,0.3674926254816363,0.0,0.0,0.0,0.0,0.0,0.0,0.0,0.0,0.0,0.0,0.0,0.0,0.0,0.0,0.0,0.0,0.0,0.0,0.0,0.0,0.0,0.0,0.0,0.5326167365809167,0.0,0.0,0.0,0.0,0.0,0.0,0.0,0.0,0.0,0.0,0.0,0.0,0.0,0.3759377321841141,0.0,0.0,0.0,0.0,0.0,0.0,0.0,0.0,0.0,0.0,0.0,0.0,0.0,0.0,0.0,0.0,0.0,0.0,0.0,0.0,0.0,0.0,0.0,0.6632792802815217,0.0,0.0,0.0,0.0,0.0,0.0,0.0,0.0,0.0,0.0,0.0,0.0,0.0,0.0,0.0,0.0,0.0,0.0,0.0,0.0,0.0,0.0,0.0,0.0,0.0
5.0,2025-10-19,가성비와 맛이 균형이 잘 맞아서 매번 대전까지오게되... 웨이팅은 좀 지옥이에요. 안에서도 사람 미어터지구요,0,60,가성비와 맛이 균형이 잘 맞아서 매번 대전까지오게되 웨이팅은 좀 지옥이에요 안에서도 사람 미어터지구요,가성비 맛이 균형 맞아서 매번 대전까지오게되 웨이팅 지옥이에요 사람 미어터지구요,2025,10,2025-10,4,6,일,1,56,10,긍정,1,0.0,0.0,0.0,0.6066310677655908,0.0,0.0,0.0,0.0,0.0,0.0,0.0,0.0,0.0,0.0,0.0,0.0,0.0,0.0,0.0,0.0,0.0,0.0,0.0,0.0,0.0,0.0,0.0,0.0,0.0,0.0,0.0,0.0,0.0,0.0,0.0,0.0,0.0,0.0,0.0,0.0,0.0,0.0,0.0,0.0,0.0,0.0,0.0,0.0,0.0,0.0,0.4972128173353512,0.0,0.0,0.0,0.0,0.0,0.0,0.0,0.0,0.0,0.0,0.0,0.0,0.6203048943052292,0.0,0.0,0.0,0.0,0.0,0.0,0.0,0.0,0.0,0.0,0.0,0.0,0.0,0.0,0.0,0.0,0.0,0.0,0.0,0.0,0.0,0.0,0.0,0.0,0.0,0.0,0.0,0.0,0.0,0.0,0.0,0.0,0.0,0.0,0.0,0.0
3.0,2025-10-20,"2025.10.17 부추빵, 고로케(참치/카레/낙지), 작은메아리, 찹쌀도넛, 해바라기, 크루아상
장점: 합리적인 가...",0,68,2025 10 17 부추빵 고로케 참치 카레 낙지 작은메아리 찹쌀도넛 해바라기 크루아상 장점 합리적인 가,2025 10 17 부추빵 고로케 참치 카레 낙지 작은메아리 찹쌀도넛 해바라기 크루아상 장점 합리적인,2025,10,2025-10,4,0,월,0,58,14,중립,0,0.0,0.0,0.0,0.0,0.0,0.0,0.0,0.0,0.0,0.0,0.0,0.0,0.0,0.0,0.0,0.0,0.0,0.0,0.0,0.0,0.0,0.0,0.0,0.0,0.0,0.0,0.0,0.0,0.0,0.0,0.0,0.0,0.0,0.0,0.0,0.0,0.0,0.0,0.0,0.0,0.0,0.0,0.649066632805973,0.0,0.0,0.0,0.0,0.0,0.0,0.0,0.0,0.0,0.0,0.0,0.0,0.0,0.0,0.0,0.0,0.0,0.0,0.0,0.0,0.0,0.0,0.0,0.0,0.0,0.0,0.0,0.0,0.0,0.0,0.0,0.7607315598671559,0.0,0.0,0.0,0.0,0.0,0.0,0.0,0.0,0.0,0.0,0.0,0.0,0.0,0.0,0.0,0.0,0.0,0.0,0.0,0.0,0.0,0.0,0.0,0.0,0.0
4.0,2025-10-20,"부추빵 맛있어용
소금빵은 버터의 풍미가 차원이 달라요",0,29,부추빵 맛있어용 소금빵은 버터의 풍미가 차원이 달라요,부추빵 맛있어용 소금빵 버터 풍미 차원 달라요,2025,10,2025-10,4,0,월,0,29,7,긍정,0,0.0,0.0,0.0,0.0,0.0,0.0,0.0,0.0,0.0,0.0,0.0,0.0,0.0,0.0,0.0,0.0,0.0,0.0,0.0,0.0,0.0,0.0,0.0,0.0,0.0,0.0,0.0,0.0,0.0,0.0,0.0,0.0,0.0,0.0,0.0,0.0,0.0,0.0,0.0,0.0,0.0,0.0,0.6577547044154778,0.0,0.0,0.0,0.0,0.0,0.0,0.0,0.0,0.0,0.0,0.0,0.0,0.0,0.0,0.753232201130108,0.0,0.0,0.0,0.0,0.0,0.0,0.0,0.0,0.0,0.0,0.0,0.0,0.0,0.0,0.0,0.0,0.0,0.0,0.0,0.0,0.0,0.0,0.0,0.0,0.0,0.0,0.0,0.0,0.0,0.0,0.0,0.0,0.0,0.0,0.0,0.0,0.0,0.0,0.0,0.0,0.0,0.0
5.0,2025-10-20,괜히 성심당 성심당 하는거 아니엇슨..최고엿슨..,0,27,괜히 성심당 성심당 하는거 아니엇슨 최고엿슨,괜히 성심당 성심당 하는거 아니엇슨 최고엿슨,2025,10,2025-10,4,0,월,0,24,6,긍정,0,0.0,0.0,0.0,0.0,0.0,0.0,0.0,0.0,0.0,0.0,0.0,0.0,0.0,0.0,0.0,0.0,0.0,0.0,0.0,0.0,0.0,0.0,0.0,0.0,0.0,0.0,0.0,0.0,0.0,0.0,0.0,0.0,0.0,0.0,0.0,0.0,0.0,0.0,0.0,0.0,0.0,0.0,0.0,0.0,0.0,0.0,0.0,0.0,0.0,0.0,0.0,0.0,0.0,0.0,0.0,0.0,1.0,0.0,0.0,0.0,0.0,0.0,0.0,0.0,0.0,0.0,0.0,0.0,0.0,0.0,0.0,0.0,0.0,0.0,0.0,0.0,0.0,0.0,0.0,0.0,0.0,0.0,0.0,0.0,0.0,0.0,0.0,0.0,0.0,0.0,0.0,0.0,0.0,0.0,0.0,0.0,0.0,0.0,0.0,0.0
4.0,2025-10-26,"맛 가격 모두 훌륭해요..!
다만 사람을 매장 규모에 비해 너무 많이 받아서 빵 고를 때 너무 힘들어요 ㅜㅜ 사람이 다닥다닥 붙어서 다른 사람 쟁반에 이...",0,88,맛 가격 모두 훌륭해요 다만 사람을 매장 규모에 비해 너무 많이 받아서 빵 고를 때 너무 힘들어요 사람이 다닥다닥 붙어서 다른 사람 쟁반에 이,가격 모두 훌륭해요 다만 사람 매장 규모 비해 받아서 고를 힘들어요 사람 다닥다닥 붙어서 다른 사람 쟁반,2025,10,2025-10,4,6,일,1,79,17,긍정,0,0.2762912547442016,0.0,0.0,0.0,0.0,0.0,0.0,0.0,0.0,0.384939106947585,0.0,0.0,0.0,0.0,0.0,0.0,0.0,0.0,0.0,0.0,0.0,0.0,0.0,0.0,0.0,0.0,0.0,0.0,0.0,0.0,0.0,0.0,0.41390787700070536,0.0,0.0,0.0,0.0,0.0,0.0,0.0,0.0,0.0,0.0,0.0,0.0,0.0,0.0,0.0,0.0,0.0,0.777280705955731,0.0,0.0,0.0,0.0,0.0,0.0,0.0,0.0,0.0,0.0,0.0,0.0,0.0,0.0,0.0,0.0,0.0,0.0,0.0,0.0,0.0,0.0,0.0,0.0,0.0,0.0,0.0,0.0,0.0,0.0,0.0,0.0,0.0,0.0,0.0,0.0,0.0,0.0,0.0,0.0,0.0,0.0,0.0,0.0,0.0,0.0,0.0,0.0,0.0
5.0,2025-10-28,"이렇게까지 줄서서 먹진 않았는데
빨리 이 난리통이 끝났으면 좋겠네요",0,37,이렇게까지 줄서서 먹진 않았는데 빨리 이 난리통이 끝났으면 좋겠네요,이렇게 줄서서 먹진 않았는데 빨리 난리통 끝났으면 좋겠네요,2025,10,2025-10,4,1,화,0,37,8,긍정,1,0.0,0.0,0.0,0.0,0.0,0.0,0.0,0.0,0.0,0.0,0.0,0.0,0.0,0.0,0.0,0.0,0.0,0.0,0.0,0.0,0.0,0.0,0.0,0.0,0.0,0.0,0.0,0.0,0.0,0.0,0.0,0.0,0.0,0.0,0.0,0.0,0.0,0.0,0.0,0.0,0.0,0.0,0.0,0.6874456413284247,0.0,0.0,0.0,0.0,0.0,0.0,0.0,0.0,0.0,0.0,0.0,0.0,0.0,0.0,0.0,0.0,0.0,0.0,0.0,0.0,0.0,0.7262358365011677,0.0,0.0,0.0,0.0,0.0,0.0,0.0,0.0,0.0,0.0,0.0,0.0,0.0,0.0,0.0,0.0,0.0,0.0,0.0,0.0,0.0,0.0,0.0,0.0,0.0,0.0,0.0,0.0,0.0,0.0,0.0,0.0,0.0,0.0
5.0,2025-11-01,"다 아는 곳~♡  빵은 상품수준대비 정말 쌉니다.
빵이 다양하지만 화려한 데코가 많은 빵은 없음.
케잌부티끄는 손발이 척척맞는 기계사람이 있는 듯 주문부터 마무리까지 깔끔한 동선에 놀랐음",1,104,다 아는 곳 빵은 상품수준대비 정말 쌉니다 빵이 다양하지만 화려한 데코가 많은 빵은 없음 케잌부티끄는 손발이 척척맞는 기계사람이 있는 듯 주문부터 마무리까지 깔끔한 동선에 놀랐음,아는 빵은 상품수준대비 쌉니다 빵이 다양하지 화려한 데코 많은 빵은 없음 케잌부티끄 손발 척척맞 기계사람 주문 마무리 깔끔한 동선 놀랐음,2025,11,2025-11,4,5,토,1,99,20,긍정,0,0.0,0.0,0.0,0.0,0.0,0.0,0.0,0.0,0.0,0.0,0.0,0.0,0.0,0.0,0.0,0.0,0.0,0.0,0.5076710983678988,0.0,0.0,0.0,0.0,0.0,0.0,0.0,0.0,0.0,0.0,0.0,0.0,0.0,0.0,0.0,0.0,0.0,0.0,0.0,0.0,0.0,0.0,0.0,0.0,0.0,0.0,0.0,0.7676417394349023,0.0,0.3911473069820225,0.0,0.0,0.0,0.0,0.0,0.0,0.0,0.0,0.0,0.0,0.0,0.0,0.0,0.0,0.0,0.0,0.0,0.0,0.0,0.0,0.0,0.0,0.0,0.0,0.0,0.0,0.0,0.0,0.0,0.0,0.0,0.0,0.0,0.0,0.0,0.0,0.0,0.0,0.0,0.0,0.0,0.0,0.0,0.0,0.0,0.0,0.0,0.0,0.0,0.0,0.0
3.0,2025-11-02,"휴일.성수기.행사날  다 피하세요 
엄청난 인파 헬인듯
겨우겨우 사갖고 갑니다",0,43,휴일 성수기 행사날 다 피하세요 엄청난 인파 헬인듯 겨우겨우 사갖고 갑니다,휴일 성수기 행사날 피하세요 엄청난 인파 헬인듯 겨우겨우 사갖고 갑니다,2025,11,2025-11,4,6,일,1,41,10,중립,0,0.0,0.0,0.0,0.0,0.0,0.0,0.0,0.0,0.0,0.0,0.0,0.0,0.0,0.0,0.0,0.0,0.0,0.0,0.0,0.0,0.0,0.0,0.0,0.0,0.0,0.0,0.0,0.0,0.0,0.0,0.0,0.0,0.0,0.0,0.0,0.0,0.0,0.0,0.0,0.0,0.0,0.0,0.0,0.0,0.0,0.0,0.0,0.0,0.0,0.0,0.0,0.0,0.0,0.0,0.0,0.0,0.0,0.0,0.0,0.0,0.0,0.0,0.0,0.0,0.0,0.0,0.0,0.0,0.0,0.0,0.0,0.0,0.0,0.0,0.0,0.0,0.0,0.0,0.0,0.0,0.0,0.0,0.0,0.0,0.0,0.0,0.0,0.0,0.0,0.0,0.0,0.0,0.0,0.0,0.0,0.0,0.0,0.0,0.0,0.0
5.0,2025-11-03,사람이 미어터짐. 특히 주말은 더더욱. 주변에 임산부 친구있으면 동행을 초강력추천함(임산부 패스(임산부+동행1인 패스트트랙)를 위해서 ; 빵 사주는 한이...,0,88,사람이 미어터짐 특히 주말은 더더욱 주변에 임산부 친구있으면 동행을 초강력추천함 임산부 패스 임산부 동행1인 패스트트랙 를 위해서 빵 사주는 한이,사람 미어터짐 특히 주말 더더욱 주변 임산부 친구있으면 동행 초강력추천함 임산부 패스 임산부 동행1인 패스트트랙 위해서 사주 한이,2025,11,2025-11,4,0,월,0,81,18,긍정,0,0.0,0.0,0.0,0.0,0.0,0.0,0.0,0.0,0.0,0.0,0.0,0.0,0.0,0.0,0.0,0.0,0.0,0.0,0.0,0.0,0.0,0.0,0.0,0.0,0.0,0.0,0.0,0.0,0.0,0.0,0.0,0.0,0.0,0.0,0.0,0.0,0.0,0.0,0.0,0.0,0.0,0.0,0.0,0.0,0.0,0.0,0.0,0.0,0.0,0.0,0.1599570543745558,0.0,0.0,0.0,0.0,0.0,0.0,0.0,0.0,0.0,0.0,0.0,0.0,0.0,0.0,0.0,0.0,0.0,0.0,0.9241435470405375,0.0,0.0,0.0,0.0,0.0,0.0,0.0,0.0,0.0,0.0,0.0,0.23467912096566873,0.0,0.0,0.0,0.0,0.0,0.0,0.0,0.0,0.0,0.0,0.0,0.0,0.2555350375230961,0.0,0.0,0.0,0.0,0.0
5.0,2025-11-03,"25.05.28
미리 홈페이지 예약도 되고 정말 친절하고 체계적임 빵은 당연히 말도 안되게 저렴하...",0,57,25 05 28 미리 홈페이지 예약도 되고 정말 친절하고 체계적임 빵은 당연히 말도 안되게 저렴하,25 05 28 미리 홈페이지 예약 되고 친절 체계적임 빵은 당연히 말도 안되게 저렴하,2025,11,2025-11,4,0,월,0,54,14,긍정,0,0.0,0.0,0.0,0.0,0.0,0.0,0.0,0.0,0.0,0.0,0.0,0.0,0.0,0.0,0.0,0.0,0.0,0.0,0.0,0.0,0.0,0.0,0.0,0.0,0.0,0.0,0.0,0.0,0.0,0.0,0.0,0.0,0.0,0.0,0.0,0.0,0.0,0.0,0.0,0.0,0.0,0.0,0.0,0.0,0.0,0.0,1.0,0.0,0.0,0.0,0.0,0.0,0.0,0.0,0.0,0.0,0.0,0.0,0.0,0.0,0.0,0.0,0.0,0.0,0.0,0.0,0.0,0.0,0.0,0.0,0.0,0.0,0.0,0.0,0.0,0.0,0.0,0.0,0.0,0.0,0.0,0.0,0.0,0.0,0.0,0.0,0.0,0.0,0.0,0.0,0.0,0.0,0.0,0.0,0.0,0.0,0.0,0.0,0.0,0.0
5.0,2025-11-06,맛이 있고 유명하고 좋습니다,0,15,맛이 있고 유명하고 좋습니다,맛이 있고 유명 좋습니다,2025,11,2025-11,4,3,목,0,15,4,긍정,0,0.0,0.0,0.0,0.0,0.0,0.0,0.0,0.0,0.0,0.0,0.0,0.0,0.0,0.0,0.0,0.0,0.0,0.0,0.0,0.0,0.0,0.0,0.0,0.0,0.0,0.0,0.0,0.0,0.0,0.0,0.0,0.0,0.0,0.0,0.0,0.0,0.0,0.0,0.0,0.0,0.0,0.0,0.0,0.0,0.0,0.0,0.0,0.0,0.0,0.0,0.0,0.0,0.0,0.0,0.0,0.0,0.0,0.0,0.0,0.0,0.0,0.0,0.0,0.0,0.0,0.0,0.0,0.0,0.0,0.0,0.0,0.0,0.0,0.0,0.0,0.0,0.0,0.0,0.0,0.0,0.0,0.0,0.0,0.0,0.0,0.0,0.0,0.0,0.0,0.0,0.0,0.0,0.0,0.0,0.0,0.0,0.0,0.0,0.0,0.0
5.0,2025-11-07,"성심당 가면 꼭 먹는 애플바질잠봉, 야끼소바빵♡",1,26,성심당 가면 꼭 먹는 애플바질잠봉 야끼소바빵,성심당 가면 먹는 애플바질잠봉 야끼소바빵,2025,11,2025-11,4,4,금,0,24,5,긍정,0,0.0,0.0,0.8739980808654536,0.0,0.0,0.0,0.0,0.0,0.0,0.0,0.0,0.0,0.0,0.0,0.0,0.0,0.0,0.0,0.0,0.0,0.0,0.0,0.0,0.0,0.0,0.0,0.0,0.0,0.0,0.0,0.0,0.0,0.0,0.0,0.0,0.0,0.0,0.0,0.0,0.0,0.0,0.0,0.0,0.0,0.0,0.0,0.0,0.0,0.0,0.0,0.0,0.0,0.0,0.0,0.0,0.0,0.48592937207325093,0.0,0.0,0.0,0.0,0.0,0.0,0.0,0.0,0.0,0.0,0.0,0.0,0.0,0.0,0.0,0.0,0.0,0.0,0.0,0.0,0.0,0.0,0.0,0.0,0.0,0.0,0.0,0.0,0.0,0.0,0.0,0.0,0.0,0.0,0.0,0.0,0.0,0.0,0.0,0.0,0.0,0.0,0.0
4.0,2025-11-08,"아까 분명히 7번으로 달라고 했고 결제 내역도 10,800원으로 맞게 되어 있는데 집에 와서 보니까 안에 전부 다 팥이더라고요 ㅠㅠ
긴 줄을...",0,81,아까 분명히 7번으로 달라고 했고 결제 내역도 10 800원으로 맞게 되어 있는데 집에 와서 보니까 안에 전부 다 팥이더라고요 긴 줄을,아까 분명히 7번 달라고 했고 결제 내역 10 800원 맞게 되어 있는데 집에 와서 보니까 안에 전부 팥이더라고요 줄을,2025,11,2025-11,4,5,토,1,75,19,긍정,0,0.0,0.0,0.0,0.0,0.0,0.0,0.0,0.0,0.0,0.0,0.0,0.0,0.0,0.0,0.0,0.0,0.0,0.0,0.0,0.0,0.0,0.0,0.0,0.0,0.0,0.0,0.0,0.0,0.0,0.0,0.0,0.0,0.0,0.0,0.0,0.0,0.0,0.0,0.0,0.0,0.0,0.0,0.0,0.0,0.0,0.0,0.0,0.0,0.0,0.0,0.0,0.0,0.0,0.0,0.0,0.0,0.0,0.0,0.0,0.0,0.0,0.0,0.0,0.0,0.0,0.0,0.0,0.0,0.0,0.0,0.0,0.0,0.0,0.0,0.0,0.0,0.0,0.0,0.0,0.0,0.0,0.0,0.0,0.0,0.0,0.0,0.0,0.0,0.0,0.0,0.0,0.0,0.0,0.0,0.0,0.0,0.0,0.0,0.0,0.0
4.0,2025-11-12,"마라고로케
이거 첨 먹어봤는데
으악~~!!
너무 짜요!...",0,33,마라고로케 이거 첨 먹어봤는데 으악 너무 짜요,마라고로케 먹어봤는데 으악 짜요,2025,11,2025-11,4,2,수,0,25,4,긍정,0,0.0,0.0,0.0,0.0,0.0,0.0,0.0,0.0,0.0,0.0,0.0,0.0,0.0,0.0,0.0,0.0,0.0,0.0,0.0,0.0,0.0,0.0,0.0,0.0,0.0,0.0,0.0,0.0,0.0,0.0,0.0,0.0,0.0,1.0,0.0,0.0,0.0,0.0,0.0,0.0,0.0,0.0,0.0,0.0,0.0,0.0,0.0,0.0,0.0,0.0,0.0,0.0,0.0,0.0,0.0,0.0,0.0,0.0,0.0,0.0,0.0,0.0,0.0,0.0,0.0,0.0,0.0,0.0,0.0,0.0,0.0,0.0,0.0,0.0,0.0,0.0,0.0,0.0,0.0,0.0,0.0,0.0,0.0,0.0,0.0,0.0,0.0,0.0,0.0,0.0,0.0,0.0,0.0,0.0,0.0,0.0,0.0,0.0,0.0,0.0
5.0,2025-11-17,"요즘 가장 핫하다는 성심당입니다. 
여전히 사람많구요 월요일 오전 10시인데 들어갈땐 사람이 많지 않았지만 나올땐 줄이 꽤나 ...",0,73,요즘 가장 핫하다는 성심당입니다 여전히 사람많구요 월요일 오전 10시인데 들어갈땐 사람이 많지 않았지만 나올땐 줄이 꽤나,요즘 가장 핫하다 성심당입니다 여전히 사람많구요 월요일 오전 10시인데 들어갈땐 사람 많지 않았지 나올땐 줄이 꽤나,2025,11,2025-11,4,0,월,0,67,16,긍정,0,0.0,0.0,0.0,0.0,0.0,0.0,0.0,0.0,0.0,0.0,0.0,0.0,0.0,0.0,0.0,0.0,0.0,0.0,0.0,0.0,0.6240479645821689,0.0,0.0,0.0,0.0,0.0,0.0,0.0,0.0,0.0,0.0,0.0,0.0,0.0,0.0,0.0,0.0,0.0,0.0,0.0,0.0,0.0,0.0,0.0,0.0,0.0,0.0,0.0,0.0,0.0,0.35370195263684123,0.0,0.0,0.0,0.0,0.0,0.0,0.0,0.0,0.0,0.0,0.0,0.5126962956784993,0.0,0.0,0.0,0.0,0.0,0.0,0.0,0.0,0.0,0.0,0.0,0.0,0.0,0.0,0.0,0.0,0.0,0.0,0.0,0.0,0.0,0.4718067136013248,0.0,0.0,0.0,0.0,0.0,0.0,0.0,0.0,0.0,0.0,0.0,0.0,0.0,0.0,0.0
5.0,2025-11-18,"말뭐,,존맛탱 줄서는게 힘들깅해여",0,18,말뭐 존맛탱 줄서는게 힘들깅해여,말뭐 존맛탱 줄서는게 힘들깅해여,2025,11,2025-11,4,1,화,0,17,4,긍정,1,0.0,0.0,0.0,0.0,0.0,0.0,0.0,0.0,0.0,0.0,0.0,0.0,0.0,0.0,0.0,0.0,0.0,0.0,0.0,0.0,0.0,0.0,0.0,0.0,0.0,0.0,0.0,0.0,0.0,0.0,0.0,0.0,0.0,0.0,0.0,0.0,0.0,0.0,0.0,0.0,0.0,0.0,0.0,0.0,0.0,0.0,0.0,0.0,0.0,0.0,0.0,0.0,0.0,0.0,0.0,0.0,0.0,0.0,0.0,0.0,0.0,0.0,0.0,0.0,0.0,0.0,0.0,0.0,0.0,0.0,0.0,0.0,0.0,0.0,0.0,0.0,0.0,0.0,0.0,0.0,0.0,0.0,0.0,0.0,0.0,0.0,0.0,0.0,0.0,0.0,0.0,0.0,0.0,0.0,0.0,0.0,0.0,0.0,0.0,0.0
5.0,2025-11-20,"몇몇빵은 정말 맛있고 가성비가 좋다.
이만한 가격에 이런구성
대전인들이 부러워
...",0,47,몇몇빵은 정말 맛있고 가성비가 좋다 이만한 가격에 이런구성 대전인들이 부러워,몇몇빵 맛있고 가성비 좋다 이만한 가격 이런구성 대전인들 부러워,2025,11,2025-11,4,3,목,0,42,9,긍정,0,0.5061641512412971,0.0,0.0,0.5791128614393296,0.0,0.0,0.0,0.0,0.0,0.0,0.0,0.0,0.0,0.0,0.0,0.0,0.0,0.0,0.0,0.0,0.0,0.0,0.0,0.0,0.0,0.6390822683455778,0.0,0.0,0.0,0.0,0.0,0.0,0.0,0.0,0.0,0.0,0.0,0.0,0.0,0.0,0.0,0.0,0.0,0.0,0.0,0.0,0.0,0.0,0.0,0.0,0.0,0.0,0.0,0.0,0.0,0.0,0.0,0.0,0.0,0.0,0.0,0.0,0.0,0.0,0.0,0.0,0.0,0.0,0.0,0.0,0.0,0.0,0.0,0.0,0.0,0.0,0.0,0.0,0.0,0.0,0.0,0.0,0.0,0.0,0.0,0.0,0.0,0.0,0.0,0.0,0.0,0.0,0.0,0.0,0.0,0.0,0.0,0.0,0.0,0.0
5.0,2025-11-20,교수님이 사와주셨는데 완전 바삭하고 맛있네요^^,0,26,교수님이 사와주셨는데 완전 바삭하고 맛있네요,교수님 사와주셨는데 바삭 맛있네요,2025,11,2025-11,4,3,목,0,24,4,긍정,0,0.0,0.0,0.0,0.0,0.0,0.0,0.0,0.0,0.0,0.0,0.0,0.0,0.0,0.0,0.0,0.0,0.0,0.0,0.0,0.0,0.0,0.0,0.0,0.0,0.0,0.0,1.0,0.0,0.0,0.0,0.0,0.0,0.0,0.0,0.0,0.0,0.0,0.0,0.0,0.0,0.0,0.0,0.0,0.0,0.0,0.0,0.0,0.0,0.0,0.0,0.0,0.0,0.0,0.0,0.0,0.0,0.0,0.0,0.0,0.0,0.0,0.0,0.0,0.0,0.0,0.0,0.0,0.0,0.0,0.0,0.0,0.0,0.0,0.0,0.0,0.0,0.0,0.0,0.0,0.0,0.0,0.0,0.0,0.0,0.0,0.0,0.0,0.0,0.0,0.0,0.0,0.0,0.0,0.0,0.0,0.0,0.0,0.0,0.0,0.0
5.0,2025-11-24,"솔직히 빵은 좀 내용물에비해 가성비 있다?이정도고 
시루가 진짜.존맛탱임 ㅠ특히 안녕 크레페 이거 너무마싯음
빵하나도 안사고 저거사온게 대전가서 젤...",0,85,솔직히 빵은 좀 내용물에비해 가성비 있다 이정도고 시루가 진짜 존맛탱임 특히 안녕 크레페 이거 너무마싯음 빵하나도 안사고 저거사온게 대전가서 젤,솔직히 빵은 내용물에비해 가성비 있다 이정도고 시루 존맛탱임 특히 안녕 크레페 너무마싯음 빵하나 안사고 저거사온게 대전가서,2025,11,2025-11,4,0,월,0,80,16,긍정,0,0.0,0.0,0.0,0.40821412531923035,0.0,0.0,0.0,0.0,0.0,0.0,0.0,0.0,0.0,0.0,0.0,0.0,0.0,0.0,0.0,0.0,0.0,0.0,0.0,0.0,0.0,0.0,0.0,0.0,0.0,0.0,0.0,0.0,0.0,0.0,0.0,0.0,0.0,0.0,0.0,0.0,0.0,0.0,0.0,0.0,0.0,0.0,0.4463056189786843,0.0,0.0,0.0,0.0,0.0,0.0,0.0,0.0,0.0,0.0,0.0,0.5903182491391554,0.0,0.0,0.0,0.0,0.0,0.0,0.0,0.0,0.0,0.0,0.0,0.0,0.0,0.0,0.0,0.0,0.0,0.0,0.0,0.0,0.0,0.0,0.0,0.0,0.0,0.0,0.0,0.0,0.0,0.0,0.0,0.0,0.0,0.0,0.0,0.5345062086554199,0.0,0.0,0.0,0.0,0.0
5.0,2025-11-24,카프레제 샌드위 ㅣ 맛있음,0,14,카프레제 샌드위 맛있음,카프레제 샌드위 맛있음,2025,11,2025-11,4,0,월,0,12,3,긍정,0,0.0,0.0,0.0,0.0,0.0,0.0,0.0,0.0,0.0,0.0,0.0,0.0,0.0,0.0,0.0,0.0,0.0,0.0,0.0,0.0,0.0,0.0,0.0,0.0,0.0,0.0,0.0,0.0,0.0,0.0,1.0,0.0,0.0,0.0,0.0,0.0,0.0,0.0,0.0,0.0,0.0,0.0,0.0,0.0,0.0,0.0,0.0,0.0,0.0,0.0,0.0,0.0,0.0,0.0,0.0,0.0,0.0,0.0,0.0,0.0,0.0,0.0,0.0,0.0,0.0,0.0,0.0,0.0,0.0,0.0,0.0,0.0,0.0,0.0,0.0,0.0,0.0,0.0,0.0,0.0,0.0,0.0,0.0,0.0,0.0,0.0,0.0,0.0,0.0,0.0,0.0,0.0,0.0,0.0,0.0,0.0,0.0,0.0,0.0,0.0
5.0,2025-12-01,평일 저녁엔 줄 안 서고 바로 입장해요~ 잔뜩 샀는데도 2만 원이라고 해서 신기했습니다.,0,49,평일 저녁엔 줄 안 서고 바로 입장해요 잔뜩 샀는데도 2만 원이라고 해서 신기했습니다,평일 저녁엔 서고 바로 입장해요 잔뜩 샀는데 2만 원이라고 신기했습니다,2025,12,2025-12,4,0,월,0,47,10,긍정,0,0.0,0.0,0.0,0.0,0.0,0.0,0.0,0.0,0.0,0.0,0.0,0.0,0.0,0.0,0.0,0.0,0.0,0.0,0.0,0.0,0.0,0.0,0.0,0.0,0.0,0.0,0.0,0.0,0.0,0.0,0.0,0.0,0.0,0.0,0.0,0.0,0.0,0.0,0.0,0.0,0.0,0.0,0.0,0.0,0.0,0.0,0.0,0.0,0.0,0.0,0.0,0.0,0.0,0.8028399649780278,0.0,0.0,0.0,0.0,0.0,0.0,0.0,0.0,0.0,0.0,0.0,0.0,0.0,0.0,0.0,0.0,0.0,0.0,0.0,0.0,0.0,0.0,0.0,0.0,0.0,0.0,0.0,0.0,0.0,0.0,0.0,0.0,0.0,0.0,0.0,0.0,0.0,0.0,0.0,0.0,0.0,0.5961945912485949,0.0,0.0,0.0,0.0
5.0,2025-12-01,천국이 아닐까?,0,8,천국이 아닐까,천국 아닐까,2025,12,2025-12,4,0,월,0,7,2,긍정,0,0.0,0.0,0.0,0.0,0.0,0.0,0.0,0.0,0.0,0.0,0.0,0.0,0.0,0.0,0.0,0.0,0.0,0.0,0.0,0.0,0.0,0.0,0.0,0.0,0.0,0.0,0.0,0.0,0.0,0.0,0.0,0.0,0.0,0.0,0.0,0.0,0.0,0.0,0.0,0.0,0.0,0.0,0.0,0.0,0.0,0.0,0.0,0.0,0.0,0.0,0.0,0.0,0.0,0.0,0.0,0.0,0.0,0.0,0.0,0.0,0.0,0.0,0.0,0.0,0.0,0.0,0.0,0.0,0.0,0.0,0.0,0.0,0.0,0.0,0.0,0.0,0.0,0.0,0.0,0.0,0.0,0.0,0.0,0.0,0.0,0.0,0.0,0.0,0.0,0.0,0.0,0.0,0.0,0.0,0.0,0.0,0.0,0.0,0.0,0.0
5.0,2025-12-05,"사람이 정말 많지만 조금만 기다리면 생각보다 빨리 입장할 수 있음
선물용 빵이 잘 마련되어 있어서 대전 갈 일 있으면 방문하기 좋음!!",0,75,사람이 정말 많지만 조금만 기다리면 생각보다 빨리 입장할 수 있음 선물용 빵이 잘 마련되어 있어서 대전 갈 일 있으면 방문하기 좋음,사람 많지 기다리면 생각 빨리 입장할 있음 선물용 빵이 마련되어 있어서 대전 있으면 방문하기 좋음,2025,12,2025-12,4,4,금,0,73,15,긍정,1,0.0,0.0,0.0,0.0,0.0,0.0,0.0,0.0,0.0,0.0,0.0,0.0,0.23539515498734956,0.0,0.0,0.0,0.0,0.0,0.0,0.0,0.42485948875066193,0.0,0.0,0.0,0.0,0.0,0.0,0.0,0.0,0.0,0.0,0.0,0.0,0.0,0.0,0.0,0.0,0.0,0.0,0.0,0.0,0.0,0.0,0.38469085933656183,0.0,0.0,0.0,0.0,0.32734312708530655,0.0,0.2408046164656828,0.0,0.0,0.0,0.0,0.3728513696925232,0.0,0.0,0.0,0.0,0.0,0.0,0.0,0.0,0.0,0.0,0.0,0.0,0.0,0.0,0.0,0.0,0.3985121272972893,0.39131321588228035,0.0,0.0,0.0,0.0,0.0,0.0,0.0,0.0,0.0,0.0,0.0,0.0,0.0,0.0,0.0,0.0,0.0,0.0,0.0,0.0,0.0,0.0,0.0,0.0,0.0,0.0
5.0,2025-12-12,줄 적은 시간 피해서 가는게 좋고 한번 갔을때 많이 구매하는걸 추천드립니다. 튀김소보로는 너무 느끼해요,0,57,줄 적은 시간 피해서 가는게 좋고 한번 갔을때 많이 구매하는걸 추천드립니다 튀김소보로는 너무 느끼해요,적은 시간 피해서 가는게 좋고 한번 갔을때 구매하는걸 추천드립니다 튀김소보로 느끼해요,2025,12,2025-12,4,4,금,0,56,11,긍정,0,0.0,0.0,0.0,0.0,0.0,0.0,0.0,0.0,0.0,0.0,0.0,0.0,0.0,0.0,0.0,0.0,0.0,0.0,0.0,0.0,0.0,0.0,0.0,0.0,0.0,0.0,0.0,0.0,0.0,0.0,0.0,0.0,0.0,0.0,0.0,0.0,0.0,0.0,0.0,0.0,0.0,0.0,0.0,0.0,0.0,0.0,0.0,0.0,0.0,0.0,0.0,0.0,0.0,0.0,0.0,0.0,0.0,0.0,0.0,0.0,0.0,0.0,0.0,0.0,0.0,0.0,0.0,0.0,0.0,0.0,0.0,0.0,0.0,0.0,0.0,0.0,0.0,0.0,0.7119484222118511,0.0,0.0,0.0,0.0,0.0,0.0,0.0,0.0,0.0,0.0,0.0,0.0,0.7022317595424291,0.0,0.0,0.0,0.0,0.0,0.0,0.0,0.0
5.0,2025-12-14,"진짜 대전 갈때마다 꼭 방문하는 빵 맛집입니다. 
가격도 저렴하고 빵도 맛있어서 너무너무 애정하는 빵집이에...",0,62,진짜 대전 갈때마다 꼭 방문하는 빵 맛집입니다 가격도 저렴하고 빵도 맛있어서 너무너무 애정하는 빵집이에,대전 갈때마다 방문하 맛집입니다 가격 저렴 빵도 맛있어서 너무너무 애정하 빵집,2025,12,2025-12,4,6,일,1,57,11,긍정,0,0.380463274519455,0.0,0.0,0.0,0.0,0.0,0.0,0.0,0.0,0.0,0.0,0.0,0.3487666475318069,0.0,0.0,0.0,0.0,0.0,0.0,0.0,0.0,0.0,0.0,0.0,0.0,0.0,0.0,0.0,0.0,0.0,0.0,0.0,0.0,0.0,0.0,0.0,0.0,0.0,0.0,0.0,0.0,0.0,0.0,0.0,0.49481061801629145,0.0,0.0,0.0,0.0,0.4634376839201423,0.0,0.0,0.0,0.0,0.0,0.0,0.0,0.0,0.0,0.0,0.0,0.0,0.0,0.0,0.0,0.0,0.0,0.0,0.0,0.0,0.0,0.0,0.0,0.0,0.0,0.5234476934063499,0.0,0.0,0.0,0.0,0.0,0.0,0.0,0.0,0.0,0.0,0.0,0.0,0.0,0.0,0.0,0.0,0.0,0.0,0.0,0.0,0.0,0.0,0.0,0.0
5.0,2025-12-17,평일 수요일에 갔는데... 줄이 진짜진짜 길었어요 임산부 프리패스 아님 못갈거 같아요ㅠ 안에 정신 하나도 없으니 미리 살꺼 정해서 사세요 대전은 성심당💫,1,85,평일 수요일에 갔는데 줄이 진짜진짜 길었어요 임산부 프리패스 아님 못갈거 같아요 안에 정신 하나도 없으니 미리 살꺼 정해서 사세요 대전은 성심당,평일 수요일 갔는데 줄이 진짜진짜 길었어요 임산부 프리패스 아님 못갈거 안에 정신 하나 없으니 미리 살꺼 정해서 사세요 대전 성심당,2025,12,2025-12,4,2,수,0,80,20,긍정,0,0.0,0.0,0.0,0.0,0.37370176787297255,0.0,0.0,0.0,0.0,0.0,0.0,0.0,0.23237452003457648,0.0,0.0,0.0,0.0,0.0,0.0,0.0,0.0,0.0,0.0,0.0,0.0,0.0,0.0,0.0,0.0,0.0,0.0,0.0,0.0,0.0,0.0,0.0,0.0,0.0,0.0,0.0,0.0,0.0,0.0,0.0,0.0,0.0,0.0,0.0,0.0,0.0,0.0,0.0,0.0,0.0,0.0,0.0,0.21477225324897822,0.0,0.0,0.0,0.0,0.0,0.0,0.0,0.0,0.0,0.0,0.0,0.0,0.457794506841153,0.0,0.0,0.0,0.0,0.0,0.0,0.43031360322562895,0.0,0.0,0.0,0.0,0.0,0.0,0.0,0.3170899325203163,0.0,0.0,0.0,0.0,0.0,0.0,0.0,0.0,0.0,0.0,0.31145503535753616,0.40978784558770226,0.0,0.0,0.0
5.0,2025-12-17,대기줄도 평일인데 길어 놀랏네요. 빵. 케익 줄이 다르고. 녹차시루는 또다른 건물에서 받고. 정말 유명한 성심당 대단합니다. 예전 오래전보다 인기가 너무 많아 졌네요. 평일인데도 ㅎㅎ. 맛납니다 케익과 빵,0,114,대기줄도 평일인데 길어 놀랏네요 빵 케익 줄이 다르고 녹차시루는 또다른 건물에서 받고 정말 유명한 성심당 대단합니다 예전 오래전보다 인기가 너무 많아 졌네요 평일인데도 맛납니다 케익과 빵,대기줄 평일인데 길어 놀랏네요 케익 줄이 다르고 녹차시루 또다른 건물 받고 유명한 성심당 대단합니다 예전 오래전 인기 많아 졌네요 평일인데 맛납니다 케익,2025,12,2025-12,4,2,수,0,104,22,긍정,1,0.0,0.0,0.0,0.0,0.0,0.0,0.0,0.0,0.0,0.0,0.0,0.32776351956740846,0.0,0.0,0.0,0.0,0.32776351956740846,0.0,0.0,0.0,0.0,0.0,0.0,0.0,0.0,0.0,0.0,0.0,0.0,0.0,0.0,0.0,0.0,0.0,0.0,0.0,0.0,0.0,0.0,0.0,0.0,0.0,0.0,0.0,0.0,0.0,0.0,0.0,0.0,0.0,0.0,0.0,0.0,0.0,0.0,0.0,0.17178281490840885,0.0,0.0,0.0,0.0,0.0,0.0,0.0,0.3146545887586912,0.0,0.0,0.0,0.3441807819084767,0.0,0.0,0.0,0.0,0.0,0.0,0.0,0.0,0.0,0.0,0.0,0.0,0.0,0.0,0.0,0.25362029016062615,0.0,0.0,0.0,0.0,0.6883615638169533,0.0,0.0,0.0,0.0,0.0,0.0,0.0,0.0,0.0,0.0
5.0,2025-12-19,"대전 첫방문..! 
대전의 명물 성심당 처음 와봤어요!
살면서 지인들이 선물로는 많이 받아봤는데 
방문은 처음 했고, 생각보다 저렴하더라...",0,79,대전 첫방문 대전의 명물 성심당 처음 와봤어요 살면서 지인들이 선물로는 많이 받아봤는데 방문은 처음 했고 생각보다 저렴하더라,대전 첫방문 대전 명물 성심당 처음 와봤어요 살면서 지인들 선물 받아봤는데 방문 처음 했고 생각 저렴하더라,2025,12,2025-12,4,4,금,0,69,16,긍정,0,0.0,0.0,0.0,0.0,0.0,0.0,0.0,0.0,0.0,0.0,0.0,0.0,0.41469585051263813,0.0,0.0,0.0,0.0,0.0,0.0,0.0,0.0,0.0,0.0,0.0,0.0,0.0,0.0,0.0,0.0,0.0,0.0,0.0,0.0,0.0,0.0,0.0,0.0,0.0,0.0,0.3510295816794349,0.0,0.0,0.0,0.0,0.0,0.0,0.0,0.0,0.0,0.0,0.0,0.0,0.0,0.0,0.0,0.32842629211665897,0.19164141192061024,0.0,0.0,0.0,0.0,0.0,0.0,0.0,0.0,0.0,0.0,0.0,0.0,0.0,0.0,0.0,0.0,0.0,0.0,0.0,0.0,0.0,0.0,0.0,0.0,0.0,0.0,0.0,0.0,0.0,0.7484753330852918,0.0,0.0,0.0,0.0,0.0,0.0,0.0,0.0,0.0,0.0,0.0,0.0,0.0
3.0,2025-12-20,"와 솔직히 잘 모르겠음
빵은 맛있고 저렴한데, 무슨 길바닥 시장통인지
줄이 꽤 길어도 빨리빨리 빠지는 느낌인데.. 이게 좀 문제인 것 같음
매장안에 사람이 ...",0,90,와 솔직히 잘 모르겠음 빵은 맛있고 저렴한데 무슨 길바닥 시장통인지 줄이 꽤 길어도 빨리빨리 빠지는 느낌인데 이게 좀 문제인 것 같음 매장안에 사람이,솔직히 모르겠음 빵은 맛있고 저렴한데 무슨 길바닥 시장통인지 줄이 길어 빨리빨리 빠지 느낌인데 이게 문제인 같음 매장안 사람,2025,12,2025-12,4,5,토,1,83,18,중립,0,0.0,0.0,0.0,0.0,0.0,0.0,0.0,0.0,0.0,0.0,0.0,0.0,0.0,0.0,0.0,0.0,0.0,0.0,0.0,0.0,0.0,0.0,0.0,0.0,0.0,0.43719277063472367,0.0,0.0,0.0,0.0,0.0,0.0,0.0,0.0,0.0,0.0,0.0,0.0,0.0,0.0,0.0,0.0,0.0,0.0,0.0,0.0,0.43313546027554956,0.0,0.0,0.0,0.3247110599303025,0.0,0.0,0.0,0.0,0.0,0.0,0.0,0.5728983810131154,0.0,0.0,0.0,0.0,0.0,0.0,0.0,0.0,0.0,0.0,0.0,0.0,0.0,0.0,0.0,0.0,0.0,0.0,0.0,0.0,0.0,0.0,0.0,0.0,0.0,0.43313546027554956,0.0,0.0,0.0,0.0,0.0,0.0,0.0,0.0,0.0,0.0,0.0,0.0,0.0,0.0,0.0
5.0,2025-12-21,"빵 대기시간 11분 정도 걸림(주말 40분 ~ 55분), 양산 비치해둬서 너무 나이스, 밖에 안내직원은 더울 듯요 넥 선풍기라도,",0,72,빵 대기시간 11분 정도 걸림 주말 40분 55분 양산 비치해둬서 너무 나이스 밖에 안내직원은 더울 듯요 넥 선풍기라도,대기시간 11분 걸림 주말 40분 55분 양산 비치해둬서 나이스 밖에 안내직원 더울 듯요 선풍기,2025,12,2025-12,4,6,일,1,66,14,긍정,1,0.0,0.0,0.0,0.0,0.0,0.0,0.0,0.0,0.0,0.0,0.0,0.0,0.0,0.0,0.0,0.0,0.0,0.0,0.0,0.0,0.0,0.0,0.0,0.0,0.0,0.0,0.0,0.0,0.0,0.0,0.0,0.0,0.0,0.0,0.0,0.0,0.0,0.0,0.7546934018555184,0.0,0.0,0.0,0.0,0.0,0.0,0.0,0.0,0.0,0.0,0.0,0.0,0.0,0.0,0.0,0.0,0.0,0.0,0.0,0.0,0.0,0.0,0.0,0.0,0.0,0.0,0.0,0.0,0.0,0.0,0.0,0.0,0.0,0.0,0.0,0.0,0.0,0.0,0.0,0.0,0.0,0.0,0.6560776396096313,0.0,0.0,0.0,0.0,0.0,0.0,0.0,0.0,0.0,0.0,0.0,0.0,0.0,0.0,0.0,0.0,0.0,0.0
5.0,2025-12-21,"말차 크루와상 너무 맛있었어요.
다음엔 말차딸기시루 먹으러 와야겠어요!
12/17(수) 주차장까지 줄 길게 이어...",0,65,말차 크루와상 너무 맛있었어요 다음엔 말차딸기시루 먹으러 와야겠어요 12 17 수 주차장까지 줄 길게 이어,말차 크루와상 맛있었어요 다음엔 말차딸기시루 먹으러 와야겠어요 12 17 주차장 길게 이어,2025,12,2025-12,4,6,일,1,59,12,긍정,0,0.0,0.0,0.0,0.0,0.0,0.0,0.0,0.0,0.0,0.0,0.0,0.0,0.0,0.0,0.0,0.0,0.0,0.0,0.0,0.0,0.0,0.0,0.0,0.0,0.0,0.0,0.0,0.0,0.0,0.0,0.0,0.0,0.0,0.0,0.0,0.0,0.0,0.0,0.0,0.0,0.0,0.0,0.0,0.0,0.0,0.0,0.0,0.0,0.0,0.0,0.0,0.0,0.0,0.0,0.0,0.0,0.0,0.0,0.0,0.0,0.0,0.0,0.0,0.0,0.0,0.0,0.0,0.0,0.0,0.0,0.0,0.0,0.0,0.0,0.0,0.0,0.0,0.0,0.0,0.0,0.0,0.0,0.0,0.0,0.0,0.0,0.0,0.0,0.0,0.0,0.0,0.0,0.0,0.0,0.0,0.0,0.0,0.0,0.0,0.0
5.0,2025-12-28,"평일 아침 9시 매일 점심 저녁 먹을 빵사러옴
주말 및 공휴일에는 안감 줄서는데 ...",0,48,평일 아침 9시 매일 점심 저녁 먹을 빵사러옴 주말 및 공휴일에는 안감 줄서는데,평일 아침 9시 매일 점심 저녁 먹을 빵사러옴 주말 공휴일 안감 줄서는데,2025,12,2025-12,4,6,일,1,44,12,긍정,1,0.0,0.0,0.0,0.0,0.0,0.0,0.0,0.0,0.0,0.0,0.0,0.0,0.0,0.0,0.0,0.0,0.0,0.0,0.0,0.0,0.0,0.0,0.0,0.0,0.0,0.0,0.0,0.0,0.0,0.0,0.0,0.0,0.0,0.0,0.6677139434485166,0.0,0.0,0.0,0.0,0.0,0.0,0.0,0.0,0.0,0.0,0.0,0.0,0.0,0.0,0.0,0.0,0.0,0.0,0.0,0.0,0.0,0.0,0.0,0.0,0.0,0.0,0.0,0.0,0.0,0.0,0.0,0.0,0.0,0.0,0.0,0.0,0.0,0.0,0.0,0.0,0.0,0.0,0.0,0.0,0.0,0.0,0.5552403082362944,0.0,0.0,0.0,0.0,0.0,0.0,0.0,0.0,0.0,0.0,0.0,0.0,0.0,0.49584905952728786,0.0,0.0,0.0,0.0
5.0,2026-01-03,"그저 갓
블루베리파이!!!먹어주세요!!!진짜 숨은
맛빵인데ㅠ ...",0,37,그저 갓 블루베리파이 먹어주세요 진짜 숨은 맛빵인데,그저 블루베리파 먹어주세요 숨은 맛빵인데,2026,1,2026-01,1,5,토,1,28,5,긍정,0,0.0,0.0,0.0,0.0,0.0,0.0,0.0,0.0,0.0,0.0,0.0,0.0,0.0,0.0,0.0,0.0,0.0,0.0,0.0,0.0,0.0,0.0,0.0,0.0,0.0,0.0,0.0,0.0,0.0,0.0,0.0,0.0,0.0,0.0,0.0,0.0,0.0,0.0,0.0,0.0,0.0,0.0,0.0,0.0,0.0,0.0,0.0,0.0,0.0,0.0,0.0,0.0,0.0,0.0,0.0,0.0,0.0,0.0,0.0,0.0,0.0,0.0,0.0,0.0,0.0,0.0,0.0,0.0,0.0,0.0,0.0,0.0,0.0,0.0,0.0,0.0,0.0,0.0,0.0,0.0,0.0,0.0,0.0,0.0,0.0,0.0,0.0,0.0,0.0,0.0,0.0,0.0,0.0,0.0,0.0,0.0,0.0,0.0,0.0,0.0
5.0,2026-01-07,대전 사람들 부러워지는 빵집. 케익 구매하러 가야하는데 엄두가 안 남.. 시루 케익 도전해보고 싶다..,0,57,대전 사람들 부러워지는 빵집 케익 구매하러 가야하는데 엄두가 안 남 시루 케익 도전해보고 싶다,대전 사람들 부러워지 빵집 케익 구매하러 가야하는데 엄두 시루 케익 도전해보고 싶다,2026,1,2026-01,1,2,수,0,52,12,긍정,0,0.0,0.0,0.0,0.0,0.0,0.0,0.0,0.0,0.0,0.0,0.0,0.0,0.22900173488507372,0.0,0.0,0.0,0.0,0.0,0.0,0.0,0.0,0.0,0.0,0.0,0.0,0.0,0.0,0.0,0.0,0.0,0.0,0.0,0.0,0.0,0.0,0.0,0.0,0.0,0.0,0.0,0.0,0.0,0.0,0.0,0.0,0.0,0.0,0.0,0.0,0.30429524835557653,0.0,0.36827769739899224,0.0,0.0,0.0,0.0,0.0,0.0,0.0,0.0,0.0,0.0,0.0,0.0,0.0,0.0,0.0,0.0,0.0,0.0,0.0,0.0,0.0,0.0,0.0,0.0,0.0,0.0,0.0,0.0,0.0,0.0,0.0,0.0,0.0,0.0,0.0,0.0,0.0,0.848135687756588,0.0,0.0,0.0,0.0,0.0,0.0,0.0,0.0,0.0,0.0
5.0,2026-01-08,"평일에 갔는데도 줄슴..주말엔 생각도하기 싫네여
성심당 마을에 온것처럼 지나다니는 사람들
다 성심당 쇼핑백 ...",0,63,평일에 갔는데도 줄슴 주말엔 생각도하기 싫네여 성심당 마을에 온것처럼 지나다니는 사람들 다 성심당 쇼핑백,평일 갔는데 줄슴 주말엔 생각도하기 싫네여 성심당 마을 온것 지나다니 사람들 성심당 쇼핑백,2026,1,2026-01,1,3,목,0,58,13,긍정,0,0.0,0.0,0.0,0.0,0.49901533494037215,0.0,0.0,0.0,0.0,0.0,0.0,0.0,0.0,0.0,0.0,0.0,0.0,0.0,0.0,0.0,0.0,0.0,0.0,0.0,0.0,0.0,0.0,0.0,0.0,0.0,0.0,0.0,0.0,0.0,0.0,0.0,0.0,0.0,0.0,0.0,0.0,0.0,0.0,0.0,0.0,0.0,0.0,0.0,0.0,0.0,0.0,0.49901533494037215,0.0,0.0,0.0,0.0,0.573583842008303,0.0,0.0,0.0,0.0,0.0,0.0,0.0,0.0,0.0,0.0,0.0,0.0,0.0,0.0,0.0,0.0,0.0,0.0,0.0,0.0,0.0,0.0,0.0,0.0,0.0,0.0,0.0,0.0,0.0,0.0,0.0,0.0,0.0,0.0,0.0,0.0,0.0,0.0,0.4158953800845719,0.0,0.0,0.0,0.0
4.0,2026-01-15,"빵 맛있고 가성비굿
근데 넘 도떼기 시장이라 머리 아파요....
손님 넘 많아서 직원들도 썽이 많이 나있음...
김치찹...",0,69,빵 맛있고 가성비굿 근데 넘 도떼기 시장이라 머리 아파요 손님 넘 많아서 직원들도 썽이 많이 나있음 김치찹,맛있고 가성비굿 도떼기 시장이라 머리 아파요 손님 많아서 직원들 썽이 나있음 김치찹,2026,1,2026-01,1,3,목,0,59,12,긍정,0,0.0,0.0,0.0,0.0,0.0,0.0,0.0,0.0,0.0,0.0,0.0,0.0,0.0,0.0,0.0,0.0,0.0,0.7248779475481347,0.0,0.0,0.0,0.0,0.0,0.0,0.0,0.688877319381618,0.0,0.0,0.0,0.0,0.0,0.0,0.0,0.0,0.0,0.0,0.0,0.0,0.0,0.0,0.0,0.0,0.0,0.0,0.0,0.0,0.0,0.0,0.0,0.0,0.0,0.0,0.0,0.0,0.0,0.0,0.0,0.0,0.0,0.0,0.0,0.0,0.0,0.0,0.0,0.0,0.0,0.0,0.0,0.0,0.0,0.0,0.0,0.0,0.0,0.0,0.0,0.0,0.0,0.0,0.0,0.0,0.0,0.0,0.0,0.0,0.0,0.0,0.0,0.0,0.0,0.0,0.0,0.0,0.0,0.0,0.0,0.0,0.0,0.0
5.0,2026-01-17,"맛도 5점! 분위기도 5점!
정말 맛있고, 1번 더 가고싶다.
이런 빵집은 처음이다",0,46,맛도 5점 분위기도 5점 정말 맛있고 1번 더 가고싶다 이런 빵집은 처음이다,맛도 5점 분위기 5점 맛있고 1번 가고싶다 빵집 처음이다,2026,1,2026-01,1,5,토,1,42,9,긍정,0,0.0,0.0,0.0,0.0,0.0,0.0,0.0,0.0,0.0,0.0,0.0,0.0,0.0,0.0,0.0,0.0,0.0,0.0,0.0,0.0,0.0,0.0,0.6218937656008878,0.0,0.0,0.5635814526179015,0.0,0.0,0.0,0.0,0.0,0.0,0.0,0.0,0.0,0.0,0.0,0.0,0.0,0.0,0.0,0.0,0.0,0.0,0.0,0.0,0.0,0.0,0.0,0.5437132429616223,0.0,0.0,0.0,0.0,0.0,0.0,0.0,0.0,0.0,0.0,0.0,0.0,0.0,0.0,0.0,0.0,0.0,0.0,0.0,0.0,0.0,0.0,0.0,0.0,0.0,0.0,0.0,0.0,0.0,0.0,0.0,0.0,0.0,0.0,0.0,0.0,0.0,0.0,0.0,0.0,0.0,0.0,0.0,0.0,0.0,0.0,0.0,0.0,0.0,0.0
3.0,2026-01-18,"이것만으로 1점을 주고싶진 않아서 3점 남깁니다.
제가 구매한 것은 : 딸기요거롤, 말차롤, 튀소류 총 9개, 메아리빵, 딸기요거트빵, 명란바게트, 마들렌 등 다양한 빵을 샀고 다른건 만족했는데요.
...",0,114,이것만으로 1점을 주고싶진 않아서 3점 남깁니다 제가 구매한 것은 딸기요거롤 말차롤 튀소류 총 9개 메아리빵 딸기요거트빵 명란바게트 마들렌 등 다양한 빵을 샀고 다른건 만족했는데요,이것 1점 주고싶진 않아서 3점 남깁니다 구매한 딸기요거롤 말차롤 튀소류 9개 메아리빵 딸기요거트빵 명란바게트 마들렌 다양한 빵을 샀고 다른건 만족했는데요,2026,1,2026-01,1,6,일,1,100,20,중립,0,0.0,0.0,0.0,0.0,0.0,0.0,0.0,0.0,0.0,0.0,0.0,0.0,0.0,0.0,0.0,0.0,0.0,0.0,0.0,0.0,0.0,0.0,0.0,0.0,0.0,0.0,0.0,0.0,0.0,0.0,0.0,0.0,0.0,0.0,0.0,0.0,0.7181507401073384,0.0,0.0,0.0,0.0,0.0,0.0,0.0,0.0,0.0,0.0,0.6958875731634258,0.0,0.0,0.0,0.0,0.0,0.0,0.0,0.0,0.0,0.0,0.0,0.0,0.0,0.0,0.0,0.0,0.0,0.0,0.0,0.0,0.0,0.0,0.0,0.0,0.0,0.0,0.0,0.0,0.0,0.0,0.0,0.0,0.0,0.0,0.0,0.0,0.0,0.0,0.0,0.0,0.0,0.0,0.0,0.0,0.0,0.0,0.0,0.0,0.0,0.0,0.0,0.0
5.0,2026-01-21,"아이러브성심당 성심당 사랑해요 앞으로도 존재해주시길 나비파이 소세지페스츄리 
⭐⭐️⭐️치즈퐁듀⭐️⭐️⭐️",6,58,아이러브성심당 성심당 사랑해요 앞으로도 존재해주시길 나비파이 소세지페스츄리 치즈퐁듀,아이러브성심당 성심당 사랑해요 존재해주시길 나비파 소세지페스츄리 치즈퐁듀,2026,1,2026-01,1,2,수,0,46,7,긍정,0,0.0,0.0,0.0,0.0,0.0,0.0,0.0,0.0,0.0,0.0,0.0,0.0,0.0,0.0,0.0,0.0,0.0,0.0,0.0,0.0,0.0,0.0,0.0,0.0,0.0,0.0,0.0,0.0,0.0,0.0,0.0,0.0,0.0,0.0,0.0,0.0,0.0,0.0,0.0,0.0,0.0,0.0,0.0,0.0,0.0,0.0,0.0,0.0,0.0,0.0,0.0,0.0,0.0,0.0,0.0,0.0,1.0,0.0,0.0,0.0,0.0,0.0,0.0,0.0,0.0,0.0,0.0,0.0,0.0,0.0,0.0,0.0,0.0,0.0,0.0,0.0,0.0,0.0,0.0,0.0,0.0,0.0,0.0,0.0,0.0,0.0,0.0,0.0,0.0,0.0,0.0,0.0,0.0,0.0,0.0,0.0,0.0,0.0,0.0,0.0
4.0,2026-01-22,"딸기시루 왜 먹는지 알겠음.. 이 가격에 딸기를 이렇게까지 폭력적으로 넣을 수가 있나?… 🧐🧐
사먹는 길에 뭐 연설하시는 분 계시던데 진심 줄 서는 것도 힘 빠지는데 계속 큰 소리로 말씀하셔서 머리에 울렸음 ㅠ....",2,121,딸기시루 왜 먹는지 알겠음 이 가격에 딸기를 이렇게까지 폭력적으로 넣을 수가 있나 사먹는 길에 뭐 연설하시는 분 계시던데 진심 줄 서는 것도 힘 빠지는데 계속 큰 소리로 말씀하셔서 머리에 울렸음,딸기시루 먹는지 알겠음 가격 딸기 이렇게 폭력적 넣을 수가 있나 사먹 길에 연설하시 계시던데 진심 서는 것도 빠지는데 계속 소리 말씀하셔서 머리 울렸음,2026,1,2026-01,1,3,목,0,108,23,긍정,1,0.33371362918618436,0.0,0.0,0.0,0.0,0.0,0.0,0.0,0.0,0.0,0.0,0.0,0.0,0.5521333138694885,0.5521333138694885,0.0,0.0,0.0,0.0,0.0,0.0,0.0,0.0,0.0,0.0,0.0,0.0,0.0,0.0,0.0,0.0,0.0,0.0,0.0,0.0,0.0,0.0,0.0,0.0,0.0,0.0,0.0,0.0,0.0,0.0,0.0,0.0,0.0,0.0,0.0,0.0,0.0,0.0,0.0,0.0,0.0,0.0,0.0,0.0,0.0,0.0,0.0,0.0,0.0,0.0,0.5281409102941935,0.0,0.0,0.0,0.0,0.0,0.0,0.0,0.0,0.0,0.0,0.0,0.0,0.0,0.0,0.0,0.0,0.0,0.0,0.0,0.0,0.0,0.0,0.0,0.0,0.0,0.0,0.0,0.0,0.0,0.0,0.0,0.0,0.0,0.0
4.0,2026-01-30,"튀김소보로, 딸기소보로 맛있어요.
초코소보로는 너무 달아요..
고로케랑 ...",0,43,튀김소보로 딸기소보로 맛있어요 초코소보로는 너무 달아요 고로케랑,튀김소보로 딸기소보 맛있어요 초코소보 달아요 고로케,2026,1,2026-01,1,4,금,0,35,6,긍정,0,0.0,0.0,0.0,0.0,0.0,0.0,0.0,0.0,0.0,0.0,0.0,0.0,0.0,0.0,0.0,0.0,0.0,0.0,0.0,0.0,0.0,0.0,0.0,0.0,0.0,0.0,0.0,0.0,0.6352326543533977,0.0,0.0,0.0,0.0,0.0,0.0,0.0,0.0,0.0,0.0,0.0,0.0,0.0,0.0,0.0,0.0,0.0,0.0,0.0,0.0,0.0,0.0,0.0,0.0,0.0,0.0,0.0,0.0,0.0,0.0,0.0,0.0,0.0,0.0,0.0,0.0,0.0,0.0,0.0,0.0,0.0,0.0,0.0,0.0,0.0,0.0,0.0,0.0,0.0,0.0,0.0,0.0,0.0,0.0,0.0,0.0,0.0,0.0,0.0,0.0,0.0,0.0,0.772320836727287,0.0,0.0,0.0,0.0,0.0,0.0,0.0,0.0
5.0,2026-02-01,저는 녹차 시루가 더 맛있었어요,0,17,저는 녹차 시루가 더 맛있었어요,녹차 시루 맛있었어요,2026,2,2026-02,1,6,일,1,17,3,긍정,0,0.0,0.0,0.0,0.0,0.0,0.0,0.0,0.0,0.0,0.0,0.0,0.0,0.0,0.0,0.0,0.0,0.0,0.0,0.0,0.0,0.0,0.0,0.0,0.0,0.0,0.0,0.0,0.0,0.0,0.0,0.0,0.0,0.0,0.0,0.0,0.0,0.0,0.0,0.0,0.0,0.0,0.0,0.0,0.0,0.0,0.0,0.0,0.0,0.0,0.0,0.0,0.0,0.0,0.0,0.0,0.0,0.0,0.0,0.0,0.0,0.0,0.0,0.0,0.0,0.0,0.0,0.0,0.0,0.0,0.0,0.0,0.0,0.0,0.0,0.0,0.0,0.0,0.0,0.0,0.0,0.0,0.0,0.0,0.0,0.0,0.0,0.0,0.0,0.0,0.0,0.0,0.0,0.0,0.0,0.0,0.0,0.0,0.0,0.0,0.0
5.0,2026-02-02,딸기의 계절이 왔슴돠!!!🍓,1,15,딸기의 계절이 왔슴돠,딸기 계절 왔슴돠,2026,2,2026-02,1,0,월,0,11,3,긍정,0,0.0,0.0,0.0,0.0,0.0,0.0,0.0,0.0,0.0,0.0,0.0,0.0,0.0,1.0,0.0,0.0,0.0,0.0,0.0,0.0,0.0,0.0,0.0,0.0,0.0,0.0,0.0,0.0,0.0,0.0,0.0,0.0,0.0,0.0,0.0,0.0,0.0,0.0,0.0,0.0,0.0,0.0,0.0,0.0,0.0,0.0,0.0,0.0,0.0,0.0,0.0,0.0,0.0,0.0,0.0,0.0,0.0,0.0,0.0,0.0,0.0,0.0,0.0,0.0,0.0,0.0,0.0,0.0,0.0,0.0,0.0,0.0,0.0,0.0,0.0,0.0,0.0,0.0,0.0,0.0,0.0,0.0,0.0,0.0,0.0,0.0,0.0,0.0,0.0,0.0,0.0,0.0,0.0,0.0,0.0,0.0,0.0,0.0,0.0,0.0
5.0,2026-02-03,"말차튀소 비주얼만 참으면 짱맛!!
직원 분들 항상 친절하세요♡",1,34,말차튀소 비주얼만 참으면 짱맛 직원 분들 항상 친절하세요,말차튀소 비주얼 참으면 짱맛 직원 분들 친절하세요,2026,2,2026-02,1,1,화,0,31,7,긍정,0,0.0,0.0,0.0,0.0,0.0,0.0,0.0,0.0,0.0,0.0,0.0,0.0,0.0,0.0,0.0,0.0,0.0,0.0,0.0,0.0,0.0,0.0,0.0,0.0,0.0,0.0,0.0,0.0,0.0,0.0,0.0,0.0,0.0,0.0,0.0,0.0,0.0,0.0,0.0,0.0,0.0,0.0,0.0,0.0,0.0,0.0,0.0,0.0,0.0,0.0,0.0,0.0,0.0,0.0,0.0,0.0,0.0,0.0,0.0,0.0,0.0,0.0,0.0,0.0,0.0,0.0,0.0,0.0,0.0,0.0,0.0,0.0,0.0,0.0,0.0,0.0,0.0,0.0,0.0,0.0,0.0,0.0,0.0,0.0,0.0,0.0,0.0,0.0,0.0,0.0,0.0,0.0,0.0,0.0,0.0,0.0,0.0,0.0,0.0,0.0
3.0,2026-02-04,"평일인데 지하 주차장까지 가서 한 30분 정도 줄 섰네요. 솔직히 길게 대기하면서까지 먹을 맛은 아니나, 워낙 가성비 면에서 압도적이라 대전 가면 겸사겸사 들르게 되는 것 같아요. 개인적으로 저는 다음에 대전 방문하게 되면 성심당은 케익부띠끄 정도만 갈 것 같습니다.",0,149,평일인데 지하 주차장까지 가서 한 30분 정도 줄 섰네요 솔직히 길게 대기하면서까지 먹을 맛은 아니나 워낙 가성비 면에서 압도적이라 대전 가면 겸사겸사 들르게 되는 것 같아요 개인적으로 저는 다음에 대전 방문하게 되면 성심당은 케익부띠끄 정도만 갈 것 같습니다,평일인데 지하 주차장 가서 30분 섰네요 솔직히 길게 대기하면서 먹을 맛은 아니나 워낙 가성비 압도적이라 대전 가면 겸사겸사 들르게 개인적 다음 대전 방문하게 되면 성심당 케익부띠끄,2026,2,2026-02,1,2,수,0,145,26,중립,1,0.0,0.0,0.3869729895096829,0.2905382245486593,0.0,0.0,0.0,0.0,0.0,0.0,0.0,0.0,0.4655685683202332,0.0,0.0,0.0,0.0,0.0,0.0,0.0,0.0,0.0,0.0,0.3869729895096829,0.0,0.0,0.0,0.0,0.0,0.0,0.0,0.0,0.0,0.0,0.420147185963836,0.0,0.0,0.0,0.0,0.0,0.0,0.0,0.0,0.0,0.0,0.0,0.0,0.0,0.0,0.0,0.0,0.0,0.0,0.0,0.0,0.0,0.21515097792382534,0.0,0.420147185963836,0.0,0.0,0.0,0.0,0.0,0.0,0.0,0.0,0.0,0.0,0.0,0.0,0.0,0.0,0.0,0.0,0.0,0.0,0.0,0.0,0.0,0.0,0.0,0.0,0.0,0.0,0.0,0.0,0.0,0.0,0.0,0.0,0.0,0.0,0.0,0.0,0.0,0.0,0.0,0.0,0.0
5.0,2026-02-04,"요즘 인기인 시루도 맛있지만 성심당은 역시 빵이 근본입니다 보문산메아리,명란바게트,튀소, 그리고 김치주먹밥도 완전 맛있음 ㅎ 순수롤도 최고",0,77,요즘 인기인 시루도 맛있지만 성심당은 역시 빵이 근본입니다 보문산메아리 명란바게트 튀소 그리고 김치주먹밥도 완전 맛있음 순수롤도 최고,요즘 인기인 시루 맛있지 성심당 빵이 근본입니다 보문산메아리 명란바게트 튀소 김치주먹밥 맛있음 순수롤 최고,2026,2,2026-02,1,2,수,0,74,14,긍정,0,0.0,0.0,0.0,0.0,0.0,0.0,0.0,0.0,0.0,0.0,0.0,0.0,0.0,0.0,0.0,0.0,0.0,0.0,0.0,0.0,0.0,0.0,0.0,0.0,0.0,0.0,0.0,0.0,0.0,0.0,0.46554467668941935,0.0,0.0,0.0,0.0,0.0,0.4195569303101446,0.0,0.0,0.0,0.0,0.0,0.0,0.0,0.0,0.0,0.0,0.0,0.4025598202869421,0.0,0.0,0.0,0.0,0.0,0.0,0.0,0.2675558099972398,0.0,0.0,0.0,0.0,0.0,0.0,0.0,0.0,0.0,0.0,0.0,0.0,0.0,0.0,0.0,0.0,0.0,0.0,0.0,0.0,0.0,0.0,0.0,0.0,0.0,0.0,0.0,0.0,0.0,0.0,0.43997440107166513,0.0,0.0,0.0,0.0,0.424290162817579,0.0,0.0,0.0,0.0,0.0,0.0,0.0
5.0,2026-02-07,이 가격에 이 맛 못 따라옵니다.,0,18,이 가격에 이 맛 못 따라옵니다,가격 따라옵니다,2026,2,2026-02,1,5,토,1,17,2,긍정,0,1.0,0.0,0.0,0.0,0.0,0.0,0.0,0.0,0.0,0.0,0.0,0.0,0.0,0.0,0.0,0.0,0.0,0.0,0.0,0.0,0.0,0.0,0.0,0.0,0.0,0.0,0.0,0.0,0.0,0.0,0.0,0.0,0.0,0.0,0.0,0.0,0.0,0.0,0.0,0.0,0.0,0.0,0.0,0.0,0.0,0.0,0.0,0.0,0.0,0.0,0.0,0.0,0.0,0.0,0.0,0.0,0.0,0.0,0.0,0.0,0.0,0.0,0.0,0.0,0.0,0.0,0.0,0.0,0.0,0.0,0.0,0.0,0.0,0.0,0.0,0.0,0.0,0.0,0.0,0.0,0.0,0.0,0.0,0.0,0.0,0.0,0.0,0.0,0.0,0.0,0.0,0.0,0.0,0.0,0.0,0.0,0.0,0.0,0.0,0.0
4.0,2026-02-09,딸기 시루 구입하는데 아침 6시부터 2시간 기다림. 맛보다는 득템하는 기분으로 양은 어마하더라 며칠을 먹었으니까 ㅎㅎ,0,65,딸기 시루 구입하는데 아침 6시부터 2시간 기다림 맛보다는 득템하는 기분으로 양은 어마하더라 며칠을 먹었으니까,딸기 시루 구입하는데 아침 6시 2시간 기다림 득템하 기분 양은 어마하더라 며칠 먹었으니까,2026,2,2026-02,1,0,월,0,61,13,긍정,1,0.0,0.0,0.0,0.0,0.0,0.0,0.0,0.0,0.0,0.0,0.0,0.0,0.0,1.0,0.0,0.0,0.0,0.0,0.0,0.0,0.0,0.0,0.0,0.0,0.0,0.0,0.0,0.0,0.0,0.0,0.0,0.0,0.0,0.0,0.0,0.0,0.0,0.0,0.0,0.0,0.0,0.0,0.0,0.0,0.0,0.0,0.0,0.0,0.0,0.0,0.0,0.0,0.0,0.0,0.0,0.0,0.0,0.0,0.0,0.0,0.0,0.0,0.0,0.0,0.0,0.0,0.0,0.0,0.0,0.0,0.0,0.0,0.0,0.0,0.0,0.0,0.0,0.0,0.0,0.0,0.0,0.0,0.0,0.0,0.0,0.0,0.0,0.0,0.0,0.0,0.0,0.0,0.0,0.0,0.0,0.0,0.0,0.0,0.0,0.0
5.0,2026-02-11,"간지 좀 되기는 했지만,,딸기빙수에 딸기가 진짜 맛있었다🍓",1,32,간지 좀 되기는 했지만 딸기빙수에 딸기가 진짜 맛있었다,간지 되기 했지 딸기빙수 딸기 맛있었다,2026,2,2026-02,1,2,수,0,30,6,긍정,0,0.0,0.0,0.0,0.0,0.0,0.0,0.0,0.0,0.0,0.0,0.0,0.0,0.0,0.5723466680134871,0.0,0.0,0.0,0.0,0.0,0.0,0.0,0.0,0.0,0.0,0.0,0.0,0.0,0.0,0.0,0.5723466680134871,0.0,0.0,0.0,0.0,0.0,0.0,0.0,0.0,0.0,0.0,0.0,0.0,0.0,0.0,0.0,0.0,0.0,0.0,0.0,0.0,0.0,0.0,0.0,0.0,0.0,0.0,0.0,0.0,0.0,0.0,0.0,0.0,0.0,0.0,0.0,0.0,0.0,0.0,0.0,0.0,0.0,0.0,0.0,0.0,0.0,0.0,0.0,0.0,0.0,0.0,0.0,0.0,0.0,0.0,0.0,0.0,0.0,0.0,0.0,0.0,0.0,0.0,0.0,0.0,0.0,0.0,0.0,0.0,0.0,0.5872295830658724
4.0,2026-02-12,빵은 정말 맛있었지만 부족한점은 사람이 끊임없이 들어가서 복잡하다는것입니다. 몇명은 들어가고 기다리고를 했으면 좋겠습니다.,0,68,빵은 정말 맛있었지만 부족한점은 사람이 끊임없이 들어가서 복잡하다는것입니다 몇명은 들어가고 기다리고를 했으면 좋겠습니다,빵은 맛있었지 부족한점 사람 끊임없 들어가서 복잡하다는것입니다 몇명 들어가고 기다리고 했으면 좋겠습니다,2026,2,2026-02,1,3,목,0,66,12,긍정,1,0.0,0.0,0.0,0.0,0.0,0.0,0.0,0.0,0.0,0.0,0.0,0.0,0.0,0.0,0.0,0.0,0.0,0.0,0.0,0.0,0.0,0.0,0.0,0.0,0.0,0.0,0.0,0.0,0.0,0.0,0.0,0.0,0.0,0.0,0.0,0.0,0.0,0.0,0.0,0.0,0.0,0.0,0.0,0.0,0.0,0.0,0.8001245949194626,0.0,0.0,0.0,0.5998338374958233,0.0,0.0,0.0,0.0,0.0,0.0,0.0,0.0,0.0,0.0,0.0,0.0,0.0,0.0,0.0,0.0,0.0,0.0,0.0,0.0,0.0,0.0,0.0,0.0,0.0,0.0,0.0,0.0,0.0,0.0,0.0,0.0,0.0,0.0,0.0,0.0,0.0,0.0,0.0,0.0,0.0,0.0,0.0,0.0,0.0,0.0,0.0,0.0,0.0
5.0,2026-02-14,설명절이라 평소보다 줄이 길지는 않은데 그래도 사람들이 많네요,0,34,설명절이라 평소보다 줄이 길지는 않은데 그래도 사람들이 많네요,설명절이라 평소 줄이 길지 않은데 그래 사람들 많네요,2026,2,2026-02,1,5,토,1,34,8,긍정,0,0.0,0.0,0.0,0.0,0.0,0.6259725074135947,0.0,0.0,0.0,0.0,0.0,0.0,0.0,0.0,0.0,0.0,0.0,0.0,0.0,0.0,0.0,0.0,0.0,0.0,0.0,0.0,0.0,0.0,0.0,0.0,0.0,0.0,0.0,0.0,0.0,0.0,0.0,0.0,0.0,0.0,0.0,0.0,0.0,0.0,0.0,0.0,0.0,0.0,0.0,0.0,0.0,0.5946314615875679,0.0,0.0,0.0,0.0,0.0,0.0,0.0,0.0,0.0,0.0,0.0,0.0,0.0,0.0,0.0,0.0,0.0,0.0,0.0,0.0,0.0,0.0,0.0,0.0,0.0,0.0,0.0,0.0,0.0,0.0,0.0,0.0,0.504551132049637,0.0,0.0,0.0,0.0,0.0,0.0,0.0,0.0,0.0,0.0,0.0,0.0,0.0,0.0,0.0
4.0,2026-02-15,빵값진짜착하당,0,7,빵값진짜착하당,빵값진짜착하당,2026,2,2026-02,1,6,일,1,7,1,긍정,0,0.0,0.0,0.0,0.0,0.0,0.0,0.0,0.0,0.0,0.0,0.0,0.0,0.0,0.0,0.0,0.0,0.0,0.0,0.0,0.0,0.0,0.0,0.0,0.0,0.0,0.0,0.0,0.0,0.0,0.0,0.0,0.0,0.0,0.0,0.0,0.0,0.0,0.0,0.0,0.0,0.0,0.0,0.0,0.0,0.0,0.0,0.0,0.0,0.0,0.0,0.0,0.0,0.0,0.0,0.0,0.0,0.0,0.0,0.0,0.0,0.0,0.0,0.0,0.0,0.0,0.0,0.0,0.0,0.0,0.0,0.0,0.0,0.0,0.0,0.0,0.0,0.0,0.0,0.0,0.0,0.0,0.0,0.0,0.0,0.0,0.0,0.0,0.0,0.0,0.0,0.0,0.0,0.0,0.0,0.0,0.0,0.0,0.0,0.0,0.0
5.0,2026-02-15,평가 불가. 신의 영역.,0,13,평가 불가 신의 영역,평가 불가 신의 영역,2026,2,2026-02,1,6,일,1,11,4,긍정,0,0.0,0.0,0.0,0.0,0.0,0.0,0.0,0.0,0.0,0.0,0.0,0.0,0.0,0.0,0.0,0.0,0.0,0.0,0.0,0.0,0.0,0.0,0.0,0.0,0.0,0.0,0.0,0.0,0.0,0.0,0.0,0.0,0.0,0.0,0.0,0.0,0.0,0.0,0.0,0.0,0.0,0.0,0.0,0.0,0.0,0.0,0.0,0.0,0.0,0.0,0.0,0.0,0.0,0.0,0.0,0.0,0.0,0.0,0.0,0.0,0.0,0.0,0.0,0.0,0.0,0.0,0.0,0.0,0.0,0.0,0.0,0.0,0.0,0.0,0.0,0.0,0.0,0.0,0.0,0.0,0.0,0.0,0.0,0.0,0.0,0.0,0.0,0.0,0.0,0.0,0.0,0.0,0.0,0.0,0.0,0.0,0.0,0.0,0.0,0.0
5.0,2026-02-16,"튀소보단 말차튀소 
가격 좋고 맛 좋은 성심당입니다",0,28,튀소보단 말차튀소 가격 좋고 맛 좋은 성심당입니다,튀소보단 말차튀소 가격 좋고 좋은 성심당입니다,2026,2,2026-02,1,0,월,0,27,6,긍정,0,0.4280893635854529,0.0,0.0,0.0,0.0,0.0,0.0,0.0,0.0,0.0,0.0,0.0,0.0,0.0,0.0,0.0,0.0,0.0,0.0,0.0,0.0,0.0,0.0,0.0,0.0,0.0,0.0,0.0,0.0,0.0,0.0,0.0,0.0,0.0,0.0,0.0,0.0,0.0,0.0,0.0,0.0,0.0,0.0,0.0,0.0,0.0,0.0,0.0,0.0,0.0,0.0,0.0,0.0,0.0,0.0,0.0,0.0,0.0,0.0,0.0,0.0,0.0,0.0,0.0,0.0,0.0,0.0,0.0,0.0,0.0,0.0,0.0,0.0,0.0,0.0,0.0,0.0,0.0,0.6126752821812951,0.0,0.6643556994480233,0.0,0.0,0.0,0.0,0.0,0.0,0.0,0.0,0.0,0.0,0.0,0.0,0.0,0.0,0.0,0.0,0.0,0.0,0.0
5.0,2026-02-17,왜 성심당이 인기가 많은지 알 수 있었어요. 프랜차이즈 빵집에서는 맛볼 수 없는 맛이 있어요. 엄청 맛있었고 또 가고 싶어요.,0,70,왜 성심당이 인기가 많은지 알 수 있었어요 프랜차이즈 빵집에서는 맛볼 수 없는 맛이 있어요 엄청 맛있었고 또 가고 싶어요,성심당 인기 많은지 있었어요 프랜차이즈 빵집 맛볼 맛이 맛있었고 가고 싶어요,2026,2,2026-02,1,1,화,0,67,11,긍정,0,0.0,0.591629397467718,0.0,0.0,0.0,0.0,0.0,0.0,0.0,0.0,0.0,0.0,0.0,0.0,0.0,0.0,0.0,0.0,0.0,0.0,0.0,0.0,0.0,0.0,0.0,0.0,0.0,0.0,0.0,0.0,0.0,0.0,0.0,0.0,0.0,0.0,0.0,0.0,0.0,0.0,0.0,0.0,0.0,0.0,0.0,0.0,0.0,0.0,0.0,0.43557038254135483,0.0,0.0,0.0,0.0,0.0,0.0,0.3029644079173233,0.0,0.0,0.0,0.0,0.0,0.0,0.0,0.0,0.0,0.0,0.0,0.6070137275548786,0.0,0.0,0.0,0.0,0.0,0.0,0.0,0.0,0.0,0.0,0.0,0.0,0.0,0.0,0.0,0.0,0.0,0.0,0.0,0.0,0.0,0.0,0.0,0.0,0.0,0.0,0.0,0.0,0.0,0.0,0.0
5.0,2026-02-19,"이거먹으려고 출근하다싶이 준비해서 왔지만 후회는 없어요 특히 주먹밥? 그 고기먹고 먹는 볶음밥 누룽지 마냥 빠작하고 간이 짭쬬롬해요 
...",0,78,이거먹으려고 출근하다싶이 준비해서 왔지만 후회는 없어요 특히 주먹밥 그 고기먹고 먹는 볶음밥 누룽지 마냥 빠작하고 간이 짭쬬롬해요,이거먹으려고 출근하다싶 준비해서 왔지 후회 특히 주먹밥 고기먹고 먹는 볶음밥 누룽지 마냥 빠작 간이 짭쬬롬해요,2026,2,2026-02,1,3,목,0,72,15,긍정,0,0.0,0.0,0.0,0.0,0.0,0.0,0.0,0.0,0.0,0.0,0.0,0.0,0.0,0.0,0.0,0.0,0.0,0.0,0.0,0.0,0.0,0.0,0.0,0.0,0.0,0.0,0.0,0.0,0.0,0.0,0.0,0.0,0.0,0.0,0.0,0.0,0.0,0.0,0.0,0.0,0.0,0.0,0.0,0.0,0.0,0.0,0.0,0.0,0.0,0.0,0.0,0.0,0.0,0.0,0.0,0.0,0.0,0.0,0.0,0.0,0.0,0.0,0.0,0.0,0.0,0.0,0.0,0.0,0.0,0.0,0.0,0.0,0.0,0.0,0.0,0.0,0.0,0.0,0.0,0.0,0.0,0.0,0.0,0.0,0.0,0.0,0.0,0.0,0.0,0.0,0.0,0.0,0.0,0.0,1.0,0.0,0.0,0.0,0.0,0.0
4.0,2026-02-19,요번에 말차신상 맛있음!,0,13,요번에 말차신상 맛있음,요번 말차신상 맛있음,2026,2,2026-02,1,3,목,0,12,3,긍정,0,0.0,0.0,0.0,0.0,0.0,0.0,0.0,0.0,0.0,0.0,0.0,0.0,0.0,0.0,0.0,0.0,0.0,0.0,0.0,0.0,0.0,0.0,0.0,0.0,0.0,0.0,0.0,0.0,0.0,0.0,1.0,0.0,0.0,0.0,0.0,0.0,0.0,0.0,0.0,0.0,0.0,0.0,0.0,0.0,0.0,0.0,0.0,0.0,0.0,0.0,0.0,0.0,0.0,0.0,0.0,0.0,0.0,0.0,0.0,0.0,0.0,0.0,0.0,0.0,0.0,0.0,0.0,0.0,0.0,0.0,0.0,0.0,0.0,0.0,0.0,0.0,0.0,0.0,0.0,0.0,0.0,0.0,0.0,0.0,0.0,0.0,0.0,0.0,0.0,0.0,0.0,0.0,0.0,0.0,0.0,0.0,0.0,0.0,0.0,0.0
4.0,2026-02-19,"대전 오면 꼭 가야하는 대전의 자랑 성.심.당!!!!
맛도 좋고 가격도 괜찮음. 줄서서 기다리는 보람이 있음.
근데 딸기 시루나 이런거 솔직히 말하면 좀 별로...",0,91,대전 오면 꼭 가야하는 대전의 자랑 성 심 당 맛도 좋고 가격도 괜찮음 줄서서 기다리는 보람이 있음 근데 딸기 시루나 이런거 솔직히 말하면 좀 별로,대전 오면 가야하 대전 자랑 맛도 좋고 가격 괜찮음 줄서서 기다리 보람 있음 딸기 시루나 이런거 솔직히 말하면 별로,2026,2,2026-02,1,3,목,0,82,19,긍정,1,0.23011254821986318,0.0,0.0,0.0,0.0,0.0,0.0,0.0,0.0,0.0,0.0,0.0,0.42188346351699746,0.38072404810503163,0.0,0.0,0.0,0.0,0.0,0.0,0.0,0.0,0.3206012397721256,0.0,0.0,0.0,0.0,0.0,0.0,0.0,0.0,0.0,0.0,0.0,0.0,0.0,0.0,0.0,0.0,0.0,0.38072404810503163,0.0,0.0,0.0,0.0,0.0,0.0,0.0,0.0,0.0,0.0,0.0,0.0,0.0,0.0,0.0,0.0,0.0,0.38072404810503163,0.0,0.0,0.0,0.0,0.0,0.0,0.0,0.0,0.0,0.0,0.0,0.0,0.0,0.0,0.3506626439385786,0.0,0.0,0.0,0.0,0.32933373824860057,0.0,0.0,0.0,0.0,0.0,0.0,0.0,0.0,0.0,0.0,0.0,0.0,0.0,0.0,0.0,0.0,0.0,0.0,0.0,0.0,0.0
5.0,2026-02-23,대전 분들 부럽습니다,0,11,대전 분들 부럽습니다,대전 분들 부럽습니다,2026,2,2026-02,1,0,월,0,11,3,긍정,0,0.0,0.0,0.0,0.0,0.0,0.0,0.0,0.0,0.0,0.0,0.0,0.0,1.0,0.0,0.0,0.0,0.0,0.0,0.0,0.0,0.0,0.0,0.0,0.0,0.0,0.0,0.0,0.0,0.0,0.0,0.0,0.0,0.0,0.0,0.0,0.0,0.0,0.0,0.0,0.0,0.0,0.0,0.0,0.0,0.0,0.0,0.0,0.0,0.0,0.0,0.0,0.0,0.0,0.0,0.0,0.0,0.0,0.0,0.0,0.0,0.0,0.0,0.0,0.0,0.0,0.0,0.0,0.0,0.0,0.0,0.0,0.0,0.0,0.0,0.0,0.0,0.0,0.0,0.0,0.0,0.0,0.0,0.0,0.0,0.0,0.0,0.0,0.0,0.0,0.0,0.0,0.0,0.0,0.0,0.0,0.0,0.0,0.0,0.0,0.0
2.0,2026-02-24,"소문난 잔치집에 먹을게 없다. 란 말이 딱 맞는 듯..
왜 이렇게 줄서서 먹고 왜 이렇게 매스컴에서 띄어주는지 모르겠음. 
그냥 빵집 ...",0,78,소문난 잔치집에 먹을게 없다 란 말이 딱 맞는 듯 왜 이렇게 줄서서 먹고 왜 이렇게 매스컴에서 띄어주는지 모르겠음 그냥 빵집,소문난 잔치집 먹을게 없다 말이 맞는 이렇게 줄서서 먹고 이렇게 매스컴 띄어주는지 모르겠음 빵집,2026,2,2026-02,1,1,화,0,69,14,부정,1,0.0,0.0,0.0,0.0,0.0,0.0,0.0,0.0,0.0,0.0,0.0,0.0,0.0,0.0,0.0,0.0,0.0,0.0,0.0,0.0,0.0,0.438447090464365,0.0,0.0,0.0,0.0,0.0,0.0,0.0,0.0,0.0,0.0,0.0,0.0,0.0,0.0,0.0,0.0,0.0,0.0,0.0,0.0,0.0,0.0,0.0,0.0,0.0,0.0,0.0,0.3227942487900593,0.0,0.0,0.0,0.0,0.0,0.0,0.0,0.0,0.0,0.0,0.0,0.0,0.0,0.0,0.0,0.8387896171337568,0.0,0.0,0.0,0.0,0.0,0.0,0.0,0.0,0.0,0.0,0.0,0.0,0.0,0.0,0.0,0.0,0.0,0.0,0.0,0.0,0.0,0.0,0.0,0.0,0.0,0.0,0.0,0.0,0.0,0.0,0.0,0.0,0.0,0.0
5.0,2026-02-26,리뷰 2500개 첨봐유 ㅋㅋ 색다르기보다는 보장된맛+내어릴적가격으로 집앞에있으면 좋겠는 빵집,0,51,리뷰 2500개 첨봐유 색다르기보다는 보장된맛 내어릴적가격으로 집앞에있으면 좋겠는 빵집,리뷰 2500개 첨봐유 색다르기 보장된맛 내어릴적가격 집앞에있으면 좋겠 빵집,2026,2,2026-02,1,3,목,0,48,9,긍정,0,0.0,0.0,0.0,0.0,0.0,0.0,0.0,0.0,0.0,0.0,0.0,0.0,0.0,0.0,0.0,0.0,0.0,0.0,0.0,0.0,0.0,0.0,0.0,0.0,0.0,0.0,0.0,0.0,0.0,0.0,0.0,0.0,0.0,0.0,0.0,0.0,0.0,0.0,0.0,0.0,0.0,0.0,0.0,0.0,0.0,0.0,0.0,0.0,0.0,1.0,0.0,0.0,0.0,0.0,0.0,0.0,0.0,0.0,0.0,0.0,0.0,0.0,0.0,0.0,0.0,0.0,0.0,0.0,0.0,0.0,0.0,0.0,0.0,0.0,0.0,0.0,0.0,0.0,0.0,0.0,0.0,0.0,0.0,0.0,0.0,0.0,0.0,0.0,0.0,0.0,0.0,0.0,0.0,0.0,0.0,0.0,0.0,0.0,0.0,0.0
5.0,2026-03-04,"3회차 방문 -> 최근 일요일 오전 11시 기준 웨이팅 50분했음. 성심당은 최고임,,, 그리고 무조건 본점 가야함
첫번째 사진 : 2...",0,78,3회차 방문 최근 일요일 오전 11시 기준 웨이팅 50분했음 성심당은 최고임 그리고 무조건 본점 가야함 첫번째 사진 2,3회차 방문 최근 일요일 오전 11시 기준 웨이팅 50분했음 성심당 최고임 무조건 본점 가야함 첫번째 사진,2026,3,2026-03,1,2,수,0,66,16,긍정,1,0.0,0.0,0.0,0.0,0.0,0.0,0.0,0.0,0.0,0.0,0.0,0.0,0.0,0.0,0.0,0.0,0.0,0.0,0.0,0.0,0.0,0.0,0.0,0.0,0.0,0.0,0.0,0.0,0.0,0.0,0.0,0.0,0.0,0.0,0.0,0.0,0.0,0.4794580696874213,0.0,0.47015493027214483,0.0,0.43358144562128437,0.0,0.0,0.0,0.0,0.0,0.0,0.0,0.0,0.0,0.0,0.0,0.0,0.0,0.0,0.2566768140386286,0.0,0.0,0.0,0.0,0.0,0.41180060781615246,0.35442728944395707,0.0,0.0,0.0,0.0,0.0,0.0,0.0,0.0,0.0,0.0,0.0,0.0,0.0,0.0,0.0,0.0,0.0,0.0,0.0,0.0,0.0,0.0,0.0,0.0,0.0,0.0,0.0,0.0,0.0,0.0,0.0,0.0,0.0,0.0,0.0,0.0
5.0,2026-03-08,"5.0점

토요일 2시방문 50분 웨이팅하고 들어갔어요...",0,33,5 0점 토요일 2시방문 50분 웨이팅하고 들어갔어요,0점 토요일 2시방문 50분 웨이팅 들어갔어요,2026,3,2026-03,1,6,일,1,29,6,긍정,1,0.0,0.0,0.0,0.0,0.0,0.0,0.0,0.0,0.0,0.0,0.0,0.0,0.0,0.0,0.0,0.0,0.0,0.0,0.0,0.0,0.0,0.0,0.0,0.0,0.0,0.0,0.0,0.0,0.0,0.0,0.0,0.0,0.0,0.0,0.0,0.0,0.0,0.0,0.0,0.0,0.0,0.0,0.0,0.0,0.0,0.0,0.0,0.0,0.0,0.0,0.0,0.0,0.0,0.0,0.0,0.0,0.0,0.0,0.0,0.0,0.0,0.0,0.0,0.5862779774012553,0.0,0.0,0.0,0.0,0.0,0.0,0.0,0.0,0.0,0.0,0.0,0.0,0.0,0.0,0.0,0.0,0.0,0.0,0.0,0.0,0.0,0.0,0.0,0.0,0.0,0.0,0.8101099513117298,0.0,0.0,0.0,0.0,0.0,0.0,0.0,0.0,0.0
5.0,2026-03-09,"본점이 빵 종류 훨씬 많아서 좋아요
대전 갈 때마다 들려야겠음",0,34,본점이 빵 종류 훨씬 많아서 좋아요 대전 갈 때마다 들려야겠음,본점 종류 훨씬 많아서 좋아요 대전 때마다 들려야겠음,2026,3,2026-03,1,0,월,0,34,8,긍정,0,0.0,0.0,0.0,0.0,0.0,0.0,0.0,0.0,0.0,0.0,0.0,0.0,0.309891813538712,0.0,0.0,0.0,0.0,0.4491343634550796,0.0,0.0,0.0,0.0,0.0,0.0,0.0,0.0,0.0,0.0,0.0,0.0,0.0,0.0,0.0,0.0,0.0,0.0,0.0,0.0,0.0,0.0,0.0,0.48382000353626303,0.0,0.0,0.0,0.0,0.0,0.0,0.0,0.0,0.0,0.0,0.0,0.0,0.0,0.0,0.0,0.0,0.0,0.0,0.0,0.0,0.0,0.0,0.0,0.0,0.0,0.0,0.0,0.0,0.0,0.0,0.0,0.0,0.0,0.0,0.0,0.48382000353626303,0.0,0.48382000353626303,0.0,0.0,0.0,0.0,0.0,0.0,0.0,0.0,0.0,0.0,0.0,0.0,0.0,0.0,0.0,0.0,0.0,0.0,0.0,0.0
5.0,2026-03-09,"주말에 웨이팅 오전에 대략 1시간기다림.
가성비 매우 훌륭함.. 이게 한국의 빵값 평균이했음. 맛 중상. 크기 좋음.
튀소류들 맛좋아요.",0,76,주말에 웨이팅 오전에 대략 1시간기다림 가성비 매우 훌륭함 이게 한국의 빵값 평균이했음 맛 중상 크기 좋음 튀소류들 맛좋아요,주말 웨이팅 오전 대략 1시간기다림 가성비 훌륭함 이게 한국 빵값 평균이했음 중상 크기 좋음 튀소류들 맛좋아요,2026,3,2026-03,1,0,월,0,69,16,긍정,1,0.0,0.0,0.0,0.4516102237791999,0.0,0.0,0.0,0.0,0.0,0.0,0.0,0.0,0.0,0.0,0.0,0.0,0.0,0.0,0.0,0.0,0.0,0.0,0.0,0.0,0.0,0.0,0.0,0.0,0.0,0.0,0.0,0.0,0.0,0.0,0.0,0.0,0.0,0.0,0.0,0.0,0.0,0.0,0.0,0.0,0.0,0.0,0.0,0.0,0.0,0.0,0.0,0.0,0.0,0.0,0.0,0.0,0.0,0.0,0.0,0.0,0.0,0.0,0.5365425321697317,0.46178978791894854,0.0,0.0,0.0,0.0,0.0,0.0,0.0,0.0,0.0,0.0,0.0,0.0,0.0,0.0,0.0,0.0,0.0,0.5430658419793736,0.0,0.0,0.0,0.0,0.0,0.0,0.0,0.0,0.0,0.0,0.0,0.0,0.0,0.0,0.0,0.0,0.0,0.0
5.0,2026-03-13,"평일 저녁방문
수월하게 샀네요 
가격도 좋고 맛도 좋고^^ 담날 먹으니 더 맛났네용",0,46,평일 저녁방문 수월하게 샀네요 가격도 좋고 맛도 좋고 담날 먹으니 더 맛났네용,평일 저녁방문 수월하게 샀네요 가격 좋고 맛도 좋고 담날 먹으니 맛났네용,2026,3,2026-03,1,4,금,0,43,11,긍정,0,0.2812290062538302,0.0,0.0,0.0,0.0,0.0,0.0,0.0,0.0,0.0,0.0,0.0,0.0,0.0,0.0,0.0,0.0,0.0,0.0,0.0,0.0,0.0,0.39181856340452303,0.0,0.0,0.0,0.0,0.0,0.0,0.0,0.0,0.0,0.0,0.0,0.0,0.0,0.0,0.0,0.0,0.0,0.0,0.0,0.0,0.0,0.0,0.0,0.0,0.0,0.0,0.0,0.0,0.0,0.0,0.0,0.0,0.0,0.0,0.0,0.0,0.0,0.0,0.0,0.0,0.0,0.0,0.0,0.0,0.0,0.0,0.0,0.0,0.0,0.0,0.0,0.0,0.0,0.0,0.0,0.8049817417607322,0.0,0.0,0.0,0.0,0.0,0.0,0.0,0.0,0.0,0.0,0.0,0.0,0.0,0.0,0.0,0.0,0.34553271168582117,0.0,0.0,0.0,0.0
5.0,2026-03-16,다음에 꼭 또 먹을 것: 순수롤 다른 맛,0,22,다음에 꼭 또 먹을 것 순수롤 다른 맛,다음 먹을 순수롤 다른,2026,3,2026-03,1,0,월,0,21,4,긍정,0,0.0,0.0,0.0,0.0,0.0,0.0,0.0,0.0,0.0,0.644125771559624,0.0,0.0,0.0,0.0,0.0,0.0,0.0,0.0,0.0,0.0,0.0,0.0,0.0,0.0,0.0,0.0,0.0,0.0,0.0,0.0,0.0,0.0,0.0,0.0,0.764919597351721,0.0,0.0,0.0,0.0,0.0,0.0,0.0,0.0,0.0,0.0,0.0,0.0,0.0,0.0,0.0,0.0,0.0,0.0,0.0,0.0,0.0,0.0,0.0,0.0,0.0,0.0,0.0,0.0,0.0,0.0,0.0,0.0,0.0,0.0,0.0,0.0,0.0,0.0,0.0,0.0,0.0,0.0,0.0,0.0,0.0,0.0,0.0,0.0,0.0,0.0,0.0,0.0,0.0,0.0,0.0,0.0,0.0,0.0,0.0,0.0,0.0,0.0,0.0,0.0,0.0
5.0,2026-03-21,"대전 갈때마다 꼭 방문하는 맛집 !!
가격들도 너무 착하고 빵도 너무나 맛있어요 👍👍

•강추메뉴💓
튀소구마🍠- 제 ...",4,68,대전 갈때마다 꼭 방문하는 맛집 가격들도 너무 착하고 빵도 너무나 맛있어요 강추메뉴 튀소구마 제,대전 갈때마다 방문하 맛집 가격들 빵도 너무나 맛있어요 강추메뉴 튀소구마,2026,3,2026-03,1,5,토,1,53,10,긍정,0,0.0,0.0,0.0,0.0,0.0,0.0,0.0,0.0,0.0,0.0,0.0,0.0,0.359745244957321,0.0,0.0,0.0,0.0,0.0,0.0,0.0,0.0,0.0,0.0,0.0,0.0,0.0,0.0,0.0,0.4556546192700513,0.0,0.0,0.0,0.0,0.0,0.0,0.0,0.0,0.0,0.0,0.0,0.0,0.0,0.0,0.0,0.5103864381685761,0.0,0.0,0.0,0.0,0.0,0.0,0.0,0.0,0.0,0.0,0.0,0.0,0.0,0.0,0.0,0.0,0.0,0.0,0.0,0.0,0.0,0.0,0.0,0.0,0.0,0.0,0.0,0.0,0.0,0.0,0.0,0.0,0.0,0.0,0.0,0.0,0.0,0.0,0.0,0.0,0.0,0.0,0.0,0.0,0.0,0.0,0.0,0.0,0.6344035863723154,0.0,0.0,0.0,0.0,0.0,0.0
5.0,2026-03-25,대전의 전부. 빵을 이렇게 사도 돈이 이만큼 밖에 안 나오는게 맞나 싶어서 놀라는 곳.,0,48,대전의 전부 빵을 이렇게 사도 돈이 이만큼 밖에 안 나오는게 맞나 싶어서 놀라는 곳,대전 전부 빵을 이렇게 사도 돈이 이만큼 밖에 나오는게 맞나 싶어서 놀라,2026,3,2026-03,1,2,수,0,46,12,긍정,0,0.0,0.0,0.0,0.0,0.0,0.0,0.0,0.0,0.0,0.0,0.0,0.0,0.33457021240277296,0.0,0.0,0.0,0.0,0.0,0.0,0.0,0.0,0.0,0.0,0.0,0.0,0.0,0.0,0.0,0.0,0.0,0.0,0.0,0.0,0.0,0.0,0.0,0.0,0.0,0.5776182844498021,0.0,0.0,0.0,0.0,0.0,0.0,0.0,0.0,0.4698691391348218,0.0,0.0,0.0,0.0,0.0,0.0,0.0,0.0,0.0,0.0,0.0,0.0,0.0,0.0,0.0,0.0,0.0,0.5776182844498021,0.0,0.0,0.0,0.0,0.0,0.0,0.0,0.0,0.0,0.0,0.0,0.0,0.0,0.0,0.0,0.0,0.0,0.0,0.0,0.0,0.0,0.0,0.0,0.0,0.0,0.0,0.0,0.0,0.0,0.0,0.0,0.0,0.0,0.0
5.0,2026-03-27,"말차 너무 맛있어용
말차튀소 진짜 맛있는데 한개만 사서 아숩ㅠ ㅠ",0,36,말차 너무 맛있어용 말차튀소 진짜 맛있는데 한개만 사서 아숩,말차 맛있어용 말차튀소 맛있는데 한개 사서 아숩,2026,3,2026-03,1,4,금,0,33,7,긍정,0,0.0,0.0,0.0,0.0,0.0,0.0,0.0,0.0,0.0,0.0,0.0,0.0,0.0,0.0,0.0,0.0,0.0,0.0,0.0,0.0,0.0,0.0,0.0,0.0,0.0,0.0,0.0,0.0,0.0,0.0,0.0,0.0,0.0,0.0,0.0,0.0,0.0,0.0,0.0,0.0,0.0,0.0,0.0,0.0,0.0,0.0,0.0,0.0,0.0,0.0,0.0,0.0,1.0,0.0,0.0,0.0,0.0,0.0,0.0,0.0,0.0,0.0,0.0,0.0,0.0,0.0,0.0,0.0,0.0,0.0,0.0,0.0,0.0,0.0,0.0,0.0,0.0,0.0,0.0,0.0,0.0,0.0,0.0,0.0,0.0,0.0,0.0,0.0,0.0,0.0,0.0,0.0,0.0,0.0,0.0,0.0,0.0,0.0,0.0,0.0
5.0,2026-03-28,"순 크림빵 꼭 드셔보세요 진짜 대존맛🤤
빵도 많이 담았다 생각했는데 얼마 안나왔어요..!!",1,50,순 크림빵 꼭 드셔보세요 진짜 대존맛 빵도 많이 담았다 생각했는데 얼마 안나왔어요,크림빵 드셔보세요 대존맛 빵도 담았다 생각했는데 얼마 안나왔어요,2026,3,2026-03,1,5,토,1,45,8,긍정,0,0.0,0.0,0.0,0.0,0.0,0.0,0.0,0.0,0.0,0.0,0.0,0.0,0.0,0.0,0.0,0.0,0.0,0.0,0.0,0.0,0.0,0.0,0.0,0.0,0.0,0.0,0.0,0.0,0.0,0.0,0.0,0.0,0.0,0.0,0.0,0.0,0.0,0.0,0.0,0.0,0.0,0.0,0.0,0.0,1.0,0.0,0.0,0.0,0.0,0.0,0.0,0.0,0.0,0.0,0.0,0.0,0.0,0.0,0.0,0.0,0.0,0.0,0.0,0.0,0.0,0.0,0.0,0.0,0.0,0.0,0.0,0.0,0.0,0.0,0.0,0.0,0.0,0.0,0.0,0.0,0.0,0.0,0.0,0.0,0.0,0.0,0.0,0.0,0.0,0.0,0.0,0.0,0.0,0.0,0.0,0.0,0.0,0.0,0.0,0.0
3.0,2026-04-02,튀김소보로 4종 순수롤 샌드위치 외5종류 먹어봤는데 기대가컸던가 그냥 저냥 그렇다면 싼가? 다들 가성비 가성비하던데 얼마나 비싼빵 드시길래 동네 가성비빵 맛과 가격면에서 이정돈 흔할껀데  별로였음 튀김소보로 기름냄새 역했음,0,124,튀김소보로 4종 순수롤 샌드위치 외5종류 먹어봤는데 기대가컸던가 그냥 저냥 그렇다면 싼가 다들 가성비 가성비하던데 얼마나 비싼빵 드시길래 동네 가성비빵 맛과 가격면에서 이정돈 흔할껀데 별로였음 튀김소보로 기름냄새 역했음,튀김소보로 4종 순수롤 샌드위치 외5종류 먹어봤는데 기대가컸던 저냥 그렇다면 싼가 다들 가성비 가성비하던데 얼마나 비싼빵 드시길래 동네 가성비빵 맛과 가격면 이정돈 흔할껀데 별로였음 튀김소보로 기름냄새 역했음,2026,4,2026-04,2,3,목,0,122,26,중립,0,0.0,0.0,0.0,0.2763273262539521,0.0,0.0,0.0,0.0,0.3995968128147788,0.0,0.0,0.0,0.0,0.0,0.0,0.0,0.0,0.0,0.0,0.0,0.0,0.0,0.0,0.0,0.0,0.0,0.0,0.0,0.0,0.0,0.0,0.0,0.0,0.40998765765182105,0.0,0.0,0.0,0.0,0.0,0.0,0.0,0.0,0.0,0.0,0.0,0.0,0.0,0.0,0.0,0.0,0.0,0.0,0.0,0.0,0.36181666028432097,0.0,0.0,0.0,0.0,0.0,0.0,0.0,0.0,0.0,0.0,0.0,0.0,0.0,0.0,0.0,0.0,0.0,0.0,0.0,0.0,0.0,0.0,0.0,0.0,0.0,0.0,0.0,0.0,0.0,0.0,0.0,0.0,0.0,0.0,0.0,0.0,0.6818829964645591,0.0,0.0,0.0,0.0,0.0,0.0,0.0,0.0
1.0,2026-04-11,"다른건 둘째 치고 빵써는 알바분 눈치 엄청줌..
빵이 많았던것도 있는데 한개를 사던 여러개를 사던 그 만큼 값을 지불했기 때문에 그만한 서비스를 받는게 맞다고 생각함. 근데 안써는 빵 두개 빼고 한 봉지 드렸는데 안...",0,123,다른건 둘째 치고 빵써는 알바분 눈치 엄청줌 빵이 많았던것도 있는데 한개를 사던 여러개를 사던 그 만큼 값을 지불했기 때문에 그만한 서비스를 받는게 맞다고 생각함 근데 안써는 빵 두개 빼고 한 봉지 드렸는데 안,다른건 둘째 치고 빵써 알바분 눈치 엄청줌 빵이 많았던것 있는데 한개 사던 여러개 사던 만큼 값을 지불했기 그만한 서비스 받는게 맞다고 생각함 안써 두개 빼고 봉지 드렸는데,2026,4,2026-04,2,5,토,1,117,27,부정,0,0.0,0.0,0.0,0.0,0.0,0.0,0.0,0.0,0.0,0.0,0.0,0.0,0.0,0.0,0.0,0.0,0.0,0.0,0.0,0.0,0.0,0.0,0.0,0.0,0.0,0.0,0.0,0.0,0.0,0.0,0.0,0.0,0.0,0.0,0.0,0.0,0.0,0.0,0.0,0.0,0.0,0.0,0.0,0.0,0.0,0.0,0.0,0.0,1.0,0.0,0.0,0.0,0.0,0.0,0.0,0.0,0.0,0.0,0.0,0.0,0.0,0.0,0.0,0.0,0.0,0.0,0.0,0.0,0.0,0.0,0.0,0.0,0.0,0.0,0.0,0.0,0.0,0.0,0.0,0.0,0.0,0.0,0.0,0.0,0.0,0.0,0.0,0.0,0.0,0.0,0.0,0.0,0.0,0.0,0.0,0.0,0.0,0.0,0.0,0.0
5.0,2026-04-12,최강삼성 승리하리라....,0,14,최강삼성 승리하리라,최강삼성 승리하리라,2026,4,2026-04,2,6,일,1,10,2,긍정,0,0.0,0.0,0.0,0.0,0.0,0.0,0.0,0.0,0.0,0.0,0.0,0.0,0.0,0.0,0.0,0.0,0.0,0.0,0.0,0.0,0.0,0.0,0.0,0.0,0.0,0.0,0.0,0.0,0.0,0.0,0.0,0.0,0.0,0.0,0.0,0.0,0.0,0.0,0.0,0.0,0.0,0.0,0.0,0.0,0.0,0.0,0.0,0.0,0.0,0.0,0.0,0.0,0.0,0.0,0.0,0.0,0.0,0.0,0.0,0.0,0.0,0.0,0.0,0.0,0.0,0.0,0.0,0.0,0.0,0.0,0.0,0.0,0.0,0.0,0.0,0.0,0.0,0.0,0.0,0.0,0.0,0.0,0.0,0.0,0.0,0.0,0.0,0.0,0.0,0.0,0.0,0.0,0.0,0.0,0.0,0.0,0.0,0.0,0.0,0.0
5.0,2026-04-13,말해모해... 성심당 최고❤️,1,16,말해모해 성심당 최고,말해모해 성심당 최고,2026,4,2026-04,2,0,월,0,11,3,긍정,0,0.0,0.0,0.0,0.0,0.0,0.0,0.0,0.0,0.0,0.0,0.0,0.0,0.0,0.0,0.0,0.0,0.0,0.0,0.0,0.0,0.0,0.0,0.0,0.0,0.0,0.0,0.0,0.0,0.0,0.0,0.0,0.0,0.0,0.0,0.0,0.0,0.0,0.0,0.0,0.0,0.0,0.0,0.0,0.0,0.0,0.0,0.0,0.0,0.0,0.0,0.0,0.0,0.0,0.0,0.0,0.0,0.5195860052542637,0.0,0.0,0.0,0.0,0.0,0.0,0.0,0.0,0.0,0.0,0.0,0.0,0.0,0.0,0.0,0.0,0.0,0.0,0.0,0.0,0.0,0.0,0.0,0.0,0.0,0.0,0.0,0.0,0.0,0.0,0.8544181547368457,0.0,0.0,0.0,0.0,0.0,0.0,0.0,0.0,0.0,0.0,0.0,0.0
5.0,2026-04-15,"이사 오기 전에는 소문만 들었는데, 3월에 대전으로 이사온 후로는 성심당찐팬이 되었어요. 맛도 좋고 가성비도 좋고~성심당 최고입니다^^",0,75,이사 오기 전에는 소문만 들었는데 3월에 대전으로 이사온 후로는 성심당찐팬이 되었어요 맛도 좋고 가성비도 좋고 성심당 최고입니다,이사 오기 전에 소문 들었는데 3월 대전 이사온 후로 성심당찐팬 되었어요 맛도 좋고 가성비 좋고 성심당 최고입니다,2026,4,2026-04,2,2,수,0,71,17,긍정,0,0.0,0.0,0.0,0.31730439100215574,0.0,0.0,0.0,0.0,0.0,0.0,0.0,0.0,0.25422980275673823,0.0,0.0,0.0,0.0,0.0,0.0,0.0,0.0,0.0,0.3863929117835612,0.0,0.0,0.0,0.0,0.0,0.0,0.0,0.0,0.0,0.0,0.0,0.0,0.0,0.0,0.0,0.0,0.0,0.0,0.0,0.0,0.0,0.0,0.0,0.0,0.0,0.0,0.0,0.0,0.0,0.0,0.0,0.0,0.0,0.23497200800235524,0.0,0.0,0.0,0.0,0.0,0.0,0.0,0.0,0.0,0.0,0.0,0.0,0.0,0.0,0.0,0.0,0.0,0.0,0.0,0.0,0.0,0.7938348720104094,0.0,0.0,0.0,0.0,0.0,0.0,0.0,0.0,0.0,0.0,0.0,0.0,0.0,0.0,0.0,0.0,0.0,0.0,0.0,0.0,0.0
5.0,2026-04-16,"성심당 때문에 대전 방문,,
빵이 진짜 저렴하긴함...
그리고 튀김소보로 유명한 이유 알...",0,52,성심당 때문에 대전 방문 빵이 진짜 저렴하긴함 그리고 튀김소보로 유명한 이유 알,성심당 대전 방문 빵이 저렴하긴함 튀김소보로 유명한 이유,2026,4,2026-04,2,3,목,0,44,8,긍정,0,0.0,0.0,0.0,0.0,0.0,0.0,0.0,0.0,0.0,0.0,0.0,0.0,0.25818604685080243,0.0,0.0,0.0,0.0,0.0,0.0,0.0,0.0,0.0,0.0,0.0,0.0,0.0,0.0,0.0,0.0,0.0,0.0,0.0,0.0,0.0,0.0,0.0,0.0,0.0,0.0,0.4370959579627726,0.0,0.0,0.0,0.0,0.0,0.0,0.0,0.0,0.359036395419766,0.0,0.0,0.0,0.0,0.0,0.0,0.0,0.23862856836172125,0.0,0.0,0.0,0.0,0.0,0.0,0.0,0.4370959579627726,0.0,0.45530595989634753,0.0,0.0,0.0,0.0,0.0,0.0,0.0,0.0,0.0,0.0,0.0,0.0,0.0,0.0,0.0,0.0,0.0,0.0,0.0,0.0,0.0,0.0,0.0,0.0,0.397592716589791,0.0,0.0,0.0,0.0,0.0,0.0,0.0,0.0
5.0,2026-04-17,"맛, 가성비 모두 뛰어남!
그 중 최고는 무화과 파이, 초코바게트, 김치볶음밥, 무화과깜빠뉴, 안녕크레페 ㅠㅠㅠ",0,62,맛 가성비 모두 뛰어남 그 중 최고는 무화과 파이 초코바게트 김치볶음밥 무화과깜빠뉴 안녕크레페,가성비 모두 뛰어남 최고 무화 파이 초코바게트 김치볶음밥 무화과깜빠뉴 안녕크레페,2026,4,2026-04,2,4,금,0,52,10,긍정,0,0.0,0.0,0.0,0.634632189161446,0.0,0.0,0.0,0.0,0.0,0.0,0.0,0.0,0.0,0.0,0.0,0.0,0.0,0.0,0.0,0.0,0.0,0.0,0.0,0.0,0.0,0.0,0.0,0.0,0.0,0.0,0.0,0.0,0.0,0.0,0.0,0.0,0.0,0.0,0.0,0.0,0.0,0.0,0.0,0.0,0.0,0.0,0.0,0.0,0.0,0.0,0.0,0.0,0.0,0.0,0.0,0.0,0.0,0.0,0.0,0.0,0.0,0.0,0.0,0.0,0.0,0.0,0.0,0.0,0.0,0.0,0.0,0.0,0.0,0.0,0.0,0.0,0.0,0.0,0.0,0.0,0.0,0.0,0.0,0.0,0.0,0.0,0.0,0.7728143272999993,0.0,0.0,0.0,0.0,0.0,0.0,0.0,0.0,0.0,0.0,0.0,0.0
5.0,2026-04-24,"밤늦게 가서 빵이 별로 없었지만 가격이 저렴하고 맛있다.
튀김소보로가 진짜 맛있었다.
매일 가고 싶은 곳!",0,59,밤늦게 가서 빵이 별로 없었지만 가격이 저렴하고 맛있다 튀김소보로가 진짜 맛있었다 매일 가고 싶은 곳,밤늦게 가서 빵이 별로 없었지 가격 저렴 맛있다 튀김소보로 맛있었다 매일 가고 싶은,2026,4,2026-04,2,4,금,0,56,13,긍정,0,0.2409285073199768,0.3986191857869595,0.0,0.0,0.0,0.0,0.0,0.0,0.0,0.0,0.0,0.0,0.0,0.0,0.0,0.0,0.0,0.0,0.0,0.0,0.0,0.0,0.0,0.0,0.0,0.0,0.0,0.3812975858435862,0.0,0.3986191857869595,0.0,0.0,0.0,0.0,0.0,0.0,0.0,0.0,0.0,0.0,0.3986191857869595,0.0,0.0,0.0,0.0,0.0,0.0,0.0,0.30712565976908246,0.0,0.0,0.0,0.0,0.0,0.0,0.0,0.0,0.0,0.0,0.0,0.0,0.0,0.0,0.0,0.0,0.0,0.0,0.0,0.0,0.0,0.0,0.0,0.0,0.0,0.0,0.3314734427173415,0.0,0.0,0.0,0.0,0.0,0.0,0.0,0.0,0.0,0.0,0.0,0.0,0.0,0.0,0.0,0.34010737340223085,0.0,0.0,0.0,0.0,0.0,0.0,0.0,0.0
5.0,2026-04-24,성심당은 믿고 먹어도 됨 ㅎ,0,15,성심당은 믿고 먹어도 됨,성심당 믿고 먹어,2026,4,2026-04,2,4,금,0,13,3,긍정,0,0.0,0.0,0.0,0.0,0.0,0.0,0.0,0.0,0.0,0.0,0.0,0.0,0.0,0.0,0.0,0.0,0.0,0.0,0.0,0.0,0.0,0.0,0.0,0.0,0.0,0.0,0.0,0.0,0.0,0.0,0.0,0.0,0.0,0.0,0.0,0.0,0.0,0.0,0.0,0.0,0.0,0.0,0.0,0.0,0.0,0.0,0.0,0.0,0.0,0.0,0.0,0.0,0.0,0.0,0.0,0.0,1.0,0.0,0.0,0.0,0.0,0.0,0.0,0.0,0.0,0.0,0.0,0.0,0.0,0.0,0.0,0.0,0.0,0.0,0.0,0.0,0.0,0.0,0.0,0.0,0.0,0.0,0.0,0.0,0.0,0.0,0.0,0.0,0.0,0.0,0.0,0.0,0.0,0.0,0.0,0.0,0.0,0.0,0.0,0.0
1.0,2026-04-30,"웨이팅 줄 긴건 그냥 다들 새치기도 안하고 줄 잘 서서  그렇다치는데 본점 안에서가 더 질서를 잘지켜야되지않아요? 밖에서 줄 잘서면 뭐해요 안에서 다 새치기하는데
진짜 무질서의 끝을 보고 왔네요 오늘 매장 내에서나 줄 잘 세워요 고...",0,132,웨이팅 줄 긴건 그냥 다들 새치기도 안하고 줄 잘 서서 그렇다치는데 본점 안에서가 더 질서를 잘지켜야되지않아요 밖에서 줄 잘서면 뭐해요 안에서 다 새치기하는데 진짜 무질서의 끝을 보고 왔네요 오늘 매장 내에서나 줄 잘 세워요 고,웨이팅 긴건 다들 새치기 서서 그렇다치는데 본점 질서 잘지켜야되지않아요 잘서면 뭐해요 새치기하는데 무질서 끝을 보고 왔네요 오늘 매장 내에서나 세워요,2026,4,2026-04,2,3,목,0,127,20,부정,1,0.0,0.0,0.0,0.0,0.0,0.0,0.0,0.0,0.5709068121381229,0.0,0.0,0.0,0.0,0.0,0.0,0.0,0.0,0.0,0.0,0.0,0.0,0.0,0.0,0.0,0.0,0.0,0.0,0.0,0.0,0.0,0.0,0.0,0.5169300391720848,0.0,0.0,0.0,0.0,0.0,0.0,0.0,0.0,0.4938455439546339,0.0,0.0,0.0,0.0,0.0,0.0,0.0,0.0,0.0,0.0,0.0,0.0,0.0,0.0,0.0,0.0,0.0,0.0,0.0,0.0,0.0,0.4036896396639192,0.0,0.0,0.0,0.0,0.0,0.0,0.0,0.0,0.0,0.0,0.0,0.0,0.0,0.0,0.0,0.0,0.0,0.0,0.0,0.0,0.0,0.0,0.0,0.0,0.0,0.0,0.0,0.0,0.0,0.0,0.0,0.0,0.0,0.0,0.0,0.0
5.0,2026-05-03,넘 맛있어요!!,0,8,넘 맛있어요,맛있어요,2026,5,2026-05,2,6,일,1,6,1,긍정,0,0.0,0.0,0.0,0.0,0.0,0.0,0.0,0.0,0.0,0.0,0.0,0.0,0.0,0.0,0.0,0.0,0.0,0.0,0.0,0.0,0.0,0.0,0.0,0.0,0.0,0.0,0.0,0.0,1.0,0.0,0.0,0.0,0.0,0.0,0.0,0.0,0.0,0.0,0.0,0.0,0.0,0.0,0.0,0.0,0.0,0.0,0.0,0.0,0.0,0.0,0.0,0.0,0.0,0.0,0.0,0.0,0.0,0.0,0.0,0.0,0.0,0.0,0.0,0.0,0.0,0.0,0.0,0.0,0.0,0.0,0.0,0.0,0.0,0.0,0.0,0.0,0.0,0.0,0.0,0.0,0.0,0.0,0.0,0.0,0.0,0.0,0.0,0.0,0.0,0.0,0.0,0.0,0.0,0.0,0.0,0.0,0.0,0.0,0.0,0.0
5.0,2026-05-05,"와...왜? 성심당 성심당 하는지 알겠더라구요..ㅅ.ㅅ
기다리는 줄이 너무 너무 길기는 해도 줄이 빠르게 빠르게 빠져서...기다릴만해요...",0,78,와 왜 성심당 성심당 하는지 알겠더라구요 기다리는 줄이 너무 너무 길기는 해도 줄이 빠르게 빠르게 빠져서 기다릴만해요,성심당 성심당 하는지 알겠더라구요 기다리 줄이 길기 해도 줄이 빠르게 빠르게 빠져서 기다릴만해요,2026,5,2026-05,2,1,화,0,65,13,긍정,1,0.0,0.0,0.0,0.0,0.0,0.0,0.0,0.0,0.0,0.0,0.0,0.0,0.0,0.0,0.0,0.0,0.0,0.0,0.0,0.0,0.0,0.0,0.0,0.0,0.0,0.0,0.0,0.0,0.0,0.0,0.0,0.0,0.0,0.0,0.0,0.0,0.0,0.0,0.0,0.0,0.0,0.0,0.0,0.0,0.0,0.0,0.0,0.0,0.0,0.0,0.0,0.0,0.0,0.0,0.0,0.0,0.5607933689881218,0.0,0.0,0.0,0.0,0.0,0.0,0.0,0.0,0.0,0.0,0.0,0.0,0.0,0.0,0.0,0.0,0.0,0.0,0.0,0.0,0.0,0.0,0.0,0.0,0.0,0.0,0.0,0.8279557942903427,0.0,0.0,0.0,0.0,0.0,0.0,0.0,0.0,0.0,0.0,0.0,0.0,0.0,0.0,0.0
5.0,2026-05-05,정진이 답사하여 먹수지리적으로 완벽한 곳 (上),0,26,정진이 답사하여 먹수지리적으로 완벽한 곳,정진 답사하여 먹수지리적 완벽한,2026,5,2026-05,2,1,화,0,22,4,긍정,0,0.0,0.0,0.0,0.0,0.0,0.0,0.0,0.0,0.0,0.0,0.0,0.0,0.0,0.0,0.0,0.0,0.0,0.0,0.0,0.0,0.0,0.0,0.0,0.0,0.0,0.0,0.0,0.0,0.0,0.0,0.0,0.0,0.0,0.0,0.0,0.0,0.0,0.0,0.0,0.0,0.0,0.0,0.0,0.0,0.0,0.0,0.0,0.0,0.0,0.0,0.0,0.0,0.0,0.0,0.0,0.0,0.0,0.0,0.0,0.0,0.0,0.0,0.0,0.0,0.0,0.0,0.0,0.0,0.0,0.0,0.0,0.0,0.0,0.0,0.0,0.0,0.0,0.0,0.0,0.0,0.0,0.0,0.0,0.0,0.0,0.0,0.0,0.0,0.0,0.0,0.0,0.0,0.0,0.0,0.0,0.0,0.0,0.0,0.0,0.0
5.0,2026-05-06,온누리도되고 너무 좋아요,0,13,온누리도되고 너무 좋아요,온누리도되고 좋아요,2026,5,2026-05,2,2,수,0,13,2,긍정,0,0.0,0.0,0.0,0.0,0.0,0.0,0.0,0.0,0.0,0.0,0.0,0.0,0.0,0.0,0.0,0.0,0.0,0.0,0.0,0.0,0.0,0.0,0.0,0.0,0.0,0.0,0.0,0.0,0.0,0.0,0.0,0.0,0.0,0.0,0.0,0.0,0.0,0.0,0.0,0.0,0.0,0.0,0.0,0.0,0.0,0.0,0.0,0.0,0.0,0.0,0.0,0.0,0.0,0.0,0.0,0.0,0.0,0.0,0.0,0.0,0.0,0.0,0.0,0.0,0.0,0.0,0.0,0.0,0.0,0.0,0.0,0.0,0.0,0.0,0.0,0.0,0.0,0.0,0.0,1.0,0.0,0.0,0.0,0.0,0.0,0.0,0.0,0.0,0.0,0.0,0.0,0.0,0.0,0.0,0.0,0.0,0.0,0.0,0.0,0.0
5.0,2026-05-13,아 대전 사람들 부럽다,0,12,아 대전 사람들 부럽다,대전 사람들 부럽다,2026,5,2026-05,2,2,수,0,12,3,긍정,0,0.0,0.0,0.0,0.0,0.0,0.0,0.0,0.0,0.0,0.0,0.0,0.0,0.5280544581109898,0.0,0.0,0.0,0.0,0.0,0.0,0.0,0.0,0.0,0.0,0.0,0.0,0.0,0.0,0.0,0.0,0.0,0.0,0.0,0.0,0.0,0.0,0.0,0.0,0.0,0.0,0.0,0.0,0.0,0.0,0.0,0.0,0.0,0.0,0.0,0.0,0.0,0.0,0.8492105093962915,0.0,0.0,0.0,0.0,0.0,0.0,0.0,0.0,0.0,0.0,0.0,0.0,0.0,0.0,0.0,0.0,0.0,0.0,0.0,0.0,0.0,0.0,0.0,0.0,0.0,0.0,0.0,0.0,0.0,0.0,0.0,0.0,0.0,0.0,0.0,0.0,0.0,0.0,0.0,0.0,0.0,0.0,0.0,0.0,0.0,0.0,0.0,0.0
1.0,2026-05-16,"맛은 좋습니다
그런데 직원 중 몇몇은 불친절하네요
사람 많아 치이면서 일하는거 많이 힘들겠지만
안그래도 사람많아 소리도 안들리는데 목소리는 ...",0,81,맛은 좋습니다 그런데 직원 중 몇몇은 불친절하네요 사람 많아 치이면서 일하는거 많이 힘들겠지만 안그래도 사람많아 소리도 안들리는데 목소리는,맛은 좋습니다 직원 몇몇 불친절하네요 사람 많아 치이면서 일하는거 힘들겠지 안그래 사람많아 소리 안들리는데 목소리,2026,5,2026-05,2,5,토,1,77,15,부정,0,0.0,0.0,0.0,0.0,0.0,0.0,0.0,0.0,0.0,0.0,0.0,0.0,0.0,0.0,0.0,0.0,0.6703834625775114,0.0,0.0,0.0,0.0,0.0,0.0,0.6319456387513677,0.0,0.0,0.0,0.0,0.0,0.0,0.0,0.0,0.0,0.0,0.0,0.0,0.0,0.0,0.0,0.0,0.0,0.0,0.0,0.0,0.0,0.0,0.0,0.0,0.0,0.0,0.3888839451117933,0.0,0.0,0.0,0.0,0.0,0.0,0.0,0.0,0.0,0.0,0.0,0.0,0.0,0.0,0.0,0.0,0.0,0.0,0.0,0.0,0.0,0.0,0.0,0.0,0.0,0.0,0.0,0.0,0.0,0.0,0.0,0.0,0.0,0.0,0.0,0.0,0.0,0.0,0.0,0.0,0.0,0.0,0.0,0.0,0.0,0.0,0.0,0.0,0.0
1.0,2026-05-26,"2시간 서서 기다렸습니다. 
이런게 문화라 한번 경험해봤습니다. 
다신 안 가겠습니다.",0,48,2시간 서서 기다렸습니다 이런게 문화라 한번 경험해봤습니다 다신 안 가겠습니다,2시간 서서 기다렸습니다 이런게 문화라 한번 경험해봤습니다 다신 가겠습니다,2026,5,2026-05,2,1,화,0,43,9,부정,1,0.0,0.0,0.0,0.0,0.0,0.0,0.0,0.0,0.0,0.0,0.0,0.0,0.0,0.0,0.0,0.0,0.0,0.0,0.0,0.0,0.0,0.0,0.0,0.0,0.0,0.0,0.0,0.0,0.0,0.0,0.0,0.0,0.0,0.0,0.0,0.0,0.0,0.0,0.0,0.0,0.0,0.0,0.0,0.0,0.0,0.0,0.0,0.0,0.0,0.0,0.0,0.0,0.0,0.0,0.0,0.0,0.0,0.0,0.0,0.0,0.0,0.0,0.0,0.0,0.0,0.0,0.0,0.0,0.0,0.0,0.0,0.0,0.0,0.0,0.0,0.0,0.0,0.0,0.0,0.0,0.0,0.0,0.0,0.0,0.0,0.0,0.0,0.0,0.0,0.0,0.0,0.0,0.0,0.0,0.0,0.0,0.0,0.0,0.0,0.0
5.0,2026-05-26,망고를 어디까지 넣어주시는거에효...??? 양 미쵸따 🤤🤤 실하니 아주그냥 입안에 망고 가득 행복 💛 성심당 갈려고 대전 여행 했는데 오길 잘했다 ㅎㅎ 성심당 짱 👏,4,92,망고를 어디까지 넣어주시는거에효 양 미쵸따 실하니 아주그냥 입안에 망고 가득 행복 성심당 갈려고 대전 여행 했는데 오길 잘했다 성심당 짱,망고 어디 넣어주시는거에효 미쵸따 실하니 아주그냥 입안 망고 가득 행복 성심당 갈려고 대전 여행 했는데 오길 잘했다 성심당,2026,5,2026-05,2,1,화,0,76,18,긍정,0,0.0,0.0,0.0,0.0,0.0,0.0,0.0,0.0,0.0,0.0,0.0,0.0,0.3570026770876368,0.0,0.0,0.0,0.0,0.0,0.0,0.0,0.0,0.0,0.0,0.0,0.0,0.0,0.0,0.0,0.0,0.0,0.0,0.0,0.0,0.0,0.0,0.0,0.0,0.0,0.0,0.0,0.0,0.0,0.0,0.0,0.0,0.0,0.0,0.0,0.0,0.0,0.0,0.0,0.0,0.0,0.0,0.0,0.6599197654081891,0.0,0.0,0.0,0.0,0.0,0.0,0.0,0.0,0.0,0.0,0.0,0.0,0.0,0.0,0.0,0.0,0.0,0.0,0.0,0.0,0.0,0.0,0.0,0.0,0.0,0.0,0.0,0.0,0.0,0.0,0.0,0.0,0.0,0.0,0.0,0.0,0.0,0.0,0.0,0.0,0.0,0.6611013475828508,0.0
5.0,2026-05-28,"줄은 진짜 너무 길지만ㅠㅠㅠ (연휴에 가서)
명란 안 좋아하는데 명란 바게트 진짜 맛있거 튀손
스테디하게 먹기 좋고 순수롤 맛있아...",0,75,줄은 진짜 너무 길지만 연휴에 가서 명란 안 좋아하는데 명란 바게트 진짜 맛있거 튀손 스테디하게 먹기 좋고 순수롤 맛있아,줄은 길지 연휴 가서 명란 좋아하는데 명란 바게트 맛있거 튀손 스테디하게 먹기 좋고 순수롤 맛있아,2026,5,2026-05,2,3,목,0,67,15,긍정,0,0.0,0.0,0.0,0.0,0.0,0.0,0.0,0.0,0.0,0.0,0.0,0.0,0.0,0.0,0.0,0.0,0.0,0.0,0.0,0.0,0.0,0.0,0.0,0.0,0.0,0.0,0.0,0.0,0.0,0.0,0.0,0.0,0.0,0.0,0.0,0.840605896758989,0.0,0.0,0.0,0.0,0.0,0.0,0.0,0.0,0.0,0.0,0.0,0.0,0.0,0.0,0.0,0.0,0.0,0.0,0.0,0.0,0.0,0.0,0.0,0.0,0.0,0.0,0.0,0.0,0.0,0.0,0.0,0.0,0.0,0.0,0.0,0.0,0.0,0.0,0.0,0.0,0.0,0.0,0.35435583108207225,0.0,0.0,0.0,0.0,0.40965066985438925,0.0,0.0,0.0,0.0,0.0,0.0,0.0,0.0,0.0,0.0,0.0,0.0,0.0,0.0,0.0,0.0
1.0,2026-06-16,"6/16 오전 치아바타 탔슈. 탄맛나유.🤕

굽기정도도 확인하고...",1,38,6 16 오전 치아바타 탔슈 탄맛나유 굽기정도도 확인하고,16 오전 치아바타 탔슈 탄맛나유 굽기정 확인,2026,6,2026-06,2,1,화,0,31,7,부정,0,0.0,0.0,0.0,0.0,0.0,0.0,0.0,0.0,0.0,0.0,0.0,0.0,0.0,0.0,0.0,0.0,0.0,0.0,0.0,0.0,0.0,0.0,0.0,0.0,0.0,0.0,0.0,0.0,0.0,0.0,0.0,0.0,0.0,0.0,0.0,0.0,0.0,0.0,0.0,0.0,0.0,0.0,0.0,0.0,0.0,0.0,0.0,0.0,0.0,0.0,0.0,0.0,0.0,0.0,0.0,0.0,0.0,0.0,0.0,0.0,0.0,0.0,1.0,0.0,0.0,0.0,0.0,0.0,0.0,0.0,0.0,0.0,0.0,0.0,0.0,0.0,0.0,0.0,0.0,0.0,0.0,0.0,0.0,0.0,0.0,0.0,0.0,0.0,0.0,0.0,0.0,0.0,0.0,0.0,0.0,0.0,0.0,0.0,0.0,0.0
5.0,2026-06-17,"사람 너무 많아서 현기증남
빵 전반적으로 가성비 죽이고 실...",0,35,사람 너무 많아서 현기증남 빵 전반적으로 가성비 죽이고 실,사람 많아서 현기증남 전반적 가성비 죽이고,2026,6,2026-06,2,2,수,0,32,6,긍정,0,0.0,0.0,0.0,0.575412720300553,0.0,0.0,0.0,0.0,0.0,0.0,0.0,0.0,0.0,0.0,0.0,0.0,0.0,0.6681839162177862,0.0,0.0,0.0,0.0,0.0,0.0,0.0,0.0,0.0,0.0,0.0,0.0,0.0,0.0,0.0,0.0,0.0,0.0,0.0,0.0,0.0,0.0,0.0,0.0,0.0,0.0,0.0,0.0,0.0,0.0,0.0,0.0,0.4716253337387424,0.0,0.0,0.0,0.0,0.0,0.0,0.0,0.0,0.0,0.0,0.0,0.0,0.0,0.0,0.0,0.0,0.0,0.0,0.0,0.0,0.0,0.0,0.0,0.0,0.0,0.0,0.0,0.0,0.0,0.0,0.0,0.0,0.0,0.0,0.0,0.0,0.0,0.0,0.0,0.0,0.0,0.0,0.0,0.0,0.0,0.0,0.0,0.0,0.0
5.0,2026-06-28,"🥯성심당만 100번이상 간사람의 꿀팁방출❤️

✔️웨이팅 평일에도 꾸준히 있음. 연말연초라 평균 평일1시간, 주말1시간30분 웨이팅
✔️5/10 기준 주말오전 웨이팅 40분...",4,99,성심당만 100번이상 간사람의 꿀팁방출 웨이팅 평일에도 꾸준히 있음 연말연초라 평균 평일1시간 주말1시간30분 웨이팅 5 10 기준 주말오전 웨이팅 40분,성심당 100번이상 간사람 꿀팁방출 웨이팅 평일 꾸준히 있음 연말연초라 평균 평일1시간 주말1시간30분 웨이팅 10 기준 주말오전 웨이팅 40분,2026,6,2026-06,2,6,일,1,86,18,긍정,1,0.0,0.0,0.0,0.0,0.0,0.0,0.0,0.0,0.0,0.0,0.0,0.0,0.0,0.0,0.0,0.0,0.0,0.0,0.0,0.0,0.0,0.0,0.0,0.0,0.0,0.0,0.0,0.0,0.0,0.0,0.0,0.0,0.0,0.0,0.0,0.0,0.0,0.0,0.0,0.0,0.0,0.0,0.0,0.0,0.0,0.0,0.0,0.0,0.0,0.0,0.0,0.0,0.0,0.0,0.0,0.0,0.20629203553991535,0.0,0.0,0.0,0.0,0.0,0.0,0.8545632833741477,0.0,0.0,0.0,0.0,0.0,0.0,0.0,0.0,0.0,0.37103919524447887,0.0,0.0,0.0,0.0,0.0,0.0,0.0,0.0,0.0,0.0,0.0,0.0,0.0,0.0,0.0,0.0,0.0,0.0,0.0,0.0,0.0,0.29915732712725596,0.0,0.0,0.0,0.0
5.0,2026-07-01,"6월 9일 이른 낮 기준 (본점, 케익부띠끄 두곳 다)

웨이팅 : 밖에서 웨이팅 10분도 안 했어요 사람이 생각보다 빨리 빨리 줄어들더라고요 계산 웨이팅도 조금밖에 안 했어...",0,100,6월 9일 이른 낮 기준 본점 케익부띠끄 두곳 다 웨이팅 밖에서 웨이팅 10분도 안 했어요 사람이 생각보다 빨리 빨리 줄어들더라고요 계산 웨이팅도 조금밖에 안 했어,6월 9일 이른 기준 본점 케익부띠끄 두곳 웨이팅 웨이팅 10분 사람 생각 빨리 빨리 줄어들더라고요 계산 웨이팅 조금밖 했어,2026,7,2026-07,3,2,수,0,91,19,긍정,1,0.0,0.0,0.0,0.0,0.0,0.0,0.0,0.0,0.0,0.0,0.0,0.0,0.0,0.0,0.0,0.0,0.0,0.0,0.0,0.0,0.0,0.0,0.0,0.0,0.0,0.0,0.0,0.0,0.0,0.0,0.0,0.0,0.0,0.0,0.0,0.0,0.0,0.0,0.0,0.0,0.0,0.2789079695489067,0.0,0.5838906896669999,0.0,0.0,0.0,0.0,0.0,0.0,0.18274878408292566,0.0,0.0,0.0,0.0,0.28296024991145635,0.0,0.0,0.0,0.0,0.0,0.0,0.0,0.6839725037810802,0.0,0.0,0.0,0.0,0.0,0.0,0.0,0.0,0.0,0.0,0.0,0.0,0.0,0.0,0.0,0.0,0.0,0.0,0.0,0.0,0.0,0.0,0.0,0.0,0.0,0.0,0.0,0.0,0.0,0.0,0.0,0.0,0.0,0.0,0.0,0.0
5.0,2026-07-06,"20여분만에 입장,,, 착한가격에",0,18,20여분만에 입장 착한가격에,20여분 입장 착한가격,2026,7,2026-07,3,0,월,0,15,3,긍정,0,0.0,0.0,0.0,0.0,0.0,0.0,0.0,0.0,0.0,0.0,0.0,0.0,0.0,0.0,0.0,0.0,0.0,0.0,0.0,0.0,0.0,0.0,0.0,0.0,0.0,0.0,0.0,0.0,0.0,0.0,0.0,0.0,0.0,0.0,0.0,0.0,0.0,0.0,0.0,0.0,0.0,0.0,0.0,0.0,0.0,0.0,0.0,0.0,0.0,0.0,0.0,0.0,0.0,0.0,0.0,0.0,0.0,0.0,0.0,0.0,0.0,0.0,0.0,0.0,0.0,0.0,0.0,0.0,0.0,0.0,1.0,0.0,0.0,0.0,0.0,0.0,0.0,0.0,0.0,0.0,0.0,0.0,0.0,0.0,0.0,0.0,0.0,0.0,0.0,0.0,0.0,0.0,0.0,0.0,0.0,0.0,0.0,0.0,0.0,0.0
5.0,2026-07-08,또 가고싶당,0,6,또 가고싶당,가고싶당,2026,7,2026-07,3,2,수,0,6,1,긍정,0,0.0,0.0,0.0,0.0,0.0,0.0,0.0,0.0,0.0,0.0,0.0,0.0,0.0,0.0,0.0,0.0,0.0,0.0,0.0,0.0,0.0,0.0,0.0,0.0,0.0,0.0,0.0,0.0,0.0,0.0,0.0,0.0,0.0,0.0,0.0,0.0,0.0,0.0,0.0,0.0,0.0,0.0,0.0,0.0,0.0,0.0,0.0,0.0,0.0,0.0,0.0,0.0,0.0,0.0,0.0,0.0,0.0,0.0,0.0,0.0,0.0,0.0,0.0,0.0,0.0,0.0,0.0,0.0,0.0,0.0,0.0,0.0,0.0,0.0,0.0,0.0,0.0,0.0,0.0,0.0,0.0,0.0,0.0,0.0,0.0,0.0,0.0,0.0,0.0,0.0,0.0,0.0,0.0,0.0,0.0,0.0,0.0,0.0,0.0,0.0
4.0,2026-07-12,"주말은복잡아서중구난방장날분위기
케익은비싸고빵은싸고",0,27,주말은복잡아서중구난방장날분위기 케익은비싸고빵은싸고,주말은복잡아서중구난방장날분위기 케익은비싸고빵은싸고,2026,7,2026-07,3,6,일,1,27,2,긍정,0,0.0,0.0,0.0,0.0,0.0,0.0,0.0,0.0,0.0,0.0,0.0,0.0,0.0,0.0,0.0,0.0,0.0,0.0,0.0,0.0,0.0,0.0,0.0,0.0,0.0,0.0,0.0,0.0,0.0,0.0,0.0,0.0,0.0,0.0,0.0,0.0,0.0,0.0,0.0,0.0,0.0,0.0,0.0,0.0,0.0,0.0,0.0,0.0,0.0,0.0,0.0,0.0,0.0,0.0,0.0,0.0,0.0,0.0,0.0,0.0,0.0,0.0,0.0,0.0,0.0,0.0,0.0,0.0,0.0,0.0,0.0,0.0,0.0,0.0,0.0,0.0,0.0,0.0,0.0,0.0,0.0,0.0,0.0,0.0,0.0,0.0,0.0,0.0,0.0,0.0,0.0,0.0,0.0,0.0,0.0,0.0,0.0,0.0,0.0,0.0
5.0,2026-07-16,"성심당은 말모 말모
7월 주말에 방문하니까 웨이팅 20분 정도 했음
안내자분들 친절하시고 우산도 있어서 좋음
무...",0,65,성심당은 말모 말모 7월 주말에 방문하니까 웨이팅 20분 정도 했음 안내자분들 친절하시고 우산도 있어서 좋음 무,성심당 말모 말모 7월 주말 방문하니까 웨이팅 20분 했음 안내자분들 친절하시고 우산 있어서 좋음,2026,7,2026-07,3,3,목,0,62,14,긍정,1,0.0,0.0,0.0,0.0,0.0,0.0,0.0,0.0,0.0,0.0,0.0,0.0,0.0,0.0,0.0,0.0,0.0,0.0,0.0,0.0,0.0,0.0,0.0,0.0,0.0,0.0,0.0,0.0,0.0,0.0,0.0,0.0,0.0,0.0,0.0,0.0,0.0,0.0,0.0,0.0,0.0,0.0,0.0,0.0,0.0,0.0,0.0,0.0,0.0,0.0,0.0,0.0,0.0,0.0,0.0,0.0,0.33522446232421305,0.0,0.0,0.0,0.0,0.0,0.0,0.4628883133908543,0.0,0.0,0.0,0.0,0.0,0.0,0.0,0.0,0.6140306606962891,0.0,0.0,0.0,0.0,0.0,0.0,0.0,0.0,0.5443577104354188,0.0,0.0,0.0,0.0,0.0,0.0,0.0,0.0,0.0,0.0,0.0,0.0,0.0,0.0,0.0,0.0,0.0,0.0
